entityId;editorId;prefab;submarine;name;kind;baseDepth;effectiveDepth;frontZ;offset;side;clamped
1;1;"depthdecoyshell";"Orca";"Глубинная приманка";"Item";20;36;148.23;0;both;no
93;95;"railgunshell";"Orca";"Снаряд рельсотрона";"Item";20;36;148.239;0;both;no
94;96;"railgunshell";"Orca";"Снаряд рельсотрона";"Item";20;36;148.239;0;both;no
95;97;"railgunshell";"Orca";"Снаряд рельсотрона";"Item";20;36;148.24;0;both;no
96;98;"railgunshell";"Orca";"Снаряд рельсотрона";"Item";20;36;148.24;0;both;no
97;99;"railgunshell";"Orca";"Снаряд рельсотрона";"Item";20;36;148.24;0;both;no
98;100;"metalcrate";"Orca";"Металлический ящик";"Item";20;36;147.934;0;both;no
99;101;"redwire";"Orca";"Красный провод";"wire";4;7.2;148.24;0;both;no
100;102;"oxygentankshelf2";"Orca";"Полка для хранения кислородных баллонов";"Item";20;36;157.114;0;both;no
101;103;"divingsuitlocker";"Orca";"Шкаф для водолазного костюма";"Item";21.56;38.808;157.114;0;both;no
102;104;"crateshelf";"Orca";"Стеллаж для ящиков";"Item";40.48;72.864;126.136;0;both;yes
103;105;"ShellA17deg";"Orca";"Обшивка A 17 градусов";"room-shell";16;400;-200;0;both;no
104;106;"lamp";"Orca";"Лампа";"Item";20;36;155.89;0;both;no
114;116;"doorwbuttons";"Orca";"Дверь с кнопками";"room-shell";20;400;-200;0;both;no
115;117;"loosevent";"Orca";"Приоткрытая вентиляция";"Item";28.16;50.688;148.312;0;both;yes
116;118;"redwire";"Orca";"Красный провод";"wire";4;7.2;148.242;0;both;no
117;119;"redwire";"Orca";"Красный провод";"wire";4;7.2;148.242;0;both;no
118;120;"doorwbuttons";"Orca";"Дверь с кнопками";"room-shell";20;400;-200;0;both;no
119;121;"bluewire";"Orca";"Синий провод";"wire";4;7.2;148.242;0;both;no
120;122;"bluewire";"Orca";"Синий провод";"wire";4;7.2;148.242;0;both;no
121;123;"bluewire";"Orca";"Синий провод";"wire";4;7.2;148.242;0;both;no
122;124;"bluewire";"Orca";"Синий провод";"wire";4;7.2;148.242;0;both;no
123;125;"notcomponent";"Orca";"Компонент ""Не""";"Item";20;36;155.892;0;both;no
124;126;"bluewire";"Orca";"Синий провод";"wire";4;7.2;148.242;0;both;no
125;127;"andcomponent";"Orca";"Компонент ""И""";"Item";20;36;155.893;0;both;no
127;129;"doorwbuttons";"Orca";"Дверь с кнопками";"room-shell";20;400;-200;0;both;no
128;130;"bluewire";"Orca";"Синий провод";"wire";4;7.2;148.243;0;both;no
129;131;"CableHolderVertical 2";"Orca";"Вертикальный кабель-канал";"Structure";4.32;7.776;157.423;0;both;no
130;132;"bluewire";"Orca";"Синий провод";"wire";4;7.2;148.243;0;both;no
131;133;"bluewire";"Orca";"Синий провод";"wire";4;7.2;148.243;0;both;no
132;134;"bluewire";"Orca";"Синий провод";"wire";4;7.2;148.243;0;both;no
133;135;"notcomponent";"Orca";"Компонент ""Не""";"Item";20;36;155.893;0;both;no
134;136;"bluewire";"Orca";"Синий провод";"wire";4;7.2;148.243;0;both;no
135;137;"andcomponent";"Orca";"Компонент ""И""";"Item";20;36;155.894;0;both;no
137;139;"doorwbuttons";"Orca";"Дверь с кнопками";"room-shell";20;400;-200;0;both;no
138;140;"bluewire";"Orca";"Синий провод";"wire";4;7.2;148.244;0;both;no
139;141;"bluewire";"Orca";"Синий провод";"wire";4;7.2;148.244;0;both;no
140;142;"bluewire";"Orca";"Синий провод";"wire";4;7.2;148.244;0;both;no
141;143;"bluewire";"Orca";"Синий провод";"wire";4;7.2;148.244;0;both;no
142;144;"notcomponent";"Orca";"Компонент ""Не""";"Item";20;36;155.894;0;both;no
143;145;"bluewire";"Orca";"Синий провод";"wire";4;7.2;148.244;0;both;no
144;146;"andcomponent";"Orca";"Компонент ""И""";"Item";20;36;155.894;0;both;no
146;148;"doorwbuttons";"Orca";"Дверь с кнопками";"room-shell";20;400;-200;0;both;no
147;149;"bluewire";"Orca";"Синий провод";"wire";4;7.2;148.245;0;both;no
148;150;"bluewire";"Orca";"Синий провод";"wire";4;7.2;148.245;0;both;no
149;151;"opbg_services1";"Orca";"Службы аванпоста – фон 1";"Structure";16;28.8;161.709;0;both;no
150;152;"bluewire";"Orca";"Синий провод";"wire";4;7.2;148.245;0;both;no
151;153;"bluewire";"Orca";"Синий провод";"wire";4;7.2;148.245;0;both;no
152;154;"notcomponent";"Orca";"Компонент ""Не""";"Item";20;36;155.895;0;both;no
153;155;"bluewire";"Orca";"Синий провод";"wire";4;7.2;148.245;0;both;no
154;156;"andcomponent";"Orca";"Компонент ""И""";"Item";20;36;155.895;0;both;no
156;158;"doorwbuttons";"Orca";"Дверь с кнопками";"room-shell";20;400;-200;0;both;no
157;159;"bluewire";"Orca";"Синий провод";"wire";4;7.2;148.246;0;both;no
158;160;"bluewire";"Orca";"Синий провод";"wire";4;7.2;148.246;0;both;no
159;161;"bluewire";"Orca";"Синий провод";"wire";4;7.2;148.246;0;both;no
160;162;"bluewire";"Orca";"Синий провод";"wire";4;7.2;148.246;0;both;no
161;163;"notcomponent";"Orca";"Компонент ""Не""";"Item";20;36;155.896;0;both;no
162;164;"bluewire";"Orca";"Синий провод";"wire";4;7.2;148.246;0;both;no
163;165;"andcomponent";"Orca";"Компонент ""И""";"Item";20;36;155.896;0;both;no
165;167;"redwire";"Orca";"Красный провод";"wire";4;7.2;148.247;0;both;no
166;168;"redwire";"Orca";"Красный провод";"wire";4;7.2;148.247;0;both;no
167;169;"redwire";"Orca";"Красный провод";"wire";4;7.2;148.247;0;both;no
169;171;"bluewire";"Orca";"Синий провод";"wire";4;7.2;148.247;0;both;no
174;176;"divingsuitlocker";"Orca";"Шкаф для водолазного костюма";"Item";21.56;38.808;157.121;0;both;no
175;177;"opbg_barracks3";"Orca";"Казармы аванпоста – фон 3";"Structure";4;7.2;161.406;0;both;no
177;179;"vent";"Orca";"Вентиляционный клапан";"Item";28.16;50.688;148.312;0;both;yes
178;180;"bluewire";"Orca";"Синий провод";"wire";4;7.2;148.248;0;both;no
179;181;"FF_Wall_B";"Orca";"Задняя стена – балласт А1";"Structure";5.6;10.08;161.987;0;both;no
181;183;"junctionbox";"Orca";"Кабельная коробка";"Item";23.76;42.768;155.898;0;both;no
182;184;"junctionbox";"Orca";"Кабельная коробка";"Item";23.76;42.768;155.898;0;both;no
184;186;"lightcomponent";"Orca";"Осветительный компонент";"Item";20;36;155.898;0;both;no
185;187;"junctionbox";"Orca";"Кабельная коробка";"Item";23.76;42.768;155.899;0;both;no
186;188;"statusmonitor";"Orca";"Монитор состояния";"Item";28.16;50.688;148.312;0;both;yes
187;189;"junctionbox";"Orca";"Кабельная коробка";"Item";23.76;42.768;155.899;0;both;no
188;190;"junctionbox";"Orca";"Кабельная коробка";"Item";23.76;42.768;155.899;0;both;no
189;191;"platform";"Orca";"Базовая платформа";"room-shell";4.16;400;-200;0;both;no
191;193;"navterminal";"Orca";"Навигационный терминал";"Item";66.88;120.384;78.616;0;both;yes
192;194;"button";"Orca";"Кнопка";"Item";20;36;155.899;0;both;no
193;195;"tailfinc";"Orca";"Хвостовой стабилизатор C";"Structure";14.4;25.92;158.959;0;both;no
194;196;"ff_y_wall";"Orca";"Большая вертикальная внутренняя стена";"room-shell";7.68;400;-200;0;both;no
196;198;"junctionbox";"Orca";"Кабельная коробка";"Item";23.76;42.768;155.9;0;both;no
197;199;"junctionbox";"Orca";"Кабельная коробка";"Item";23.76;42.768;155.9;0;both;no
198;200;"reactor1";"Orca";"Ядерный реактор";"Item";72;129.6;69.4;0;both;yes
199;201;"junctionbox";"Orca";"Кабельная коробка";"Item";23.76;42.768;155.9;0;both;no
200;202;"junctionbox";"Orca";"Кабельная коробка";"Item";23.76;42.768;155.9;0;both;no
201;203;"smallhorizontalback";"Orca";"Малая горизонтальная задняя стенка";"Structure";5.12;9.216;158.96;0;both;no
202;204;"ladder";"Orca";"Лестница";"Item";37;66.6;132.4;8;both;yes
203;205;"extinguisherbracket";"Orca";"Стойка огнетушителя";"Item";20;36;157.124;0;both;no
205;207;"searchlight";"Orca";"Прожектор";"Item";20;36;131.727;0;both;no
207;209;"shella42deg";"Orca";"Обшивка A 42";"room-shell";16;400;-200;0;both;no
208;210;"shella42deg";"Orca";"Обшивка A 42";"room-shell";16;400;-200;0;both;no
209;211;"tailfinc";"Orca";"Хвостовой стабилизатор C";"Structure";14.4;25.92;158.961;0;both;no
210;212;"tailfinc";"Orca";"Хвостовой стабилизатор C";"Structure";14.4;25.92;158.961;0;both;no
211;213;"finawingpart45";"Orca";"Крыло стабилизатора C 2";"Structure";16;28.8;161.562;0;both;no
212;214;"bluewire";"Orca";"Синий провод";"wire";4;7.2;148.251;0;both;no
213;215;"bluewire";"Orca";"Синий провод";"wire";4;7.2;148.251;0;both;no
214;216;"bluewire";"Orca";"Синий провод";"wire";4;7.2;148.251;0;both;no
216;218;"hatchwbuttons";"Orca";"Люк с кнопками";"room-shell";21.56;400;-200;0;both;no
218;220;"opbg_generic6";"Orca";"Обычная стена аванпоста 6";"Structure";16;28.8;161.41;0;both;no
219;221;"shella14degb";"Orca";"Обшивка A 14 градусов B";"room-shell";16;400;-200;0;both;no
220;222;"CableHolderHorizontal2";"Orca";"Горизонтальный кабель-канал";"Structure";4.48;8.064;157.432;0;both;no
221;223;"ladder";"Orca";"Лестница";"Item";37;66.6;132.4;8;both;yes
222;224;"waterdetector";"Orca";"Детектор воды";"Item";20;36;155.902;0;both;no
223;225;"battery";"Orca";"Батарея";"Item";25.96;46.728;152.272;0;both;yes
224;226;"battery";"Orca";"Батарея";"Item";25.96;46.728;152.272;0;both;yes
225;227;"fabricator";"Orca";"Фабрикатор";"Item";62.48;112.464;86.536;0;both;yes
226;228;"deconstructor";"Orca";"Деконструктор";"Item";53.24;95.832;103.168;0;both;yes
227;229;"CableHolderVertical 2";"Orca";"Вертикальный кабель-канал";"Structure";4.32;7.776;157.433;0;both;no
228;230;"extinguisherbracket";"Orca";"Стойка огнетушителя";"Item";20;36;157.127;0;both;no
229;231;"bluewire";"Orca";"Синий провод";"wire";4;7.2;148.253;0;both;no
230;232;"bluewire";"Orca";"Синий провод";"wire";4;7.2;148.253;0;both;no
231;233;"bluewire";"Orca";"Синий провод";"wire";4;7.2;148.253;0;both;no
232;234;"bluewire";"Orca";"Синий провод";"wire";4;7.2;148.253;0;both;no
233;235;"bluewire";"Orca";"Синий провод";"wire";4;7.2;148.253;0;both;no
234;236;"notcomponent";"Orca";"Компонент ""Не""";"Item";20;36;155.903;0;both;no
235;237;"andcomponent";"Orca";"Компонент ""И""";"Item";20;36;155.904;0;both;no
236;238;"delaycomponent";"Orca";"Компонент ""Задержки""";"Item";20;36;155.904;0;both;no
237;239;"motiondetector";"Orca";"Детектор движения";"Item";20;36;155.904;0;both;no
239;241;"hatchwbuttons";"Orca";"Люк с кнопками";"room-shell";21.56;400;-200;0;both;no
240;242;"bluewire";"Orca";"Синий провод";"wire";4;7.2;148.254;0;both;no
241;243;"crateshelf";"Orca";"Стеллаж для ящиков";"Item";40.48;72.864;126.136;0;both;yes
242;244;"suppliescabinet";"Orca";"Хозяйственный шкаф";"Item";22.88;41.184;157.128;0;both;no
243;245;"shella0deg";"Orca";"Обшивка A 0 градусов";"room-shell";5.6;400;-200;0;both;no
244;246;"emergencylight";"Orca";"Аварийная лампа";"Item";20;36;155.904;0;both;no
245;247;"ff_x_wall";"Orca";"Большая горизонтальная внутренняя стена";"room-shell";7.68;400;-200;0;both;no
248;250;"medicalfabricator";"Orca";"Медицинский фабрикатор";"Item";61.6;110.88;88.12;0;both;yes
249;251;"medcabinet";"Orca";"Аптечка";"Item";60.72;109.296;89.704;0;both;yes
250;252;"toxcabinet";"Orca";"Шкаф для хранения токсинов";"Item";27.28;49.104;149.896;0;both;yes
251;253;"mediumsteelcabinet";"Orca";"Средний стальной шкаф";"Item";23.76;42.768;156.232;0;both;yes
252;254;"ff_y_wall";"Orca";"Большая вертикальная внутренняя стена";"room-shell";7.68;400;-200;0;both;no
255;257;"opdeco_bunkbeds";"Orca";"Армейская койка";"Item";58.08;104.544;94.456;0;both;yes
256;258;"shella14degb";"Orca";"Обшивка A 14 градусов B";"room-shell";16;400;-200;0;both;no
257;259;"extinguisherbracket";"Orca";"Стойка огнетушителя";"Item";20;36;157.13;0;both;no
259;261;"mediumsteelcabinet";"Orca";"Средний стальной шкаф";"Item";23.76;42.768;156.232;0;both;yes
262;264;"opdeco_bunkbeds";"Orca";"Армейская койка";"Item";58.08;104.544;94.456;0;both;yes
263;265;"bluewire";"Orca";"Синий провод";"wire";4;7.2;148.256;0;both;no
264;266;"bluewire";"Orca";"Синий провод";"wire";4;7.2;148.256;0;both;no
265;267;"ff_y_wall";"Orca";"Большая вертикальная внутренняя стена";"room-shell";7.68;400;-200;0;both;no
266;268;"steelcabinet";"Orca";"Большой стальной шкаф";"Item";68.2;122.76;76.24;0;both;yes
267;269;"smallpump";"Orca";"Малый насос";"Item";20.68;37.224;155.907;0;both;no
268;270;"opbg_manageroffice3";"Orca";"Офис управляющего аванпоста – фон 3";"Structure";16;28.8;161.721;0;both;no
270;272;"ladder";"Orca";"Лестница";"Item";37;66.6;132.4;8;both;yes
271;273;"emergencylight";"Orca";"Аварийная лампа";"Item";20;36;155.907;0;both;no
272;274;"emergencylight";"Orca";"Аварийная лампа";"Item";20;36;155.907;0;both;no
273;275;"emergencylight";"Orca";"Аварийная лампа";"Item";20;36;155.907;0;both;no
274;276;"FF_Wall_C3";"Orca";"Задняя стена С3";"Structure";16;28.8;161.415;0;both;no
275;277;"opbg_barracks3";"Orca";"Казармы аванпоста – фон 3";"Structure";4;7.2;161.416;0;both;no
276;278;"ff_x_wall";"Orca";"Большая горизонтальная внутренняя стена";"room-shell";7.68;400;-200;0;both;no
277;279;"ff_y_wall";"Orca";"Большая вертикальная внутренняя стена";"room-shell";7.68;400;-200;0;both;no
278;280;"ff_x_wall";"Orca";"Большая горизонтальная внутренняя стена";"room-shell";7.68;400;-200;0;both;no
279;281;"ff_y_wall";"Orca";"Большая вертикальная внутренняя стена";"room-shell";7.68;400;-200;0;both;no
280;282;"ff_y_wall";"Orca";"Большая вертикальная внутренняя стена";"room-shell";7.68;400;-200;0;both;no
281;283;"ff_y_wall";"Orca";"Большая вертикальная внутренняя стена";"room-shell";7.68;400;-200;0;both;no
282;284;"ff_y_wall";"Orca";"Большая вертикальная внутренняя стена";"room-shell";7.68;400;-200;0;both;no
283;285;"ff_x_wall";"Orca";"Большая горизонтальная внутренняя стена";"room-shell";7.68;400;-200;0;both;no
284;286;"ff_x_wall";"Orca";"Большая горизонтальная внутренняя стена";"room-shell";7.68;400;-200;0;both;no
285;287;"ff_x_wall";"Orca";"Большая горизонтальная внутренняя стена";"room-shell";7.68;400;-200;0;both;no
286;288;"engine";"Orca";"Двигатель";"Item";72;129.6;69.4;0;both;yes
287;289;"FF_Wall_B";"Orca";"Задняя стена – балласт А1";"Structure";10.24;18.432;161.998;0;both;no
288;290;"bluewire";"Orca";"Синий провод";"wire";4;7.2;148.259;0;both;no
289;291;"ff_x_wall";"Orca";"Большая горизонтальная внутренняя стена";"room-shell";7.68;400;-200;0;both;no
290;292;"ff_x_wall";"Orca";"Большая горизонтальная внутренняя стена";"room-shell";7.68;400;-200;0;both;no
291;293;"ff_x_wall";"Orca";"Большая горизонтальная внутренняя стена";"room-shell";7.68;400;-200;0;both;no
292;294;"bluewire";"Orca";"Синий провод";"wire";4;7.2;148.259;0;both;no
293;295;"bluewire";"Orca";"Синий провод";"wire";4;7.2;148.259;0;both;no
294;296;"bluewire";"Orca";"Синий провод";"wire";4;7.2;148.259;0;both;no
295;297;"notcomponent";"Orca";"Компонент ""Не""";"Item";20;36;155.91;0;both;no
296;298;"andcomponent";"Orca";"Компонент ""И""";"Item";20;36;155.91;0;both;no
297;299;"delaycomponent";"Orca";"Компонент ""Задержки""";"Item";20;36;155.91;0;both;no
298;300;"delaycomponent";"Orca";"Компонент ""Задержки""";"Item";20;36;155.91;0;both;no
299;301;"motiondetector";"Orca";"Детектор движения";"Item";20;36;155.91;0;both;no
301;303;"hatchwbuttons";"Orca";"Люк с кнопками";"room-shell";21.56;400;-200;0;both;no
302;304;"bluewire";"Orca";"Синий провод";"wire";4;7.2;148.26;0;both;no
303;305;"ff_y_wall";"Orca";"Большая вертикальная внутренняя стена";"room-shell";7.68;400;-200;0;both;no
306;308;"ladder";"Orca";"Лестница";"Item";37;66.6;132.4;8;both;yes
307;309;"suppliescabinet";"Orca";"Хозяйственный шкаф";"Item";22.88;41.184;157.135;0;both;no
308;310;"CableHolderHorizontal2";"Orca";"Горизонтальный кабель-канал";"Structure";4.48;8.064;157.441;0;both;no
309;311;"FF_Wall_BP";"Orca";"Задняя стена – балласт А2";"Structure";16;28.8;162;0;both;no
310;312;"andcomponent";"Orca";"Компонент ""И""";"Item";20;36;155.911;0;both;no
311;313;"ff_x_wall";"Orca";"Большая горизонтальная внутренняя стена";"room-shell";7.68;400;-200;0;both;no
313;315;"bluewire";"Orca";"Синий провод";"wire";4;7.2;148.261;0;both;no
314;316;"coilgun";"Orca";"Магнитная пушка";"Item";56.32;101.376;97.624;0;both;yes
315;317;"ff_y_wall";"Orca";"Большая вертикальная внутренняя стена";"room-shell";7.68;400;-200;0;both;no
316;318;"ff_x_wall";"Orca";"Большая горизонтальная внутренняя стена";"room-shell";7.68;400;-200;0;both;no
317;319;"oxygenerator";"Orca";"Генератор кислорода";"Item";72;129.6;69.4;0;both;yes
319;321;"steelcabinet";"Orca";"Большой стальной шкаф";"Item";68.2;122.76;76.24;0;both;yes
320;322;"textdisplay";"Orca";"Текстовый экран";"Item";20;36;157.442;0;both;no
321;323;"ff_y_wall";"Orca";"Большая вертикальная внутренняя стена";"room-shell";7.68;400;-200;0;both;no
322;324;"suppliescabinet";"Orca";"Хозяйственный шкаф";"Item";22.88;41.184;157.136;0;both;no
324;326;"inwalllcaph1";"Orca";"Большая внутренняя стена – крышка H1";"Structure";4.32;7.776;132.35;0;both;no
327;329;"junctionbox";"Orca";"Кабельная коробка";"Item";23.76;42.768;155.913;0;both;no
328;330;"bluewire";"Orca";"Синий провод";"wire";4;7.2;148.263;0;both;no
329;331;"button";"Orca";"Кнопка";"Item";20;36;155.913;0;both;no
331;333;"bluewire";"Orca";"Синий провод";"wire";4;7.2;148.263;0;both;no
332;334;"pump";"Orca";"Насос";"Item";42.24;76.032;122.968;0;both;yes
333;335;"platform";"Orca";"Базовая платформа";"room-shell";4.32;400;-200;0;both;no
334;336;"emergencylight";"Orca";"Аварийная лампа";"Item";20;36;155.913;0;both;no
335;337;"bluewire";"Orca";"Синий провод";"wire";4;7.2;148.264;0;both;no
336;338;"ff_y_wall";"Orca";"Большая вертикальная внутренняя стена";"room-shell";7.68;400;-200;0;both;no
337;339;"notcomponent";"Orca";"Компонент ""Не""";"Item";20;36;155.914;0;both;no
338;340;"andcomponent";"Orca";"Компонент ""И""";"Item";20;36;155.914;0;both;no
339;341;"delaycomponent";"Orca";"Компонент ""Задержки""";"Item";20;36;155.914;0;both;no
340;342;"FF_Wall_C2";"Orca";"Задняя стена С2";"Structure";16;28.8;161.728;0;both;no
341;343;"coilgun";"Orca";"Магнитная пушка";"Item";56.32;101.376;97.624;0;both;yes
342;344;"motiondetector";"Orca";"Детектор движения";"Item";20;36;155.914;0;both;no
344;346;"hatchwbuttons";"Orca";"Люк с кнопками";"room-shell";21.56;400;-200;0;both;no
345;347;"bluewire";"Orca";"Синий провод";"wire";4;7.2;148.265;0;both;no
346;348;"bluewire";"Orca";"Синий провод";"wire";4;7.2;148.265;0;both;no
347;349;"bluewire";"Orca";"Синий провод";"wire";4;7.2;148.265;0;both;no
348;350;"CableHolderHorizontal2";"Orca";"Горизонтальный кабель-канал";"Structure";4.48;8.064;157.445;0;both;no
350;352;"pump";"Orca";"Насос";"Item";42.24;76.032;122.968;0;both;yes
351;353;"platform";"Orca";"Базовая платформа";"room-shell";4.16;400;-200;0;both;no
352;354;"ff_x_wall";"Orca";"Большая горизонтальная внутренняя стена";"room-shell";7.68;400;-200;0;both;no
353;355;"suppliescabinet";"Orca";"Хозяйственный шкаф";"Item";22.88;41.184;157.139;0;both;no
354;356;"shella0deg";"Orca";"Обшивка A 0 градусов";"room-shell";15.36;400;-200;0;both;no
355;357;"ff_y_wall";"Orca";"Большая вертикальная внутренняя стена";"room-shell";7.68;400;-200;0;both;no
357;359;"coilgunloader";"Orca";"Зарядник магнитной пушки";"Item";36.08;64.944;134.056;0;both;yes
359;361;"bluewire";"Orca";"Синий провод";"wire";4;7.2;148.266;0;both;no
360;362;"ladder";"Orca";"Лестница";"Item";37;66.6;132.4;8;both;yes
361;363;"vent";"Orca";"Вентиляционный клапан";"Item";28.16;50.688;148.312;0;both;yes
363;365;"lightcomponent";"Orca";"Осветительный компонент";"Item";20;36;155.916;0;both;no
364;366;"smallpump";"Orca";"Малый насос";"Item";20;36;155.916;0;both;no
368;370;"orangewire";"Orca";"Оранжевый провод";"wire";4;7.2;155.917;0;both;no
370;372;"orangewire";"Orca";"Оранжевый провод";"wire";4;7.2;155.917;0;both;no
371;373;"orangewire";"Orca";"Оранжевый провод";"wire";4;7.2;155.917;0;both;no
372;374;"bluewire";"Orca";"Синий провод";"wire";4;7.2;148.267;0;both;no
374;376;"orangewire";"Orca";"Оранжевый провод";"wire";4;7.2;155.917;0;both;no
381;383;"orangewire";"Orca";"Оранжевый провод";"wire";4;7.2;155.918;0;both;no
383;385;"FF_Wall_E";"Orca";"Задняя стена E";"Structure";16;28.8;161.426;0;both;no
384;386;"Metal_Wall_6";"Orca";"Металлическая стена";"Structure";16;28.8;161.732;0;both;no
385;387;"opbg_barracks3";"Orca";"Казармы аванпоста – фон 3";"Structure";4;7.2;161.427;0;both;no
387;389;"opbg_generic5";"Orca";"Обычная стена аванпоста 5";"Structure";16;28.8;161.427;0;both;no
388;390;"emergencylight";"Orca";"Аварийная лампа";"Item";20;36;152.859;0;both;no
389;391;"emergencylight";"Orca";"Аварийная лампа";"Item";20;36;155.919;0;both;no
392;394;"orangewire";"Orca";"Оранжевый провод";"wire";4;7.2;155.919;0;both;no
394;396;"orangewire";"Orca";"Оранжевый провод";"wire";4;7.2;155.919;0;both;no
395;397;"orangewire";"Orca";"Оранжевый провод";"wire";4;7.2;155.92;0;both;no
396;398;"waterdetector";"Orca";"Детектор воды";"Item";20;36;155.92;0;both;no
403;405;"notcomponent";"Orca";"Компонент ""Не""";"Item";20;36;155.92;0;both;no
414;416;"orangewire";"Orca";"Оранжевый провод";"wire";4;7.2;155.921;0;both;no
415;417;"shella0deg";"Orca";"Обшивка A 0 градусов";"room-shell";15.36;400;-200;0;both;no
417;419;"orangewire";"Orca";"Оранжевый провод";"wire";4;7.2;155.922;0;both;no
418;420;"vent";"Orca";"Вентиляционный клапан";"Item";28.16;50.688;148.312;0;both;yes
419;421;"extinguisherbracket";"Orca";"Стойка огнетушителя";"Item";20;36;157.146;0;both;no
420;422;"waterdetector";"Orca";"Детектор воды";"Item";20;36;155.922;0;both;no
421;423;"andcomponent";"Orca";"Компонент ""И""";"Item";20;36;155.922;0;both;no
423;425;"smallhorizontalback";"Orca";"Малая горизонтальная задняя стенка";"Structure";5.12;9.216;161.43;0;both;no
425;427;"shella0deg";"Orca";"Обшивка A 0 градусов";"room-shell";15.36;400;-200;0;both;no
426;428;"largehorizontalback";"Orca";"Большая горизонтальная задняя стенка";"Structure";10.24;18.432;158.983;0;both;no
428;430;"smallverticalback";"Orca";"Малая вертикальная задняя стенка";"Structure";5.12;9.216;158.983;0;both;no
429;431;"FF_Wall_B";"Orca";"Задняя стена – балласт А1";"Structure";16;28.8;162.012;0;both;no
430;432;"blankperiscope";"Orca";"Основание перископа";"Item";29.48;53.064;134.503;0;both;no
431;433;"vent";"Orca";"Вентиляционный клапан";"Item";28.16;50.688;148.312;0;both;yes
432;434;"vent";"Orca";"Вентиляционный клапан";"Item";28.16;50.688;148.312;0;both;yes
433;435;"pump";"Orca";"Насос";"Item";42.24;76.032;122.968;0;both;yes
435;437;"FF_Wall_B";"Orca";"Задняя стена – балласт А1";"Structure";16;28.8;162.013;0;both;no
437;439;"CableHolderHorizontal2";"Orca";"Горизонтальный кабель-канал";"Structure";4.48;8.064;157.454;0;both;no
438;440;"inwalllcaph2";"Orca";"Большая внутренняя стена – крышка H2";"Structure";7.68;13.824;132.362;0;both;no
439;441;"vent";"Orca";"Вентиляционный клапан";"Item";28.16;50.688;148.312;0;both;yes
440;442;"redwire";"Orca";"Красный провод";"wire";4;7.2;148.274;0;both;no
442;444;"opbg_barracks3";"Orca";"Казармы аванпоста – фон 3";"Structure";4;7.2;161.432;0;both;no
443;445;"emergencylight";"Orca";"Аварийная лампа";"Item";20;36;155.924;0;both;no
444;446;"opbg_barracks3";"Orca";"Казармы аванпоста – фон 3";"Structure";4;7.2;161.432;0;both;no
458;460;"bluewire";"Orca";"Синий провод";"wire";4;7.2;148.276;0;both;no
472;474;"opbg_barracks3";"Orca";"Казармы аванпоста – фон 3";"Structure";4;7.2;161.435;0;both;no
474;476;"extA_Tail";"Orca";"Старый хвостовой стабилизатор A";"room-shell";16;400;-200;0;both;no
479;481;"FF_Wall_Airlock1";"Orca";"Шлюз";"Structure";16;28.8;161.742;0;both;no
480;482;"FF_Wall_Airlock2";"Orca";"Шлюз";"Structure";16;28.8;161.742;0;both;no
495;497;"rustitemdecal17";"Orca";"Ржавчина (Испорчено)";"Item";62.04;111.672;87.328;0;both;yes
496;498;"delaycomponent";"Orca";"Компонент ""Задержки""";"Item";20;36;155.93;0;both;no
497;499;"finawingpart46";"Orca";"Крыло стабилизатора C 1";"Structure";11.68;21.024;161.591;0;both;no
500;502;"motiondetector";"Orca";"Детектор движения";"Item";20;36;155.93;0;both;no
502;504;"FF_Wall_BP";"Orca";"Задняя стена – балласт А2";"Structure";7.52;13.536;161.438;0;both;no
503;505;"hatchwbuttons";"Orca";"Люк с кнопками";"room-shell";21.56;400;-200;0;both;no
504;506;"bluewire";"Orca";"Синий провод";"wire";4;7.2;148.28;0;both;no
505;507;"bluewire";"Orca";"Синий провод";"wire";4;7.2;148.281;0;both;no
506;508;"bluewire";"Orca";"Синий провод";"wire";4;7.2;148.281;0;both;no
507;509;"bluewire";"Orca";"Синий провод";"wire";4;7.2;148.281;0;both;no
508;510;"bluewire";"Orca";"Синий провод";"wire";4;7.2;148.281;0;both;no
509;511;"notcomponent";"Orca";"Компонент ""Не""";"Item";20;36;155.931;0;both;no
511;513;"andcomponent";"Orca";"Компонент ""И""";"Item";20;36;155.931;0;both;no
512;514;"platform";"Orca";"Базовая платформа";"room-shell";4.16;400;-200;0;both;no
513;515;"delaycomponent";"Orca";"Компонент ""Задержки""";"Item";20;36;155.931;0;both;no
514;516;"motiondetector";"Orca";"Детектор движения";"Item";20;36;155.931;0;both;no
515;517;"bluewire";"Orca";"Синий провод";"wire";4;7.2;148.282;0;both;no
518;520;"FF_Wall_BP";"Orca";"Задняя стена – балласт А2";"Structure";5.12;9.216;161.44;0;both;no
521;523;"notcomponent";"Orca";"Компонент ""Не""";"Item";20;36;155.932;0;both;no
522;524;"bluewire";"Orca";"Синий провод";"wire";4;7.2;148.282;0;both;no
523;525;"andcomponent";"Orca";"Компонент ""И""";"Item";20;36;155.932;0;both;no
524;526;"bluewire";"Orca";"Синий провод";"wire";4;7.2;148.282;0;both;no
525;527;"hatchwbuttons";"Orca";"Люк с кнопками";"room-shell";21.56;400;-200;0;both;no
527;529;"platform";"Orca";"Базовая платформа";"room-shell";4.16;400;-200;0;both;no
530;532;"ductblock";"Orca";"Сливной клапан";"room-shell";20;400;-200;0;both;no
531;533;"waterdetector";"Orca";"Детектор воды";"Item";20;36;155.933;0;both;no
543;545;"platform";"Orca";"Базовая платформа";"room-shell";4.16;400;-200;0;both;no
549;551;"redwire";"Orca";"Красный провод";"wire";4;7.2;148.285;0;both;no
550;552;"vent";"Orca";"Вентиляционный клапан";"Item";28.16;50.688;148.312;0;both;yes
552;554;"redwire";"Orca";"Красный провод";"wire";4;7.2;148.285;0;both;no
553;555;"platform";"Orca";"Базовая платформа";"room-shell";4.16;400;-200;0;both;no
561;563;"FF_Wall_BP";"Orca";"Задняя стена – балласт А2";"Structure";5.12;9.216;161.444;0;both;no
570;572;"platform";"Orca";"Базовая платформа";"room-shell";4.16;400;-200;0;both;no
571;573;"platform";"Orca";"Базовая платформа";"room-shell";4.32;400;-200;0;both;no
572;574;"platform";"Orca";"Базовая платформа";"room-shell";4.32;400;-200;0;both;no
573;575;"CableHolderHorizontal2";"Orca";"Горизонтальный кабель-канал";"Structure";4.48;8.064;157.467;0;both;no
574;576;"oxygentankshelf2";"Orca";"Полка для хранения кислородных баллонов";"Item";20;36;157.161;0;both;no
575;577;"divingsuitlocker";"Orca";"Шкаф для водолазного костюма";"Item";21.56;38.808;157.162;0;both;no
576;578;"oxygentankshelf2";"Orca";"Полка для хранения кислородных баллонов";"Item";20;36;157.162;0;both;no
577;579;"supercapacitor";"Orca";"Суперконденсатор";"Item";33.88;60.984;138.016;0;both;yes
579;581;"redwire";"Orca";"Красный провод";"wire";4;7.2;148.288;0;both;no
580;582;"platform";"Orca";"Базовая платформа";"room-shell";4.32;400;-200;0;both;no
581;583;"suppliescabinet";"Orca";"Хозяйственный шкаф";"Item";22.88;41.184;157.162;0;both;no
582;584;"notcomponent";"Orca";"Компонент ""Не""";"Item";20;36;155.938;0;both;no
583;585;"bluewire";"Orca";"Синий провод";"wire";4;7.2;148.288;0;both;no
584;586;"motiondetector";"Orca";"Детектор движения";"Item";20;36;155.938;0;both;no
585;587;"doorwbuttons";"Orca";"Дверь с кнопками";"room-shell";20;400;-200;0;both;no
587;589;"lamp";"Orca";"Лампа";"Item";20;36;155.939;0;both;no
588;590;"lamp";"Orca";"Лампа";"Item";20;36;155.939;0;both;no
589;591;"lamp";"Orca";"Лампа";"Item";20;36;155.939;0;both;no
590;592;"lamp";"Orca";"Лампа";"Item";20;36;155.939;0;both;no
591;593;"lamp";"Orca";"Лампа";"Item";20;36;155.939;0;both;no
592;594;"lamp";"Orca";"Лампа";"Item";20;36;155.939;0;both;no
593;595;"emergencylight";"Orca";"Аварийная лампа";"Item";20;36;155.939;0;both;no
594;596;"lamp";"Orca";"Лампа";"Item";20;36;155.939;0;both;no
596;598;"periscope";"Orca";"Перископ";"Item";29.92;53.856;145.144;0;both;yes
597;599;"periscope";"Orca";"Перископ";"Item";29.92;53.856;145.144;0;both;yes
598;600;"coilgunloader";"Orca";"Зарядник магнитной пушки";"Item";36.08;64.944;134.056;0;both;yes
599;601;"tailfinc";"Orca";"Хвостовой стабилизатор C";"Structure";14.4;25.92;159;0;both;no
600;602;"supercapacitor";"Orca";"Суперконденсатор";"Item";33.88;60.984;138.016;0;both;yes
601;603;"smallpump";"Orca";"Малый насос";"Item";20.68;37.224;155.94;0;both;no
602;604;"redwire";"Orca";"Красный провод";"wire";4;7.2;148.29;0;both;no
603;605;"relaycomponent";"Orca";"Компонент ""Реле""";"Item";20;36;155.94;0;both;no
604;606;"redwire";"Orca";"Красный провод";"wire";4;7.2;148.29;0;both;no
605;607;"button";"Orca";"Кнопка";"Item";20;36;155.941;0;both;no
606;608;"textdisplay";"Orca";"Текстовый экран";"Item";20;36;157.471;0;both;no
607;609;"redwire";"Orca";"Красный провод";"wire";4;7.2;148.291;0;both;no
608;610;"redwire";"Orca";"Красный провод";"wire";4;7.2;148.291;0;both;no
609;611;"redwire";"Orca";"Красный провод";"wire";4;7.2;148.291;0;both;no
610;612;"bluewire";"Orca";"Синий провод";"wire";4;7.2;148.291;0;both;no
611;613;"ductblock";"Orca";"Сливной клапан";"room-shell";20;400;-200;0;both;no
612;614;"redwire";"Orca";"Красный провод";"wire";4;7.2;148.291;0;both;no
613;615;"redwire";"Orca";"Красный провод";"wire";4;7.2;148.291;0;both;no
614;616;"bluewire";"Orca";"Синий провод";"wire";4;7.2;148.291;0;both;no
615;617;"bluewire";"Orca";"Синий провод";"wire";4;7.2;148.292;0;both;no
616;618;"smallpump";"Orca";"Малый насос";"Item";20.68;37.224;155.942;0;both;no
617;619;"redwire";"Orca";"Красный провод";"wire";4;7.2;148.292;0;both;no
618;620;"redwire";"Orca";"Красный провод";"wire";4;7.2;148.292;0;both;no
619;621;"redwire";"Orca";"Красный провод";"wire";4;7.2;148.292;0;both;no
620;622;"redwire";"Orca";"Красный провод";"wire";4;7.2;148.292;0;both;no
621;623;"redwire";"Orca";"Красный провод";"wire";4;7.2;148.292;0;both;no
622;624;"redwire";"Orca";"Красный провод";"wire";4;7.2;148.292;0;both;no
623;625;"redwire";"Orca";"Красный провод";"wire";4;7.2;148.292;0;both;no
624;626;"redwire";"Orca";"Красный провод";"wire";4;7.2;148.292;0;both;no
625;627;"ductblock";"Orca";"Сливной клапан";"room-shell";20;400;-200;0;both;no
626;628;"hatchwbuttons";"Orca";"Люк с кнопками";"room-shell";21.56;400;-200;0;both;no
627;629;"delaycomponent";"Orca";"Компонент ""Задержки""";"Item";20;36;155.943;0;both;no
628;630;"andcomponent";"Orca";"Компонент ""И""";"Item";20;36;155.943;0;both;no
629;631;"notcomponent";"Orca";"Компонент ""Не""";"Item";20;36;155.943;0;both;no
630;632;"motiondetector";"Orca";"Детектор движения";"Item";20;36;155.943;0;both;no
632;634;"bluewire";"Orca";"Синий провод";"wire";4;7.2;148.293;0;both;no
633;635;"bluewire";"Orca";"Синий провод";"wire";4;7.2;148.293;0;both;no
634;636;"bluewire";"Orca";"Синий провод";"wire";4;7.2;148.293;0;both;no
635;637;"bluewire";"Orca";"Синий провод";"wire";4;7.2;148.294;0;both;no
636;638;"bluewire";"Orca";"Синий провод";"wire";4;7.2;148.294;0;both;no
637;639;"lamp";"Orca";"Лампа";"Item";20;36;155.944;0;both;no
638;640;"emergencylight";"Orca";"Аварийная лампа";"Item";20;36;155.944;0;both;no
639;641;"delaycomponent";"Orca";"Компонент ""Задержки""";"Item";20;36;155.944;0;both;no
640;642;"motiondetector";"Orca";"Детектор движения";"Item";20;36;155.944;0;both;no
642;644;"delaycomponent";"Orca";"Компонент ""Задержки""";"Item";20;36;155.944;0;both;no
643;645;"motiondetector";"Orca";"Детектор движения";"Item";20;36;155.944;0;both;no
645;647;"delaycomponent";"Orca";"Компонент ""Задержки""";"Item";20;36;155.945;0;both;no
646;648;"motiondetector";"Orca";"Детектор движения";"Item";20;36;155.945;0;both;no
648;650;"delaycomponent";"Orca";"Компонент ""Задержки""";"Item";20;36;155.945;0;both;no
649;651;"motiondetector";"Orca";"Детектор движения";"Item";20;36;155.945;0;both;no
651;653;"delaycomponent";"Orca";"Компонент ""Задержки""";"Item";20;36;155.945;0;both;no
652;654;"motiondetector";"Orca";"Детектор движения";"Item";20;36;155.945;0;both;no
654;656;"delaycomponent";"Orca";"Компонент ""Задержки""";"Item";20;36;155.945;0;both;no
656;658;"junctionbox";"Orca";"Кабельная коробка";"Item";23.76;42.768;155.946;0;both;no
657;659;"FF_Wall_B";"Orca";"Задняя стена – балласт А1";"Structure";10.24;18.432;162.035;0;both;no
658;660;"motiondetector";"Orca";"Детектор движения";"Item";20;36;155.946;0;both;no
660;662;"bluewire";"Orca";"Синий провод";"wire";4;7.2;148.296;0;both;no
661;663;"platform";"Orca";"Базовая платформа";"room-shell";4.16;400;-200;0;both;no
662;664;"textdisplay";"Orca";"Текстовый экран";"Item";20;36;157.476;0;both;no
664;666;"bluewire";"Orca";"Синий провод";"wire";4;7.2;148.296;0;both;no
666;668;"FF_Wall_B";"Orca";"Задняя стена – балласт А1";"Structure";7.68;13.824;162.036;0;both;no
667;669;"bluewire";"Orca";"Синий провод";"wire";4;7.2;148.297;0;both;no
668;670;"bluewire";"Orca";"Синий провод";"wire";4;7.2;148.297;0;both;no
669;671;"bluewire";"Orca";"Синий провод";"wire";4;7.2;148.297;0;both;no
670;672;"notcomponent";"Orca";"Компонент ""Не""";"Item";20;36;155.947;0;both;no
672;674;"andcomponent";"Orca";"Компонент ""И""";"Item";20;36;155.947;0;both;no
673;675;"ductblock";"Orca";"Сливной клапан";"room-shell";20;400;-200;0;both;no
674;676;"ductblock";"Orca";"Сливной клапан";"room-shell";20;400;-200;0;both;no
675;677;"ductblock";"Orca";"Сливной клапан";"room-shell";20;400;-200;0;both;no
676;678;"ductblock";"Orca";"Сливной клапан";"room-shell";20;400;-200;0;both;no
677;679;"delaycomponent";"Orca";"Компонент ""Задержки""";"Item";20;36;155.948;0;both;no
678;680;"waterdetector";"Orca";"Детектор воды";"Item";20;36;155.948;0;both;no
679;681;"platform";"Orca";"Базовая платформа";"room-shell";4.16;400;-200;0;both;no
680;682;"waterdetector";"Orca";"Детектор воды";"Item";20;36;155.948;0;both;no
681;683;"CableHolderHorizontal2";"Orca";"Горизонтальный кабель-канал";"Structure";4.48;8.064;157.478;0;both;no
682;684;"orangewire";"Orca";"Оранжевый провод";"wire";4;7.2;155.948;0;both;no
683;685;"periscope";"Orca";"Перископ";"Item";26.84;48.312;150.688;0;both;yes
685;687;"motiondetector";"Orca";"Детектор движения";"Item";20;36;155.949;0;both;no
686;688;"bluewire";"Orca";"Синий провод";"wire";4;7.2;148.299;0;both;no
687;689;"bluewire";"Orca";"Синий провод";"wire";4;7.2;148.299;0;both;no
688;690;"bluewire";"Orca";"Синий провод";"wire";4;7.2;148.299;0;both;no
689;691;"bluewire";"Orca";"Синий провод";"wire";4;7.2;148.299;0;both;no
692;694;"andcomponent";"Orca";"Компонент ""И""";"Item";20;36;155.949;0;both;no
693;695;"notcomponent";"Orca";"Компонент ""Не""";"Item";20;36;155.949;0;both;no
694;696;"bluewire";"Orca";"Синий провод";"wire";4;7.2;148.299;0;both;no
695;697;"delaycomponent";"Orca";"Компонент ""Задержки""";"Item";20;36;155.95;0;both;no
696;698;"shella0deg";"Orca";"Обшивка A 0 градусов";"room-shell";12.8;400;-200;0;both;no
697;699;"ladder";"Orca";"Лестница";"Item";37;66.6;132.4;8;both;yes
698;700;"decowire4";"Orca";"Декоративная проводка";"Structure";15.36;27.648;160.999;0;both;no
701;703;"bluewire";"Orca";"Синий провод";"wire";4;7.2;148.3;0;both;no
702;704;"FF_Wall_H1";"Orca";"Задняя стена H1";"Structure";16;28.8;161.458;0;both;no
703;705;"platform";"Orca";"Базовая платформа";"room-shell";4.16;400;-200;0;both;no
704;706;"hatchwbuttons";"Orca";"Люк с кнопками";"room-shell";21.56;400;-200;0;both;no
705;707;"mediumsteelcabinet";"Orca";"Средний стальной шкаф";"Item";23.76;42.768;156.232;0;both;yes
706;708;"decowire2";"Orca";"Декоративная проводка";"Structure";5.12;9.216;161;0;both;no
708;710;"bluewire";"Orca";"Синий провод";"wire";4;7.2;148.301;0;both;no
709;711;"motiondetector";"Orca";"Детектор движения";"Item";20;36;155.951;0;both;no
710;712;"bluewire";"Orca";"Синий провод";"wire";4;7.2;148.301;0;both;no
711;713;"bluewire";"Orca";"Синий провод";"wire";4;7.2;148.301;0;both;no
712;714;"andcomponent";"Orca";"Компонент ""И""";"Item";20;36;155.951;0;both;no
713;715;"notcomponent";"Orca";"Компонент ""Не""";"Item";20;36;155.951;0;both;no
714;716;"bluewire";"Orca";"Синий провод";"wire";4;7.2;148.301;0;both;no
715;717;"delaycomponent";"Orca";"Компонент ""Задержки""";"Item";20;36;155.952;0;both;no
716;718;"bluewire";"Orca";"Синий провод";"wire";4;7.2;148.302;0;both;no
717;719;"hatchwbuttons";"Orca";"Люк с кнопками";"room-shell";21.56;400;-200;0;both;no
719;721;"bluewire";"Orca";"Синий провод";"wire";4;7.2;148.302;0;both;no
720;722;"motiondetector";"Orca";"Детектор движения";"Item";20;36;155.952;0;both;no
721;723;"bluewire";"Orca";"Синий провод";"wire";4;7.2;148.302;0;both;no
722;724;"bluewire";"Orca";"Синий провод";"wire";4;7.2;148.302;0;both;no
727;729;"decowire3";"Orca";"Декоративная проводка";"Structure";16;28.8;161.002;0;both;no
728;730;"decowire13";"Orca";"Декоративная проводка";"Structure";16;28.8;161.002;0;both;no
729;731;"decowire1";"Orca";"Декоративная проводка";"Structure";5.12;9.216;161.002;0;both;no
730;732;"decowire11";"Orca";"Декоративная проводка";"Structure";12.8;23.04;161.002;0;both;no
731;733;"decowire7";"Orca";"Декоративная проводка";"Structure";6.4;11.52;161.002;0;both;no
732;734;"platform";"Orca";"Базовая платформа";"room-shell";4.16;400;-200;0;both;no
733;735;"ff_y_wall";"Orca";"Большая вертикальная внутренняя стена";"room-shell";7.68;400;-200;0;both;no
734;736;"shella0deg";"Orca";"Обшивка A 0 градусов";"room-shell";15.36;400;-200;0;both;no
735;737;"bluewire";"Orca";"Синий провод";"wire";4;7.2;155.954;0;both;no
736;738;"waterdetector";"Orca";"Детектор воды";"Item";20;36;155.954;0;both;no
737;739;"ladder";"Orca";"Лестница";"Item";37;66.6;132.4;8;both;yes
738;740;"decowire1";"Orca";"Декоративная проводка";"Structure";5.12;9.216;161.003;0;both;no
739;741;"decowire10";"Orca";"Декоративная проводка";"Structure";5.12;9.216;161.003;0;both;no
740;742;"decowire10";"Orca";"Декоративная проводка";"Structure";5.12;9.216;161.003;0;both;no
741;743;"decowire15";"Orca";"Декоративная проводка";"Structure";5.12;9.216;161.003;0;both;no
742;744;"decowire3";"Orca";"Декоративная проводка";"Structure";16;28.8;161.003;0;both;no
744;746;"decowire14";"Orca";"Декоративная проводка";"Structure";6.08;10.944;161.003;0;both;no
745;747;"decowire11";"Orca";"Декоративная проводка";"Structure";12.8;23.04;161.004;0;both;no
746;748;"FF_Wall_BP";"Orca";"Задняя стена – балласт А2";"Structure";5.12;9.216;162.044;0;both;no
747;749;"ff_y_wall";"Orca";"Большая вертикальная внутренняя стена";"room-shell";7.68;400;-200;0;both;no
748;750;"decowire14";"Orca";"Декоративная проводка";"Structure";5.12;9.216;161.004;0;both;no
749;751;"decowire13";"Orca";"Декоративная проводка";"Structure";16;28.8;157.944;0;both;no
750;752;"decowire11";"Orca";"Декоративная проводка";"Structure";16;28.8;161.004;0;both;no
751;753;"hatch";"Orca";"Настраиваемый люк";"room-shell";20.24;400;-200;0;both;no
752;754;"decowire4";"Orca";"Декоративная проводка";"Structure";14.08;25.344;161.004;0;both;no
753;755;"decowire13";"Orca";"Декоративная проводка";"Structure";16;28.8;157.944;0;both;no
754;756;"waterdetector";"Orca";"Детектор воды";"Item";20;36;155.955;0;both;no
755;757;"decowire10";"Orca";"Декоративная проводка";"Structure";5.12;9.216;161.005;0;both;no
756;758;"lightcomponent90";"Orca";"Осветительный компонент";"Item";20;36;155.956;0;both;no
757;759;"lightcomponent";"Orca";"Осветительный компонент";"Item";20;36;155.956;0;both;no
758;760;"lightcomponent";"Orca";"Осветительный компонент";"Item";20;36;155.956;0;both;no
759;761;"decowire3";"Orca";"Декоративная проводка";"Structure";16;28.8;161.005;0;both;no
760;762;"decowire15";"Orca";"Декоративная проводка";"Structure";5.6;10.08;161.005;0;both;no
761;763;"extA_Front";"Orca";"Нос подлодки A";"room-shell";16;400;-200;0;both;no
762;764;"lightcomponent90";"Orca";"Осветительный компонент";"Item";20;36;155.956;0;both;no
763;765;"lightcomponent90";"Orca";"Осветительный компонент";"Item";20;36;155.956;0;both;no
764;766;"lightcomponent90";"Orca";"Осветительный компонент";"Item";20;36;155.956;0;both;no
765;767;"lightcomponent90";"Orca";"Осветительный компонент";"Item";20;36;155.957;0;both;no
766;768;"lightcomponent90";"Orca";"Осветительный компонент";"Item";20;36;155.957;0;both;no
767;769;"smallverticalback2";"Orca";"Малая вертикальная задняя стенка 2";"Structure";5.12;9.216;159.017;0;both;no
768;770;"smallhorizontalback";"Orca";"Малая горизонтальная задняя стенка";"Structure";5.12;9.216;157.395;0;both;no
769;771;"smallhorizontalback";"Orca";"Малая горизонтальная задняя стенка";"Structure";5.12;9.216;161.465;0;both;no
770;772;"smallhorizontalback";"Orca";"Малая горизонтальная задняя стенка";"Structure";5.12;9.216;159.017;0;both;no
771;773;"commandLabel";"Orca";"Знак: пункт управления";"Structure";4;7.2;161.771;0;both;no
772;774;"arrowUp";"Orca";"Стрелка вверх";"Structure";4;7.2;161.771;0;both;no
773;775;"FF_Wall_BP";"Orca";"Задняя стена – балласт А2";"Structure";16;28.8;162.047;0;both;no
774;776;"wificomponent";"Orca";"Компонент ""Беспроводной""";"Item";20;36;155.957;0;both;no
775;777;"opbg_manageroffice3";"Orca";"Офис управляющего аванпоста – фон 3";"Structure";16;28.8;161.466;0;both;no
776;778;"FF_Wall_B";"Orca";"Задняя стена – балласт А1";"Structure";16;28.8;162.047;0;both;no
777;779;"FF_Wall_B";"Orca";"Задняя стена – балласт А1";"Structure";16;28.8;162.047;0;both;no
778;780;"decowire11";"Orca";"Декоративная проводка";"Structure";15.36;27.648;157.947;0;both;no
779;781;"camera";"Orca";"Камера";"Item";20;36;155.958;0;both;no
780;782;"decowire6";"Orca";"Декоративная проводка";"Structure";10.08;18.144;161.007;0;both;no
781;783;"decowire4";"Orca";"Декоративная проводка";"Structure";12.8;23.04;161.007;0;both;no
782;784;"decowire10";"Orca";"Декоративная проводка";"Structure";5.12;9.216;161.007;0;both;no
783;785;"decowire4";"Orca";"Декоративная проводка";"Structure";12.8;23.04;161.007;0;both;no
784;786;"decowire3";"Orca";"Декоративная проводка";"Structure";16;28.8;161.007;0;both;no
785;787;"decowire3";"Orca";"Декоративная проводка";"Structure";16;28.8;161.008;0;both;no
786;788;"decowire2";"Orca";"Декоративная проводка";"Structure";5.12;9.216;161.008;0;both;no
787;789;"decowire4";"Orca";"Декоративная проводка";"Structure";15.36;27.648;161.008;0;both;no
788;790;"decowire2";"Orca";"Декоративная проводка";"Structure";5.12;9.216;161.008;0;both;no
789;791;"redwire";"Orca";"Красный провод";"wire";4;7.2;148.309;0;both;no
790;792;"largehorizontalback";"Orca";"Большая горизонтальная задняя стенка";"Structure";10.24;18.432;159.019;0;both;no
791;793;"bluewire";"Orca";"Синий провод";"wire";4;7.2;148.309;0;both;no
792;794;"bluewire";"Orca";"Синий провод";"wire";4;7.2;155.959;0;both;no
794;796;"suppliescabinet";"Orca";"Хозяйственный шкаф";"Item";22.88;41.184;157.183;0;both;no
795;797;"ff_x_wall";"Orca";"Большая горизонтальная внутренняя стена";"room-shell";7.68;400;-200;0;both;no
796;798;"shella14adeg";"Orca";"Обшивка A 14 градусов";"room-shell";16;400;-200;0;both;no
797;799;"depthchargetube";"Orca";"ПУ для глубинных бомб";"Item";20.68;37.224;155.929;0;both;no
798;800;"depthchargeloader";"Orca";"Зарядник глубинных бомб";"Item";26.84;48.312;150.688;0;both;yes
799;801;"bluewire";"Orca";"Синий провод";"wire";4;7.2;148.31;0;both;no
800;802;"bluewire";"Orca";"Синий провод";"wire";4;7.2;148.31;0;both;no
801;803;"ff_y_wall";"Orca";"Большая вертикальная внутренняя стена";"room-shell";7.68;400;-200;0;both;no
803;805;"smallverticalback";"Orca";"Малая вертикальная задняя стенка";"Structure";5.12;9.216;159.02;0;both;no
804;806;"lightcomponent90";"Orca";"Осветительный компонент";"Item";20;36;155.96;0;both;no
805;807;"depthchargeloader";"Orca";"Зарядник глубинных бомб";"Item";26.84;48.312;150.688;0;both;yes
806;808;"windoweddoor";"Orca";"Настраиваемая дверь с окном";"room-shell";21.12;400;-200;0;both;no
807;809;"button";"Orca";"Кнопка";"Item";20;36;155.961;0;both;no
809;811;"bluewire";"Orca";"Синий провод";"wire";4;7.2;148.311;0;both;no
810;812;"bluewire";"Orca";"Синий провод";"wire";4;7.2;148.311;0;both;no
811;813;"bluewire";"Orca";"Синий провод";"wire";4;7.2;155.961;0;both;no
812;814;"button";"Orca";"Кнопка";"Item";20;36;155.961;0;both;no
813;815;"redwire";"Orca";"Красный провод";"wire";4;7.2;148.311;0;both;no
814;816;"decocolumn2";"Orca";"Декоративная колонна";"Structure";7.68;13.824;161.163;0;both;no
815;817;"decocolumn2";"Orca";"Декоративная колонна";"Structure";7.68;13.824;161.164;0;both;no
816;818;"redwire";"Orca";"Красный провод";"wire";4;7.2;148.312;0;both;no
817;819;"lightcomponent90";"Orca";"Осветительный компонент";"Item";20;36;155.962;0;both;no
818;820;"opdeco_propagandaposter2";"Orca";"Пропагандистский плакат";"Structure";16;28.8;161.164;0;both;no
819;821;"andcomponent";"Orca";"Компонент ""И""";"Item";20;36;155.962;0;both;no
820;822;"opbg_manageroffice3";"Orca";"Офис управляющего аванпоста – фон 3";"Structure";16;28.8;161.47;0;both;no
821;823;"bluewire";"Orca";"Синий провод";"wire";4;7.2;155.962;0;both;no
823;825;"bluewire";"Orca";"Синий провод";"wire";4;7.2;155.962;0;both;no
824;826;"bluewire";"Orca";"Синий провод";"wire";4;7.2;148.312;0;both;no
825;827;"bluewire";"Orca";"Синий провод";"wire";4;7.2;148.313;0;both;no
826;828;"decowire1";"Orca";"Декоративная проводка";"Structure";5.12;9.216;161.012;0;both;no
827;829;"waterdetector";"Orca";"Детектор воды";"Item";20;36;155.963;0;both;no
828;830;"decowire7";"Orca";"Декоративная проводка";"Structure";6.4;11.52;161.012;0;both;no
829;831;"opbg_manageroffice3";"Orca";"Офис управляющего аванпоста – фон 3";"Structure";16;28.8;161.777;0;both;no
830;832;"opbg_manageroffice3";"Orca";"Офис управляющего аванпоста – фон 3";"Structure";16;28.8;161.471;0;both;no
831;833;"decowire1";"Orca";"Декоративная проводка";"Structure";5.12;9.216;161.012;0;both;no
832;834;"decowire13";"Orca";"Декоративная проводка";"Structure";16;28.8;161.012;0;both;no
833;835;"decowire11";"Orca";"Декоративная проводка";"Structure";15.36;27.648;157.432;0;both;no
834;836;"decobarrier1";"Orca";"Защитное ограждение";"Structure";10.24;18.432;148.313;0;both;no
835;837;"decobarrier1";"Orca";"Защитное ограждение";"Structure";10.24;18.432;142.194;0;both;no
836;838;"decowire3";"Orca";"Декоративная проводка";"Structure";16;28.8;161.013;0;both;no
837;839;"bluewire";"Orca";"Синий провод";"wire";4;7.2;155.964;0;both;no
838;840;"decowire4";"Orca";"Декоративная проводка";"Structure";12.8;23.04;161.013;0;both;no
839;841;"bluewire";"Orca";"Синий провод";"wire";4;7.2;148.314;0;both;no
840;842;"decowire13";"Orca";"Декоративная проводка";"Structure";16;28.8;161.013;0;both;no
841;843;"decowire1";"Orca";"Декоративная проводка";"Structure";5.12;9.216;161.013;0;both;no
842;844;"bluewire";"Orca";"Синий провод";"wire";4;7.2;148.314;0;both;no
843;845;"FF_Wall_BP";"Orca";"Задняя стена – балласт А2";"Structure";10.24;18.432;161.472;0;both;no
844;846;"opbg_manageroffice3";"Orca";"Офис управляющего аванпоста – фон 3";"Structure";16;28.8;161.778;0;both;no
845;847;"bluewire";"Orca";"Синий провод";"wire";4;7.2;148.315;0;both;no
846;848;"mediumsteelcabinet";"Orca";"Средний стальной шкаф";"Item";23.76;42.768;156.232;0;both;yes
847;849;"crackedwall4";"Orca";"Стена с трещинами";"Structure";16;28.8;161.473;0;both;no
848;850;"graffiti7";"Orca";"Граффити";"Structure";5.76;10.368;161.473;0;both;no
849;851;"crackedwall4";"Orca";"Стена с трещинами";"Structure";16;28.8;161.473;0;both;no
850;852;"emergencylight";"Orca";"Аварийная лампа";"Item";20;36;155.965;0;both;no
851;853;"decowire2";"Orca";"Декоративная проводка";"Structure";5.12;9.216;161.014;0;both;no
852;854;"decowire1";"Orca";"Декоративная проводка";"Structure";5.12;9.216;157.465;0;both;no
853;855;"largeverticalback2";"Orca";"Большая вертикальная задняя стенка 2";"Structure";10.24;18.432;159.025;0;both;no
854;856;"lamp";"Orca";"Лампа";"Item";20;36;155.965;0;both;no
855;857;"FF_Wall_BP";"Orca";"Задняя стена – балласт А2";"Structure";16;28.8;162.055;0;both;no
856;858;"mediumwindowedsteelcabinet";"Orca";"Средний стальной шкаф с окном";"Item";24.2;43.56;155.44;0;both;yes
857;859;"mediumwindowedsteelcabinet";"Orca";"Средний стальной шкаф с окном";"Item";24.2;43.56;155.44;0;both;yes
858;860;"mediumwindowedsteelcabinet";"Orca";"Средний стальной шкаф с окном";"Item";24.2;43.56;155.44;0;both;yes
859;861;"orcomponent";"Orca";"Компонент ""Или""";"Item";20;36;155.966;0;both;no
860;862;"orcomponent";"Orca";"Компонент ""Или""";"Item";20;36;155.966;0;both;no
861;863;"orcomponent";"Orca";"Компонент ""Или""";"Item";20;36;155.966;0;both;no
862;864;"orcomponent";"Orca";"Компонент ""Или""";"Item";20;36;155.966;0;both;no
863;865;"bluewire";"Orca";"Синий провод";"wire";4;7.2;148.316;0;both;no
864;866;"bluewire";"Orca";"Синий провод";"wire";4;7.2;148.316;0;both;no
865;867;"bluewire";"Orca";"Синий провод";"wire";4;7.2;148.317;0;both;no
866;868;"bluewire";"Orca";"Синий провод";"wire";4;7.2;148.317;0;both;no
867;869;"bluewire";"Orca";"Синий провод";"wire";4;7.2;148.317;0;both;no
868;870;"bluewire";"Orca";"Синий провод";"wire";4;7.2;148.317;0;both;no
869;871;"bluewire";"Orca";"Синий провод";"wire";4;7.2;148.317;0;both;no
870;872;"orcomponent";"Orca";"Компонент ""Или""";"Item";20;36;155.967;0;both;no
871;873;"orcomponent";"Orca";"Компонент ""Или""";"Item";20;36;155.967;0;both;no
872;874;"bluewire";"Orca";"Синий провод";"wire";4;7.2;148.317;0;both;no
873;875;"bluewire";"Orca";"Синий провод";"wire";4;7.2;148.317;0;both;no
874;876;"bluewire";"Orca";"Синий провод";"wire";4;7.2;148.317;0;both;no
875;877;"bluewire";"Orca";"Синий провод";"wire";4;7.2;148.318;0;both;no
876;878;"wificomponent";"Orca";"Компонент ""Беспроводной""";"Item";20;36;155.968;0;both;no
877;879;"bluewire";"Orca";"Синий провод";"wire";4;7.2;148.318;0;both;no
878;880;"bluewire";"Orca";"Синий провод";"wire";4;7.2;148.318;0;both;no
879;881;"bluewire";"Orca";"Синий провод";"wire";4;7.2;155.968;0;both;no
880;882;"wificomponent";"Orca";"Компонент ""Беспроводной""";"Item";20;36;155.968;0;both;no
881;883;"wificomponent";"Orca";"Компонент ""Беспроводной""";"Item";20;36;155.968;0;both;no
882;884;"wificomponent";"Orca";"Компонент ""Беспроводной""";"Item";20;36;155.968;0;both;no
883;885;"wificomponent";"Orca";"Компонент ""Беспроводной""";"Item";20;36;155.968;0;both;no
884;886;"waterdetector";"Orca";"Детектор воды";"Item";20;36;155.968;0;both;no
885;887;"bluewire";"Orca";"Синий провод";"wire";4;7.2;148.319;0;both;no
886;888;"bluewire";"Orca";"Синий провод";"wire";4;7.2;148.319;0;both;no
887;889;"bluewire";"Orca";"Синий провод";"wire";4;7.2;148.319;0;both;no
888;890;"bluewire";"Orca";"Синий провод";"wire";4;7.2;148.319;0;both;no
889;891;"bluewire";"Orca";"Синий провод";"wire";4;7.2;148.319;0;both;no
890;892;"mediumwindowedsteelcabinet";"Orca";"Средний стальной шкаф с окном";"Item";21.12;38.016;157.193;0;both;no
891;893;"shella0deg";"Orca";"Обшивка A 0 градусов";"room-shell";15.36;400;-200;0;both;no
892;894;"shella0deg";"Orca";"Обшивка A 0 градусов";"room-shell";15.36;400;-200;0;both;no
893;895;"bluewire";"Orca";"Синий провод";"wire";4;7.2;148.319;0;both;no
894;896;"smallverticalback";"Orca";"Малая вертикальная задняя стенка";"Structure";5.12;9.216;159.029;0;both;no
895;897;"shellacombo12";"Orca";"Обшивка A комбо 1 2";"room-shell";16;400;-200;0;both;no
896;898;"shellacombo12";"Orca";"Обшивка A комбо 1 2";"room-shell";16;400;-200;0;both;no
897;899;"bluewire";"Orca";"Синий провод";"wire";4;7.2;155.97;0;both;no
898;900;"ladder";"Orca";"Лестница";"Item";37;66.6;132.4;8;both;yes
899;901;"turrethardpoint";"Orca";"Держатель орудия";"Item";20;36;131.796;0;both;no
900;902;"redwire";"Orca";"Красный провод";"wire";4;7.2;148.32;0;both;no
901;903;"smallpump";"Orca";"Малый насос";"Item";20.68;37.224;155.97;0;both;no
902;904;"redwire";"Orca";"Красный провод";"wire";4;7.2;148.32;0;both;no
903;905;"bluewire";"Orca";"Синий провод";"wire";4;7.2;148.32;0;both;no
904;906;"largeverticalback2";"Orca";"Большая вертикальная задняя стенка 2";"Structure";10.24;18.432;159.03;0;both;no
905;907;"smallverticalback";"Orca";"Малая вертикальная задняя стенка";"Structure";5.12;9.216;159.031;0;both;no
906;908;"waterdetector";"Orca";"Детектор воды";"Item";20;36;155.971;0;both;no
907;909;"redwire";"Orca";"Красный провод";"wire";4;7.2;148.321;0;both;no
908;910;"redwire";"Orca";"Красный провод";"wire";4;7.2;148.321;0;both;no
909;911;"notcomponent";"Orca";"Компонент ""Не""";"Item";20;36;155.971;0;both;no
910;912;"bluewire";"Orca";"Синий провод";"wire";4;7.2;148.321;0;both;no
911;913;"redwire";"Orca";"Красный провод";"wire";4;7.2;148.321;0;both;no
912;914;"bluewire";"Orca";"Синий провод";"wire";4;7.2;148.321;0;both;no
913;915;"FF_Wall_BP";"Orca";"Задняя стена – балласт А2";"Structure";7.52;13.536;161.479;0;both;no
914;916;"steelcabinet";"Orca";"Большой стальной шкаф";"Item";72;129.6;69.4;0;both;yes
915;917;"bluewire";"Orca";"Синий провод";"wire";4;7.2;148.322;0;both;no
916;918;"relaycomponent";"Orca";"Компонент ""Реле""";"Item";20;36;155.972;0;both;no
917;919;"redwire";"Orca";"Красный провод";"wire";4;7.2;148.322;0;both;no
918;920;"redwire";"Orca";"Красный провод";"wire";4;7.2;148.322;0;both;no
919;921;"redwire";"Orca";"Красный провод";"wire";4;7.2;148.322;0;both;no
920;922;"redwire";"Orca";"Красный провод";"wire";4;7.2;148.322;0;both;no
921;923;"redwire";"Orca";"Красный провод";"wire";4;7.2;148.322;0;both;no
922;924;"redwire";"Orca";"Красный провод";"wire";4;7.2;148.322;0;both;no
923;925;"bluewire";"Orca";"Синий провод";"wire";4;7.2;155.972;0;both;no
924;926;"bluewire";"Orca";"Синий провод";"wire";4;7.2;148.322;0;both;no
925;927;"redwire";"Orca";"Красный провод";"wire";4;7.2;148.323;0;both;no
926;928;"bluewire";"Orca";"Синий провод";"wire";4;7.2;148.323;0;both;no
928;930;"andcomponent";"Orca";"Компонент ""И""";"Item";20;36;155.973;0;both;no
929;931;"bluewire";"Orca";"Синий провод";"wire";4;7.2;148.323;0;both;no
930;932;"bluewire";"Orca";"Синий провод";"wire";4;7.2;148.323;0;both;no
931;933;"bluewire";"Orca";"Синий провод";"wire";4;7.2;148.323;0;both;no
932;934;"bluewire";"Orca";"Синий провод";"wire";4;7.2;148.323;0;both;no
1058;1060;"extinguisher";"Orca";"Огнетушитель";"Item";20;36;148.236;0;both;no
1059;1061;"emergencylight";"Orca";"Аварийная лампа";"Item";20;36;155.886;0;both;no
1060;1062;"FF_Wall_B";"Orca";"Задняя стена – балласт А1";"Structure";16;28.8;161.976;0;both;no
1061;1063;"blankloader";"Orca";"Основание зарядника";"Item";36.08;64.944;134.056;0;both;yes
1062;1064;"textdisplay";"Orca";"Текстовый экран";"Item";20;36;157.417;0;both;no
1063;1065;"redwire";"Orca";"Красный провод";"wire";4;7.2;148.237;0;both;no
1064;1066;"bluewire";"Orca";"Синий провод";"wire";4;7.2;148.237;0;both;no
1065;1067;"bluewire";"Orca";"Синий провод";"wire";4;7.2;148.237;0;both;no
1066;1068;"junctionbox";"Orca";"Кабельная коробка";"Item";23.76;42.768;155.887;0;both;no
1067;1069;"orangewire";"Orca";"Оранжевый провод";"wire";4;7.2;155.887;0;both;no
1068;1070;"bluewire";"Orca";"Синий провод";"wire";4;7.2;155.887;0;both;no
1069;1071;"relaycomponent";"Orca";"Компонент ""Реле""";"Item";20;36;155.887;0;both;no
1070;1072;"relaycomponent";"Orca";"Компонент ""Реле""";"Item";20;36;155.887;0;both;no
1071;1073;"tailfinf1";"Orca";"Хвостовой стабилизатор F1";"Structure";16;28.8;150.073;0;both;no
1072;1074;"tailfinf1";"Orca";"Хвостовой стабилизатор F1";"Structure";16;28.8;150.074;0;both;no
1073;1075;"finawingpart04";"Orca";"Крыло стабилизатора E 1";"Structure";16;28.8;161.549;0;both;no
1074;1076;"finawingpart67";"Orca";"Крыло стабилизатора C 5";"Structure";15.36;27.648;161.549;0;both;no
1075;1077;"finawingpart68";"Orca";"Крыло стабилизатора C 6";"Structure";10.4;18.72;161.549;0;both;no
1076;1078;"finawingpart66";"Orca";"Часть крыла стабилизатора 19";"Structure";15.36;27.648;161.549;0;both;no
1077;1079;"tailfinf4";"Orca";"Хвостовой стабилизатор F4";"Structure";16;28.8;150.074;0;both;no
1078;1080;"finawingpart46";"Orca";"Крыло стабилизатора C 1";"Structure";7.68;13.824;161.549;0;both;no
1079;1081;"finawingpart56";"Orca";"Изгиб крыла стабилизатора C 2";"Structure";16;28.8;161.549;0;both;no
1080;1082;"finawingpart45";"Orca";"Крыло стабилизатора C 2";"Structure";16;28.8;161.549;0;both;no
1081;1083;"redwire";"Orca";"Красный провод";"wire";4;7.2;148.238;0;both;no
1082;1084;"redwire";"Orca";"Красный провод";"wire";4;7.2;148.239;0;both;no
1083;1085;"redwire";"Orca";"Красный провод";"wire";4;7.2;148.239;0;both;no
1084;1086;"redwire";"Orca";"Красный провод";"wire";4;7.2;148.239;0;both;no
1085;1087;"redwire";"Orca";"Красный провод";"wire";4;7.2;148.239;0;both;no
1086;1088;"redwire";"Orca";"Красный провод";"wire";4;7.2;148.239;0;both;no
1087;1089;"redwire";"Orca";"Красный провод";"wire";4;7.2;148.239;0;both;no
1088;1090;"redwire";"Orca";"Красный провод";"wire";4;7.2;148.239;0;both;no
1089;1091;"shella0deg";"Orca";"Обшивка A 0 градусов";"room-shell";15.36;400;-200;0;both;no
1090;1092;"opdeco_box5";"Orca";"Ящик 5";"Structure";6.4;11.52;156.807;0;both;no
1091;1093;"railgunshellrack";"Orca";"Стойка для снарядов рельсотрона";"Item";46.64;83.952;115.048;0;both;yes
1094;1096;"sshella17a";"Orca";"Обшивка челнока A17a";"Structure";5.76;10.368;134.47;0;both;no
1095;1097;"bluewire";"Orca";"Синий провод";"wire";4;7.2;155.89;0;both;no
1096;1098;"inwalllcapy4";"Orca";"Большая внутренняя стена – крышка V4";"Structure";7.84;14.112;147.628;0;both;no
1097;1099;"inwalllcapy4";"Orca";"Большая внутренняя стена – крышка V4";"Structure";7.84;14.112;147.628;0;both;no
1098;1100;"inwalllcaph3";"Orca";"Большая внутренняя стена – крышка H3";"Structure";7.84;14.112;132.328;0;both;no
1099;1101;"inwalllcaph3";"Orca";"Большая внутренняя стена – крышка H3";"Structure";7.84;14.112;132.328;0;both;no
1100;1102;"inwalllcaph1";"Orca";"Большая внутренняя стена – крышка H1";"Structure";4.32;7.776;132.328;0;both;no
1101;1103;"platform";"Orca";"Базовая платформа";"room-shell";4.32;400;-200;0;both;no
1102;1104;"platform";"Orca";"Базовая платформа";"room-shell";4.32;400;-200;0;both;no
1103;1105;"platform";"Orca";"Базовая платформа";"room-shell";4.32;400;-200;0;both;no
1104;1106;"waterdetector";"Orca";"Детектор воды";"Item";20;36;155.891;0;both;no
1105;1107;"inwalllcaph1";"Orca";"Большая внутренняя стена – крышка H1";"Structure";4.32;7.776;132.329;0;both;no
1106;1108;"inwalllcaph3";"Orca";"Большая внутренняя стена – крышка H3";"Structure";7.84;14.112;132.329;0;both;no
1107;1109;"inwalllcaph1";"Orca";"Большая внутренняя стена – крышка H1";"Structure";4.32;7.776;132.329;0;both;no
1108;1110;"inwalllcaph2";"Orca";"Большая внутренняя стена – крышка H2";"Structure";7.68;13.824;132.329;0;both;no
1109;1111;"inwalllcaph2";"Orca";"Большая внутренняя стена – крышка H2";"Structure";7.68;13.824;132.329;0;both;no
1110;1112;"inwalllcaph3";"Orca";"Большая внутренняя стена – крышка H3";"Structure";7.84;14.112;132.329;0;both;no
1111;1113;"inwalllcaph1";"Orca";"Большая внутренняя стена – крышка H1";"Structure";4.32;7.776;132.329;0;both;no
1112;1114;"inwalllcaph3";"Orca";"Большая внутренняя стена – крышка H3";"Structure";7.84;14.112;132.33;0;both;no
1113;1115;"inwalllcaph3";"Orca";"Большая внутренняя стена – крышка H3";"Structure";7.84;14.112;132.33;0;both;no
1114;1116;"inwalllcaph1";"Orca";"Большая внутренняя стена – крышка H1";"Structure";4.32;7.776;132.33;0;both;no
1115;1117;"inwalllcaph1";"Orca";"Большая внутренняя стена – крышка H1";"Structure";4.32;7.776;132.33;0;both;no
1116;1118;"inwalllcaph2";"Orca";"Большая внутренняя стена – крышка H2";"Structure";7.68;13.824;132.33;0;both;no
1117;1119;"inwalllcaph2";"Orca";"Большая внутренняя стена – крышка H2";"Structure";7.68;13.824;132.33;0;both;no
1118;1120;"inwalllcaph1";"Orca";"Большая внутренняя стена – крышка H1";"Structure";4.32;7.776;132.33;0;both;no
1119;1121;"inwalllcaph3";"Orca";"Большая внутренняя стена – крышка H3";"Structure";7.84;14.112;132.33;0;both;no
1120;1122;"inwalllcaph2";"Orca";"Большая внутренняя стена – крышка H2";"Structure";7.68;13.824;132.33;0;both;no
1121;1123;"inwalllcaph1";"Orca";"Большая внутренняя стена – крышка H1";"Structure";4.32;7.776;132.33;0;both;no
1122;1124;"inwalllcaph3";"Orca";"Большая внутренняя стена – крышка H3";"Structure";7.84;14.112;132.331;0;both;no
1123;1125;"inwalllcaph1";"Orca";"Большая внутренняя стена – крышка H1";"Structure";4.32;7.776;132.331;0;both;no
1124;1126;"inwalllcaph1";"Orca";"Большая внутренняя стена – крышка H1";"Structure";4.32;7.776;132.331;0;both;no
1125;1127;"inwalllcaph2";"Orca";"Большая внутренняя стена – крышка H2";"Structure";7.68;13.824;132.331;0;both;no
1126;1128;"inwalllcaph2";"Orca";"Большая внутренняя стена – крышка H2";"Structure";7.68;13.824;132.331;0;both;no
1127;1129;"inwalllcaph1";"Orca";"Большая внутренняя стена – крышка H1";"Structure";4.32;7.776;132.331;0;both;no
1128;1130;"FF_Wall_B";"Orca";"Задняя стена – балласт А1";"Structure";16;28.8;161.983;0;both;no
1129;1131;"FF_Wall_B";"Orca";"Задняя стена – балласт А1";"Structure";7.68;13.824;161.983;0;both;no
1130;1132;"CableHolderVertical";"Orca";"Вертикальный кабель-канал";"Structure";4;7.2;157.423;0;both;no
1131;1133;"bluewire";"Orca";"Синий провод";"wire";4;7.2;155.893;0;both;no
1132;1134;"FF_Wall_BP";"Orca";"Задняя стена – балласт А2";"Structure";7.52;13.536;161.402;0;both;no
1133;1135;"waterdetector";"Orca";"Детектор воды";"Item";20;36;155.894;0;both;no
1135;1137;"FF_Wall_B";"Orca";"Задняя стена – балласт А1";"Structure";16;28.8;161.983;0;both;no
1136;1138;"FF_Wall_B";"Orca";"Задняя стена – балласт А1";"Structure";15.36;27.648;161.983;0;both;no
1137;1139;"FF_Wall_B";"Orca";"Задняя стена – балласт А1";"Structure";16;28.8;161.983;0;both;no
1138;1140;"FF_Wall_B";"Orca";"Задняя стена – балласт А1";"Structure";12.8;23.04;158.924;0;both;no
1139;1141;"FF_Wall_B";"Orca";"Задняя стена – балласт А1";"Structure";10.24;18.432;158.924;0;both;no
1140;1142;"lamp";"Orca";"Лампа";"Item";20;36;155.894;0;both;no
1141;1143;"emergencylight";"Orca";"Аварийная лампа";"Item";20;36;152.834;0;both;no
1142;1144;"redwire";"Orca";"Красный провод";"wire";4;7.2;155.895;0;both;no
1143;1145;"textdisplay";"Orca";"Текстовый экран";"Item";20;36;157.425;0;both;no
1144;1146;"lightcomponent90";"Orca";"Осветительный компонент";"Item";20;36;155.895;0;both;no
1145;1147;"ff_x_wall";"Orca";"Большая горизонтальная внутренняя стена";"room-shell";7.68;400;-200;0;both;no
1146;1148;"CableHolderHorizontal2";"Orca";"Горизонтальный кабель-канал";"Structure";4.48;8.064;157.425;0;both;no
1147;1149;"signalcheckcomponent";"Orca";"Компонент проверки сигнала";"Item";20;36;155.895;0;both;no
1148;1150;"bluewire";"Orca";"Синий провод";"wire";4;7.2;155.895;0;both;no
1149;1151;"lightcomponent";"Orca";"Осветительный компонент";"Item";20;36;155.895;0;both;no
1150;1152;"sshella28";"Orca";"Обшивка челнока A28";"room-shell";5.44;400;-200;0;both;no
1151;1153;"sshellaglassf";"Orca";"Обшивка челнока A – стекло F";"room-shell";8.96;400;-200;0;both;no
1152;1154;"sshella28";"Orca";"Обшивка челнока A28";"room-shell";5.44;400;-200;0;both;no
1153;1155;"rustwalldecal1";"Orca";"Ржавчина (Испорчено)";"Item";72;129.6;69.4;0;both;yes
1154;1156;"rustwalldecal6";"Orca";"Ржавчина (Испорчено)";"Item";72;129.6;69.4;0;both;yes
1155;1157;"decobarrier1";"Orca";"Защитное ограждение";"Structure";9.12;16.416;154.366;0;both;no
1156;1158;"decobarrier1";"Orca";"Защитное ограждение";"Structure";9.12;16.416;154.366;0;both;no
1157;1159;"decobarrier1";"Orca";"Защитное ограждение";"Structure";9.12;16.416;154.366;0;both;no
1158;1160;"metal_box4";"Orca";"Металлический ящик";"Structure";12.64;22.752;161.098;0;both;no
1159;1161;"op_medicalstoresign";"Orca";"Знак";"Item";20;36;158.956;0;both;no
1160;1162;"weaponholder";"Orca";"Оружейная стойка";"Item";20;36;157.426;0;both;no
1161;1163;"opdeco_boxes1";"Orca";"Ящики";"Structure";9.92;17.856;156.814;0;both;no
1162;1164;"oxygentankshelf2";"Orca";"Полка для хранения кислородных баллонов";"Item";20;36;157.121;0;both;no
1163;1165;"opbg_generic4";"Orca";"Обычная стена аванпоста 4";"Structure";16;28.8;161.405;0;both;no
1164;1166;"ventconnectora2";"Orca";"Вент. канал – соединитель A2";"Structure";8.32;14.976;159.569;0;both;no
1165;1167;"ventconnectora7";"Orca";"Вент. канал – соединитель A7";"Structure";5.12;9.216;159.569;0;both;no
1166;1168;"ventmediumpipebenda1";"Orca";"Вент. труба средняя – изгиб A1";"Structure";5.12;9.216;160.793;0;both;no
1167;1169;"ventpipea2";"Orca";"Вент. труба A2";"Structure";4;7.2;160.793;0;both;no
1168;1170;"divingsuitlocker";"Orca";"Шкаф для водолазного костюма";"Item";21.56;38.808;157.121;0;both;no
1169;1171;"relaycomponent";"Orca";"Компонент ""Реле""";"Item";20;36;155.897;0;both;no
1170;1172;"redwire";"Orca";"Красный провод";"wire";4;7.2;155.897;0;both;no
1171;1173;"redwire";"Orca";"Красный провод";"wire";4;7.2;155.897;0;both;no
1172;1174;"redwire";"Orca";"Красный провод";"wire";4;7.2;155.898;0;both;no
1173;1175;"labelsiconmedical";"Orca";"Знак: символ медотсека";"Structure";8.16;14.688;161.559;0;both;no
1174;1176;"labelsiconengine";"Orca";"Знак: символ двигателя";"Structure";8.16;14.688;161.406;0;both;no
1175;1177;"crackedwall3";"Orca";"Стена с трещинами";"Structure";16;28.8;161.406;0;both;no
1176;1178;"labelsarrowhorizontalb";"Orca";"Знак: горизонтальная стрелка В";"Structure";4.96;8.928;157.428;0;both;no
1177;1179;"labelsiconreactor";"Orca";"Знак: символ реактора";"Structure";8.16;14.688;157.428;0;both;no
1178;1180;"labelsarrowhorizontalb";"Orca";"Знак: горизонтальная стрелка В";"Structure";4.96;8.928;157.428;0;both;no
1179;1181;"labelsarrowhorizontalb";"Orca";"Знак: горизонтальная стрелка В";"Structure";4.96;8.928;157.428;0;both;no
1180;1182;"labelsicondiving";"Orca";"Знак: символ погружения";"Structure";8.16;14.688;157.428;0;both;no
1181;1183;"labelsarroverticalb";"Orca";"Знак: вертикальная стрелка В";"Structure";5.12;9.216;157.428;0;both;no
1182;1184;"smallhorizontalback";"Orca";"Малая горизонтальная задняя стенка";"Structure";5.12;9.216;161.407;0;both;no
1183;1185;"FF_Wall_BP";"Orca";"Задняя стена – балласт А2";"Structure";6.4;11.52;161.988;0;both;no
1184;1186;"dockinghatch";"Orca";"Горизонтальный стыковочный порт";"wire";4;7.2;158.959;0;both;no
1185;1187;"hatch";"Orca";"Настраиваемый люк";"room-shell";21.56;400;-200;0;both;no
1186;1188;"bluewire";"Orca";"Синий провод";"wire";4;7.2;155.899;0;both;no
1187;1189;"bluewire";"Orca";"Синий провод";"wire";4;7.2;155.899;0;both;no
1188;1190;"bluewire";"Orca";"Синий провод";"wire";4;7.2;155.899;0;both;no
1189;1191;"bluewire";"Orca";"Синий провод";"wire";4;7.2;155.899;0;both;no
1190;1192;"bluewire";"Orca";"Синий провод";"wire";4;7.2;155.899;0;both;no
1191;1193;"bluewire";"Orca";"Синий провод";"wire";4;7.2;155.899;0;both;no
1192;1194;"bluewire";"Orca";"Синий провод";"wire";4;7.2;155.9;0;both;no
1194;1196;"dockinghatch";"Orca";"Горизонтальный стыковочный порт";"wire";4;7.2;158.96;0;both;no
1195;1197;"hatch";"Orca";"Настраиваемый люк";"room-shell";21.56;400;-200;0;both;no
1196;1198;"bluewire";"Orca";"Синий провод";"wire";4;7.2;155.9;0;both;no
1197;1199;"bluewire";"Orca";"Синий провод";"wire";4;7.2;155.9;0;both;no
1198;1200;"bluewire";"Orca";"Синий провод";"wire";4;7.2;155.9;0;both;no
1199;1201;"bluewire";"Orca";"Синий провод";"wire";4;7.2;155.9;0;both;no
1200;1202;"bluewire";"Orca";"Синий провод";"wire";4;7.2;155.9;0;both;no
1202;1204;"smallverticalback";"Orca";"Малая вертикальная задняя стенка";"Structure";5.12;9.216;158.961;0;both;no
1203;1205;"smallverticalback";"Orca";"Малая вертикальная задняя стенка";"Structure";5.12;9.216;158.961;0;both;no
1204;1206;"smallverticalback";"Orca";"Малая вертикальная задняя стенка";"Structure";5.12;9.216;158.961;0;both;no
1205;1207;"smallverticalback";"Orca";"Малая вертикальная задняя стенка";"Structure";5.12;9.216;158.961;0;both;no
1206;1208;"circuitbox";"Orca";"Кабельная коробка";"Item";20;36;155.901;0;both;no
1222;1224;"circuitbox";"Orca";"Кабельная коробка";"Item";20;36;155.903;0;both;no
1238;2814;"revolverround";"Orca";"Патрон револьвера";"Item";20;36;148.254;0;both;no
1239;2815;"revolverround";"Orca";"Патрон револьвера";"Item";20;36;148.254;0;both;no
1240;2816;"revolverround";"Orca";"Патрон револьвера";"Item";20;36;148.254;0;both;no
1241;2817;"revolverround";"Orca";"Патрон револьвера";"Item";20;36;148.254;0;both;no
1242;2818;"revolverround";"Orca";"Патрон револьвера";"Item";20;36;148.255;0;both;no
1243;2819;"revolverround";"Orca";"Патрон револьвера";"Item";20;36;148.255;0;both;no
1244;2820;"revolverround";"Orca";"Патрон револьвера";"Item";20;36;148.255;0;both;no
1245;2821;"revolverround";"Orca";"Патрон револьвера";"Item";20;36;148.255;0;both;no
1326;;"FF_Wall_H1";"Старательский участок Serac";"Задняя стена H1";"Structure";16;28.8;161.421;0;both;no
1327;;"ff_y_wall";"Старательский участок Serac";"Большая вертикальная внутренняя стена";"room-shell";7.68;400;-200;0;both;no
1328;;"ff_y_wall";"Старательский участок Serac";"Большая вертикальная внутренняя стена";"room-shell";7.68;400;-200;0;both;no
1329;;"hatch";"Старательский участок Serac";"Настраиваемый люк";"room-shell";21.56;400;-200;0;both;no
1330;;"ff_x_wall";"Старательский участок Serac";"Большая горизонтальная внутренняя стена";"room-shell";7.68;400;-200;0;both;no
1331;;"ff_x_wall";"Старательский участок Serac";"Большая горизонтальная внутренняя стена";"room-shell";7.68;400;-200;0;both;no
1333;;"inwalllcaph2";"Старательский участок Serac";"Большая внутренняя стена – крышка H2";"Structure";7.68;13.824;132.352;0;both;no
1334;;"inwalllcaph2";"Старательский участок Serac";"Большая внутренняя стена – крышка H2";"Structure";7.68;13.824;132.352;0;both;no
1335;;"inwalllcaph1";"Старательский участок Serac";"Большая внутренняя стена – крышка H1";"Structure";4.32;7.776;132.352;0;both;no
1336;;"inwalllcaph1";"Старательский участок Serac";"Большая внутренняя стена – крышка H1";"Structure";4.32;7.776;132.352;0;both;no
1337;;"dockinghatch";"Старательский участок Serac";"Горизонтальный стыковочный порт";"wire";4;7.2;158.974;0;both;no
1338;;"platform";"Старательский участок Serac";"Базовая платформа";"room-shell";4.32;400;-200;0;both;no
1339;;"opdeco_hrbench";"Старательский участок Serac";"Скамейка";"Structure";7.68;13.824;158.362;0;both;no
1340;;"windoweddoorwbuttons";"Старательский участок Serac";"Дверь с окном и кнопками";"room-shell";20;400;-200;0;both;no
1341;;"smallverticalback";"Старательский участок Serac";"Малая вертикальная задняя стенка";"Structure";5.12;9.216;162.004;0;both;no
1342;;"inwalllcapy2";"Старательский участок Serac";"Большая внутренняя стена – крышка V2";"Structure";4.32;7.776;132.353;0;both;no
1343;;"ff_x_wall";"Старательский участок Serac";"Большая горизонтальная внутренняя стена";"room-shell";7.68;400;-200;0;both;no
1344;;"ff_x_wall";"Старательский участок Serac";"Большая горизонтальная внутренняя стена";"room-shell";7.68;400;-200;0;both;no
1345;;"inwalllcaph2";"Старательский участок Serac";"Большая внутренняя стена – крышка H2";"Structure";7.68;13.824;132.353;0;both;no
1346;;"inwalllcaph2";"Старательский участок Serac";"Большая внутренняя стена – крышка H2";"Structure";7.68;13.824;132.353;0;both;no
1347;;"hatch";"Старательский участок Serac";"Настраиваемый люк";"room-shell";21.56;400;-200;0;both;no
1349;;"inwalllcaph1";"Старательский участок Serac";"Большая внутренняя стена – крышка H1";"Structure";4.32;7.776;132.353;0;both;no
1350;;"inwalllcaph1";"Старательский участок Serac";"Большая внутренняя стена – крышка H1";"Structure";4.32;7.776;132.353;0;both;no
1351;;"largehorizontalback";"Старательский участок Serac";"Большая горизонтальная задняя стенка";"Structure";10.24;18.432;158.975;0;both;no
1353;;"emergencylight";"Старательский участок Serac";"Аварийная лампа";"Item";20;36;155.916;0;both;no
1354;;"ff_y_wall";"Старательский участок Serac";"Большая вертикальная внутренняя стена";"room-shell";7.68;400;-200;0;both;no
1355;;"ff_y_wall";"Старательский участок Serac";"Большая вертикальная внутренняя стена";"room-shell";7.68;400;-200;0;both;no
1356;;"largeplatform";"Старательский участок Serac";"Большая платформа";"room-shell";8.16;400;-200;0;both;no
1357;;"ladder";"Старательский участок Serac";"Лестница";"Item";37;66.6;132.4;8;both;yes
1358;;"ff_x_wall";"Старательский участок Serac";"Большая горизонтальная внутренняя стена";"room-shell";7.68;400;-200;0;both;no
1359;;"opbg_manageroffice2";"Старательский участок Serac";"Офис управляющего аванпоста – фон 2";"Structure";16;28.8;161.424;0;both;no
1360;;"opdeco_monitor01";"Старательский участок Serac";"Монитор";"Structure";15.36;27.648;158.946;0;both;no
1361;;"ff_x_wall";"Старательский участок Serac";"Большая горизонтальная внутренняя стена";"room-shell";7.68;400;-200;0;both;no
1362;;"largeplatform";"Старательский участок Serac";"Большая платформа";"room-shell";8.16;400;-200;0;both;no
1363;;"ff_y_wall";"Старательский участок Serac";"Большая вертикальная внутренняя стена";"room-shell";7.68;400;-200;0;both;no
1364;;"ff_x_wall";"Старательский участок Serac";"Большая горизонтальная внутренняя стена";"room-shell";7.68;400;-200;0;both;no
1365;;"ff_x_wall";"Старательский участок Serac";"Большая горизонтальная внутренняя стена";"room-shell";7.68;400;-200;0;both;no
1366;;"inwalllcaph2";"Старательский участок Serac";"Большая внутренняя стена – крышка H2";"Structure";7.68;13.824;132.355;0;both;no
1367;;"inwalllcaph2";"Старательский участок Serac";"Большая внутренняя стена – крышка H2";"Structure";7.68;13.824;132.355;0;both;no
1368;;"inwalllcaph1";"Старательский участок Serac";"Большая внутренняя стена – крышка H1";"Structure";4.32;7.776;132.355;0;both;no
1369;;"inwalllcapy1";"Старательский участок Serac";"Большая внутренняя стена – крышка V1";"Structure";7.84;14.112;132.355;0;both;no
1370;;"FF_Wall_BP";"Старательский участок Serac";"Задняя стена – балласт А2";"Structure";7.68;13.824;161.425;0;both;no
1371;;"bluewire";"Старательский участок Serac";"Синий провод";"wire";4;7.2;148.267;0;both;no
1372;;"inwalllcapy1";"Старательский участок Serac";"Большая внутренняя стена – крышка V1";"Structure";7.84;14.112;132.356;0;both;no
1373;;"inwalllcapy1";"Старательский участок Serac";"Большая внутренняя стена – крышка V1";"Structure";7.84;14.112;132.356;0;both;no
1374;;"ladder";"Старательский участок Serac";"Лестница";"Item";37;66.6;132.4;8;both;yes
1375;;"opbg_airlock1";"Старательский участок Serac";"Стена аванпоста со шлюзом";"Structure";16;28.8;161.426;0;both;no
1376;;"opbg_airlock1";"Старательский участок Serac";"Стена аванпоста со шлюзом";"Structure";16;28.8;161.426;0;both;no
1377;;"ff_y_wall";"Старательский участок Serac";"Большая вертикальная внутренняя стена";"room-shell";7.68;400;-200;0;both;no
1378;;"inwalllcaph2";"Старательский участок Serac";"Большая внутренняя стена – крышка H2";"Structure";7.68;13.824;132.356;0;both;no
1379;;"inwalllcaph2";"Старательский участок Serac";"Большая внутренняя стена – крышка H2";"Structure";7.68;13.824;132.356;0;both;no
1381;;"inwalllcaph2";"Старательский участок Serac";"Большая внутренняя стена – крышка H2";"Structure";7.68;13.824;132.356;0;both;no
1382;;"ladder";"Старательский участок Serac";"Лестница";"Item";37;66.6;132.4;8;both;yes
1383;;"ff_x_wall";"Старательский участок Serac";"Большая горизонтальная внутренняя стена";"room-shell";7.68;400;-200;0;both;no
1384;;"motiondetector";"Старательский участок Serac";"Детектор движения";"Item";20;36;155.919;0;both;no
1385;;"bluewire";"Старательский участок Serac";"Синий провод";"wire";4;7.2;148.269;0;both;no
1386;;"redwire";"Старательский участок Serac";"Красный провод";"wire";4;7.2;155.919;0;both;no
1387;;"bluewire";"Старательский участок Serac";"Синий провод";"wire";4;7.2;155.919;0;both;no
1388;;"decopanel4";"Старательский участок Serac";"Декоративная панель";"Structure";9.12;16.416;161.121;0;both;no
1389;;"decopanel4";"Старательский участок Serac";"Декоративная панель";"Structure";4.48;8.064;161.121;0;both;no
1390;;"opdeco_rollupdoor";"Старательский участок Serac";"Рулонная дверь";"Structure";12.8;23.04;160.509;0;both;no
1391;;"opdeco_boxes1";"Старательский участок Serac";"Ящики";"Structure";9.92;17.856;161.121;0;both;no
1392;;"smallverticalback2";"Старательский участок Serac";"Малая вертикальная задняя стенка 2";"Structure";5.12;9.216;160.51;0;both;no
1393;;"smallverticalback2";"Старательский участок Serac";"Малая вертикальная задняя стенка 2";"Structure";5.12;9.216;160.51;0;both;no
1394;;"opbg_generic4";"Старательский участок Serac";"Обычная стена аванпоста 4";"Structure";5.12;9.216;161.428;0;both;no
1395;;"platform";"Старательский участок Serac";"Базовая платформа";"room-shell";4.32;400;-200;0;both;no
1396;;"opdeco_box3";"Старательский участок Serac";"Ящик 3";"Structure";8.96;16.128;161.122;0;both;no
1397;;"junctionbox";"Старательский участок Serac";"Кабельная коробка";"Item";23.76;42.768;155.92;0;both;no
1398;;"opdeco_box2";"Старательский участок Serac";"Ящик 2";"Structure";6.08;10.944;161.122;0;both;no
1399;;"opbg_generic5";"Старательский участок Serac";"Обычная стена аванпоста 5";"Structure";12.8;23.04;161.428;0;both;no
1400;;"CableHolderHorizontal";"Старательский участок Serac";"Горизонтальный кабель-канал";"Structure";4;7.2;157.45;0;both;no
1401;;"CableHolderHorizontal";"Старательский участок Serac";"Горизонтальный кабель-канал";"Structure";4;7.2;157.45;0;both;no
1402;;"CableHolderVertical";"Старательский участок Serac";"Вертикальный кабель-канал";"Structure";4;7.2;154.391;0;both;no
1408;;"emergencylight";"Старательский участок Serac";"Аварийная лампа";"Item";20;36;155.921;0;both;no
1409;;"smallpump";"Старательский участок Serac";"Малый насос";"Item";20;36;155.921;0;both;no
1410;;"junctionbox";"Старательский участок Serac";"Кабельная коробка";"Item";23.76;42.768;155.921;0;both;no
1411;;"redwire";"Старательский участок Serac";"Красный провод";"wire";4;7.2;155.921;0;both;no
1412;;"decopanel4";"Старательский участок Serac";"Декоративная панель";"Structure";4.48;8.064;161.124;0;both;no
1413;;"FF_Wall_BP";"Старательский участок Serac";"Задняя стена – балласт А2";"Structure";5.12;9.216;161.43;0;both;no
1414;;"opdeco_monitor01";"Старательский участок Serac";"Монитор";"Structure";16;28.8;161.43;0;both;no
1415;;"frontpulley";"Старательский участок Serac";"Передний блок";"Structure";6.4;11.52;131.748;0;both;no
1416;;"op_sepnoose";"Старательский участок Serac";"Висельный узел (Бандит)";"Item";20;36;158.982;0;both;no
1417;;"bluewire";"Старательский участок Serac";"Синий провод";"wire";4;7.2;155.922;0;both;no
1418;;"bluewire";"Старательский участок Serac";"Синий провод";"wire";4;7.2;155.922;0;both;no
1419;;"inwallltiev3";"Старательский участок Serac";"Большая внутренняя стена – анкер V3";"Structure";8.48;15.264;132.36;0;both;no
1420;;"inwallltieh3";"Старательский участок Serac";"Большая внутренняя стена – анкер H3";"Structure";8.64;15.552;132.36;0;both;no
1423;;"CableHolderVertical";"Старательский участок Serac";"Вертикальный кабель-канал";"Structure";4;7.2;157.453;0;both;no
1424;;"ventpipea890deg";"Старательский участок Serac";"Вент. труба A8 вертикальная";"Structure";4;7.2;160.819;0;both;no
1425;;"redwire";"Старательский участок Serac";"Красный провод";"wire";4;7.2;148.273;0;both;no
1426;;"ventpipea5";"Старательский участок Serac";"Вент. труба A5";"Structure";4;7.2;160.819;0;both;no
1427;;"opdeco_supportbeam_vertical";"Старательский участок Serac";"Вертикальная балка";"Structure";4;7.2;160.054;0;both;no
1428;;"opdeco_box1";"Старательский участок Serac";"Ящик 1";"Structure";11.36;20.448;161.125;0;both;no
1429;;"ventpipea5";"Старательский участок Serac";"Вент. труба A5";"Structure";4;7.2;160.819;0;both;no
1446;;"ventpipea790deg";"Старательский участок Serac";"Вент. труба A7 вертикальная";"Structure";4;7.2;160.821;0;both;no
1447;;"bluewire";"Старательский участок Serac";"Синий провод";"wire";4;7.2;155.925;0;both;no
1448;;"lightfluorescentm02";"Старательский участок Serac";"Лампа";"Item";20;36;155.925;0;both;no
1449;;"lightfluorescentl02";"Старательский участок Serac";"Лампа";"Item";20;36;155.925;0;both;no
1450;;"bluewire";"Старательский участок Serac";"Синий провод";"wire";4;7.2;148.275;0;both;no
1451;;"bluewire";"Старательский участок Serac";"Синий провод";"wire";4;7.2;148.275;0;both;no
1452;;"opbg_generic5";"Старательский участок Serac";"Обычная стена аванпоста 5";"Structure";5.12;9.216;161.434;0;both;no
1453;;"bluewire";"Старательский участок Serac";"Синий провод";"wire";4;7.2;148.276;0;both;no
1454;;"redwire";"Старательский участок Serac";"Красный провод";"wire";4;7.2;148.276;0;both;no
1455;;"redwire";"Старательский участок Serac";"Красный провод";"wire";4;7.2;148.276;0;both;no
1456;;"bluewire";"Старательский участок Serac";"Синий провод";"wire";4;7.2;148.276;0;both;no
1457;;"notcomponent";"Старательский участок Serac";"Компонент ""Не""";"Item";20;36;155.926;0;both;no
1458;;"andcomponent";"Старательский участок Serac";"Компонент ""И""";"Item";20;36;155.926;0;both;no
1459;;"delaycomponent";"Старательский участок Serac";"Компонент ""Задержки""";"Item";20;36;155.926;0;both;no
1460;;"motiondetector";"Старательский участок Serac";"Детектор движения";"Item";20;36;155.926;0;both;no
1462;;"redwire";"Старательский участок Serac";"Красный провод";"wire";4;7.2;148.277;0;both;no
1463;;"bluewire";"Старательский участок Serac";"Синий провод";"wire";4;7.2;155.927;0;both;no
1464;;"bluewire";"Старательский участок Serac";"Синий провод";"wire";4;7.2;148.277;0;both;no
1465;;"bluewire";"Старательский участок Serac";"Синий провод";"wire";4;7.2;148.277;0;both;no
1466;;"bluewire";"Старательский участок Serac";"Синий провод";"wire";4;7.2;148.277;0;both;no
1467;;"bluewire";"Старательский участок Serac";"Синий провод";"wire";4;7.2;148.277;0;both;no
1468;;"bluewire";"Старательский участок Serac";"Синий провод";"wire";4;7.2;155.927;0;both;no
1469;;"notcomponent";"Старательский участок Serac";"Компонент ""Не""";"Item";20;36;155.927;0;both;no
1470;;"andcomponent";"Старательский участок Serac";"Компонент ""И""";"Item";20;36;155.927;0;both;no
1471;;"delaycomponent";"Старательский участок Serac";"Компонент ""Задержки""";"Item";20;36;155.927;0;both;no
1472;;"motiondetector";"Старательский участок Serac";"Детектор движения";"Item";20;36;155.928;0;both;no
1473;;"bluewire";"Старательский участок Serac";"Синий провод";"wire";4;7.2;155.928;0;both;no
1474;;"waterdetector";"Старательский участок Serac";"Детектор воды";"Item";20;36;155.928;0;both;no
1475;;"button";"Старательский участок Serac";"Кнопка";"Item";20;36;155.928;0;both;no
1476;;"inwalllcapy2";"Старательский участок Serac";"Большая внутренняя стена – крышка V2";"Structure";4.32;7.776;132.366;0;both;no
1477;;"bluewire";"Старательский участок Serac";"Синий провод";"wire";4;7.2;148.278;0;both;no
1478;;"smallverticalback";"Старательский участок Serac";"Малая вертикальная задняя стенка";"Structure";5.12;9.216;162.018;0;both;no
1479;;"opdeco_shelfmedium";"Старательский участок Serac";"Средняя полка";"Structure";12.64;22.752;161.283;0;both;no
1483;;"redwire";"Старательский участок Serac";"Красный провод";"wire";4;7.2;148.279;0;both;no
1485;;"door";"Старательский участок Serac";"Настраиваемая дверь";"room-shell";20;400;-200;0;both;no
1486;;"door";"Старательский участок Serac";"Настраиваемая дверь";"room-shell";20;400;-200;0;both;no
1487;;"delaycomponent";"Старательский участок Serac";"Компонент ""Задержки""";"Item";20;36;155.929;0;both;no
1489;;"opdeco_box1";"Старательский участок Serac";"Ящик 1";"Structure";11.36;20.448;161.284;0;both;no
1491;;"opdeco_trolley1";"Старательский участок Serac";"Вагонетка 1";"Structure";15.36;27.648;161.284;0;both;no
1492;;"outpostterminal";"Старательский участок Serac";"Терминал аванпоста";"Item";20;36;155.93;0;both;no
1493;;"textdisplay";"Старательский участок Serac";"Текстовый экран";"Item";20;36;157.46;0;both;no
1494;;"button";"Старательский участок Serac";"Кнопка";"Item";20;36;155.93;0;both;no
1495;;"button";"Старательский участок Serac";"Кнопка";"Item";20;36;155.93;0;both;no
1496;;"relaycomponent";"Старательский участок Serac";"Компонент ""Реле""";"Item";20;36;155.93;0;both;no
1497;;"signalcheckcomponent";"Старательский участок Serac";"Компонент проверки сигнала";"Item";20;36;155.93;0;both;no
1498;;"lightcomponent90";"Старательский участок Serac";"Осветительный компонент";"Item";20;36;155.93;0;both;no
1499;;"notcomponent";"Старательский участок Serac";"Компонент ""Не""";"Item";20;36;155.93;0;both;no
1500;;"relaycomponent";"Старательский участок Serac";"Компонент ""Реле""";"Item";20;36;155.93;0;both;no
1501;;"bluewire";"Старательский участок Serac";"Синий провод";"wire";4;7.2;148.28;0;both;no
1502;;"bluewire";"Старательский участок Serac";"Синий провод";"wire";4;7.2;148.281;0;both;no
1503;;"bluewire";"Старательский участок Serac";"Синий провод";"wire";4;7.2;148.281;0;both;no
1504;;"delaycomponent";"Старательский участок Serac";"Компонент ""Задержки""";"Item";20;36;155.931;0;both;no
1505;;"bluewire";"Старательский участок Serac";"Синий провод";"wire";4;7.2;148.281;0;both;no
1506;;"bluewire";"Старательский участок Serac";"Синий провод";"wire";4;7.2;148.281;0;both;no
1507;;"button";"Старательский участок Serac";"Кнопка";"Item";20;36;155.931;0;both;no
1508;;"bluewire";"Старательский участок Serac";"Синий провод";"wire";4;7.2;148.281;0;both;no
1509;;"bluewire";"Старательский участок Serac";"Синий провод";"wire";4;7.2;148.281;0;both;no
1510;;"bluewire";"Старательский участок Serac";"Синий провод";"wire";4;7.2;148.281;0;both;no
1511;;"notcomponent";"Старательский участок Serac";"Компонент ""Не""";"Item";20;36;155.931;0;both;no
1512;;"relaycomponent";"Старательский участок Serac";"Компонент ""Реле""";"Item";20;36;155.932;0;both;no
1513;;"relaycomponent";"Старательский участок Serac";"Компонент ""Реле""";"Item";20;36;155.932;0;both;no
1514;;"notcomponent";"Старательский участок Serac";"Компонент ""Не""";"Item";20;36;155.932;0;both;no
1515;;"delaycomponent";"Старательский участок Serac";"Компонент ""Задержки""";"Item";20;36;155.932;0;both;no
1516;;"button";"Старательский участок Serac";"Кнопка";"Item";20;36;155.932;0;both;no
1517;;"bluewire";"Старательский участок Serac";"Синий провод";"wire";4;7.2;148.282;0;both;no
1518;;"bluewire";"Старательский участок Serac";"Синий провод";"wire";4;7.2;148.282;0;both;no
1519;;"bluewire";"Старательский участок Serac";"Синий провод";"wire";4;7.2;148.282;0;both;no
1520;;"bluewire";"Старательский участок Serac";"Синий провод";"wire";4;7.2;148.282;0;both;no
1521;;"bluewire";"Старательский участок Serac";"Синий провод";"wire";4;7.2;148.282;0;both;no
1522;;"bluewire";"Старательский участок Serac";"Синий провод";"wire";4;7.2;148.283;0;both;no
1523;;"bluewire";"Старательский участок Serac";"Синий провод";"wire";4;7.2;148.283;0;both;no
1524;;"button";"Старательский участок Serac";"Кнопка";"Item";20;36;155.933;0;both;no
1526;;"bluewire";"Старательский участок Serac";"Синий провод";"wire";4;7.2;148.283;0;both;no
1527;;"bluewire";"Старательский участок Serac";"Синий провод";"wire";4;7.2;148.283;0;both;no
1528;;"bluewire";"Старательский участок Serac";"Синий провод";"wire";4;7.2;148.283;0;both;no
1529;;"bluewire";"Старательский участок Serac";"Синий провод";"wire";4;7.2;148.283;0;both;no
1530;;"bluewire";"Старательский участок Serac";"Синий провод";"wire";4;7.2;148.283;0;both;no
1531;;"bluewire";"Старательский участок Serac";"Синий провод";"wire";4;7.2;148.283;0;both;no
1532;;"bluewire";"Старательский участок Serac";"Синий провод";"wire";4;7.2;148.284;0;both;no
1533;;"signalcheckcomponent";"Старательский участок Serac";"Компонент проверки сигнала";"Item";20;36;155.934;0;both;no
1534;;"bluewire";"Старательский участок Serac";"Синий провод";"wire";4;7.2;148.284;0;both;no
1535;;"bluewire";"Старательский участок Serac";"Синий провод";"wire";4;7.2;148.284;0;both;no
1536;;"bluewire";"Старательский участок Serac";"Синий провод";"wire";4;7.2;148.284;0;both;no
1537;;"bluewire";"Старательский участок Serac";"Синий провод";"wire";4;7.2;148.284;0;both;no
1538;;"bluewire";"Старательский участок Serac";"Синий провод";"wire";4;7.2;148.284;0;both;no
1539;;"bluewire";"Старательский участок Serac";"Синий провод";"wire";4;7.2;148.284;0;both;no
1540;;"lightcomponent90";"Старательский участок Serac";"Осветительный компонент";"Item";20;36;155.934;0;both;no
1541;;"smallverticalback";"Старательский участок Serac";"Малая вертикальная задняя стенка";"Structure";5.12;9.216;162.024;0;both;no
1542;;"smallverticalback";"Старательский участок Serac";"Малая вертикальная задняя стенка";"Structure";5.12;9.216;162.024;0;both;no
1543;;"waterdetector";"Старательский участок Serac";"Детектор воды";"Item";20;36;155.935;0;both;no
1544;;"smallpump";"Старательский участок Serac";"Малый насос";"Item";20;36;155.935;0;both;no
1545;;"bluewire";"Старательский участок Serac";"Синий провод";"wire";4;7.2;148.285;0;both;no
1549;;"bluewire";"Старательский участок Serac";"Синий провод";"wire";4;7.2;155.935;0;both;no
1551;;"bluewire";"Старательский участок Serac";"Синий провод";"wire";4;7.2;155.935;0;both;no
1553;;"vent";"Старательский участок Serac";"Вентиляционный клапан";"Item";31.24;56.232;142.768;0;both;yes
1554;;"opdeco_ladder";"Старательский участок Serac";"Стремянка";"Structure";7.52;13.536;161.138;0;both;no
1555;;"opdeco_supportbeam_vertical";"Старательский участок Serac";"Вертикальная балка";"Structure";4;7.2;160.373;0;both;no
1556;;"opdeco_supportbeam_vertical";"Старательский участок Serac";"Вертикальная балка";"Structure";4;7.2;160.373;0;both;no
1557;;"opdeco_supportbeam_horizontal";"Старательский участок Serac";"Горизонтальная балка";"Structure";7.68;13.824;157.313;0;both;no
1558;;"FF_Wall_G3";"Старательский участок Serac";"Задняя стена G3";"Structure";7.68;13.824;161.444;0;both;no
1559;;"opdeco_supportbeam_horizontal";"Старательский участок Serac";"Горизонтальная балка";"Structure";7.68;13.824;160.067;0;both;no
1560;;"opdeco_supportbeam_vertical";"Старательский участок Serac";"Вертикальная балка";"Structure";4;7.2;160.373;0;both;no
1561;;"opdeco_construction_barrier";"Старательский участок Serac";"Ограждение стройки";"Structure";4;7.2;161.138;0;both;no
1562;;"opdeco_construction_barriertape";"Старательский участок Serac";"Ограждение стройки";"Structure";4;7.2;158.079;0;both;no
1563;;"opdeco_construction_barrier";"Старательский участок Serac";"Ограждение стройки";"Structure";4;7.2;161.139;0;both;no
1564;;"decowire2";"Старательский участок Serac";"Декоративная проводка";"Structure";5.12;9.216;160.986;0;both;no
1565;;"FF_Wall_G3";"Старательский участок Serac";"Задняя стена G3";"Structure";10.88;19.584;161.445;0;both;no
1566;;"decowire10";"Старательский участок Serac";"Декоративная проводка";"Structure";5.12;9.216;160.986;0;both;no
1567;;"decowire4";"Старательский участок Serac";"Декоративная проводка";"Structure";12.8;23.04;160.986;0;both;no
1568;;"FF_Wall_G3";"Старательский участок Serac";"Задняя стена G3";"Structure";16;28.8;161.445;0;both;no
1569;;"decocolumn2";"Старательский участок Serac";"Декоративная колонна";"Structure";7.68;13.824;159.915;0;both;no
1570;;"opdeco_monitor02";"Старательский участок Serac";"Монитор";"Structure";5.12;9.216;158.385;0;both;no
1571;;"opdeco_monitor02";"Старательский участок Serac";"Монитор";"Structure";5.12;9.216;158.385;0;both;no
1572;;"decowire11";"Старательский участок Serac";"Декоративная проводка";"Structure";12.8;23.04;160.987;0;both;no
1573;;"opdeco_monitor02";"Старательский участок Serac";"Монитор";"Structure";5.12;9.216;161.446;0;both;no
1574;;"opdeco_hrflyers";"Старательский участок Serac";"Листовки";"Item";17;30.6;150.998;8;both;no
1575;;"opdeco_monitor02";"Старательский участок Serac";"Монитор";"Structure";5.12;9.216;158.233;0;both;no
1576;;"decowire14";"Старательский участок Serac";"Декоративная проводка";"Structure";5.12;9.216;160.987;0;both;no
1577;;"decowire14";"Старательский участок Serac";"Декоративная проводка";"Structure";5.12;9.216;160.987;0;both;no
1578;;"decowire14";"Старательский участок Serac";"Декоративная проводка";"Structure";5.12;9.216;160.987;0;both;no
1579;;"opdeco_screen01";"Старательский участок Serac";"Экран монитора";"Item";20;36;155.938;0;both;no
1580;;"decowire14";"Старательский участок Serac";"Декоративная проводка";"Structure";5.12;9.216;160.987;0;both;no
1581;;"opdeco_screen03";"Старательский участок Serac";"Экран монитора";"Item";20;36;155.938;0;both;no
1582;;"opdeco_monitor02";"Старательский участок Serac";"Монитор";"Structure";5.12;9.216;158.234;0;both;no
1583;;"opdeco_screen01";"Старательский участок Serac";"Экран монитора";"Item";20;36;155.939;0;both;no
1584;;"opdeco_screen02";"Старательский участок Serac";"Экран монитора";"Item";20;36;155.939;0;both;no
1585;;"opdeco_screen03";"Старательский участок Serac";"Экран монитора";"Item";20;36;155.939;0;both;no
1586;;"decowire2";"Старательский участок Serac";"Декоративная проводка";"Structure";5.12;9.216;160.988;0;both;no
1587;;"decowire2";"Старательский участок Serac";"Декоративная проводка";"Structure";5.12;9.216;160.988;0;both;no
1588;;"decowire7";"Старательский участок Serac";"Декоративная проводка";"Structure";6.4;11.52;160.988;0;both;no
1589;;"decowire7";"Старательский участок Serac";"Декоративная проводка";"Structure";6.4;11.52;160.988;0;both;no
1590;;"decowire11";"Старательский участок Serac";"Декоративная проводка";"Structure";12.8;23.04;160.988;0;both;no
1591;;"opdeco_screen01";"Старательский участок Serac";"Экран монитора";"Item";20;36;155.939;0;both;no
1592;;"opdeco_screen02";"Старательский участок Serac";"Экран монитора";"Item";20;36;159;0;both;no
1593;;"opdeco_screen03";"Старательский участок Serac";"Экран монитора";"Item";20;36;159;0;both;no
1594;;"opdeco_screen03";"Старательский участок Serac";"Экран монитора";"Item";20;36;159;0;both;no
1595;;"opdeco_screen04";"Старательский участок Serac";"Экран монитора";"Item";20;36;159;0;both;no
1596;;"opdeco_screen01";"Старательский участок Serac";"Экран монитора";"Item";20;36;155.94;0;both;no
1597;;"opdeco_screen03";"Старательский участок Serac";"Экран монитора";"Item";20;36;155.94;0;both;no
1598;;"opdeco_screen03";"Старательский участок Serac";"Экран монитора";"Item";20;36;159;0;both;no
1599;;"opdeco_screen02";"Старательский участок Serac";"Экран монитора";"Item";20;36;159;0;both;no
1600;;"opdeco_screen02";"Старательский участок Serac";"Экран монитора";"Item";20;36;155.94;0;both;no
1601;;"opdeco_screen02";"Старательский участок Serac";"Экран монитора";"Item";20;36;155.94;0;both;no
1602;;"opdeco_screen02";"Старательский участок Serac";"Экран монитора";"Item";20;36;159.001;0;both;no
1603;;"opdeco_monitor02";"Старательский участок Serac";"Монитор";"Structure";5.12;9.216;158.236;0;both;no
1604;;"opdeco_monitor02";"Старательский участок Serac";"Монитор";"Structure";5.12;9.216;158.236;0;both;no
1605;;"opdeco_screen01";"Старательский участок Serac";"Экран монитора";"Item";20;36;155.941;0;both;no
1606;;"opdeco_screen01";"Старательский участок Serac";"Экран монитора";"Item";20;36;155.941;0;both;no
1607;;"opdeco_screen04";"Старательский участок Serac";"Экран монитора";"Item";20;36;159.001;0;both;no
1608;;"platform";"Старательский участок Serac";"Базовая платформа";"room-shell";4.32;400;-200;0;both;no
1611;;"bluewire";"Старательский участок Serac";"Синий провод";"wire";4;7.2;155.941;0;both;no
1612;;"delaycomponent";"Старательский участок Serac";"Компонент ""Задержки""";"Item";20;36;155.942;0;both;no
1613;;"andcomponent";"Старательский участок Serac";"Компонент ""И""";"Item";20;36;155.942;0;both;no
1614;;"notcomponent";"Старательский участок Serac";"Компонент ""Не""";"Item";20;36;155.942;0;both;no
1615;;"motiondetector";"Старательский участок Serac";"Детектор движения";"Item";20;36;155.942;0;both;no
1616;;"bluewire";"Старательский участок Serac";"Синий провод";"wire";4;7.2;155.942;0;both;no
1617;;"bluewire";"Старательский участок Serac";"Синий провод";"wire";4;7.2;155.942;0;both;no
1618;;"bluewire";"Старательский участок Serac";"Синий провод";"wire";4;7.2;148.292;0;both;no
1619;;"bluewire";"Старательский участок Serac";"Синий провод";"wire";4;7.2;148.292;0;both;no
1620;;"bluewire";"Старательский участок Serac";"Синий провод";"wire";4;7.2;148.292;0;both;no
1621;;"bluewire";"Старательский участок Serac";"Синий провод";"wire";4;7.2;148.292;0;both;no
1622;;"graffiti1";"Старательский участок Serac";"Граффити";"Structure";16;28.8;158.391;0;both;no
1623;;"op_sepposter3";"Старательский участок Serac";"Плакат (Сепаратист)";"Item";44;79.2;119.8;0;both;yes
1624;;"op_sepdebris3";"Старательский участок Serac";"Мусор (Бандит/Сепаратист)";"Item";44.44;79.992;119.008;0;both;yes
1625;;"op_sepdebris1";"Старательский участок Serac";"Мусор (Бандит/Сепаратист)";"Item";34.32;61.776;137.224;0;both;yes
1626;;"piratedecal3";"Старательский участок Serac";"Граффити";"Item";55;99;100;0;both;yes
1627;;"op_sepbarbedwire";"Старательский участок Serac";"Колючая проволока (Бандит/Сепаратист)";"Item";20;36;158.085;0;both;no
1628;;"op_sepbarbedwire";"Старательский участок Serac";"Колючая проволока (Бандит/Сепаратист)";"Item";20;36;158.085;0;both;no
1629;;"piratesubdeco3";"Старательский участок Serac";"Украшение: подлодка сепаратистов";"Item";51.92;93.456;105.544;0;both;yes
1630;;"smallverticalback";"Старательский участок Serac";"Малая вертикальная задняя стенка";"Structure";5.12;9.216;162.033;0;both;no
1631;;"smallverticalback";"Старательский участок Serac";"Малая вертикальная задняя стенка";"Structure";5.12;9.216;162.033;0;both;no
1632;;"smallverticalback";"Старательский участок Serac";"Малая вертикальная задняя стенка";"Structure";5.12;9.216;162.033;0;both;no
1633;;"smallverticalback";"Старательский участок Serac";"Малая вертикальная задняя стенка";"Structure";5.12;9.216;162.033;0;both;no
1634;;"opdeco_crane";"Старательский участок Serac";"Шахтный подъемник";"Structure";10.72;19.296;162.033;0;both;no
1635;;"opdeco_crane";"Старательский участок Serac";"Шахтный подъемник";"Structure";10.72;19.296;162.033;0;both;no
1636;;"opdeco_crane";"Старательский участок Serac";"Шахтный подъемник";"Structure";10.72;19.296;162.033;0;both;no
1637;;"opdeco_crane";"Старательский участок Serac";"Шахтный подъемник";"Structure";10.72;19.296;162.033;0;both;no
1638;;"opdeco_crane";"Старательский участок Serac";"Шахтный подъемник";"Structure";10.72;19.296;162.034;0;both;no
1639;;"opdeco_crane";"Старательский участок Serac";"Шахтный подъемник";"Structure";10.72;19.296;162.034;0;both;no
1640;;"opdeco_crane";"Старательский участок Serac";"Шахтный подъемник";"Structure";10.72;19.296;162.034;0;both;no
1641;;"opdeco_crane";"Старательский участок Serac";"Шахтный подъемник";"Structure";10.72;19.296;162.034;0;both;no
1642;;"opdeco_crane";"Старательский участок Serac";"Шахтный подъемник";"Structure";10.72;19.296;162.034;0;both;no
1643;;"opdeco_crane";"Старательский участок Serac";"Шахтный подъемник";"Structure";10.72;19.296;162.034;0;both;no
1644;;"opdeco_crane";"Старательский участок Serac";"Шахтный подъемник";"Structure";10.72;19.296;162.034;0;both;no
1645;;"largeverticalback2";"Старательский участок Serac";"Большая вертикальная задняя стенка 2";"Structure";10.24;18.432;162.034;0;both;no
1646;;"opdeco_crane";"Старательский участок Serac";"Шахтный подъемник";"Structure";10.72;19.296;162.034;0;both;no
1647;;"largeverticalback2";"Старательский участок Serac";"Большая вертикальная задняя стенка 2";"Structure";10.24;18.432;162.034;0;both;no
1648;;"opdeco_crane";"Старательский участок Serac";"Шахтный подъемник";"Structure";10.72;19.296;162.035;0;both;no
1649;;"largeverticalback2";"Старательский участок Serac";"Большая вертикальная задняя стенка 2";"Structure";10.24;18.432;162.035;0;both;no
1650;;"opdeco_crane";"Старательский участок Serac";"Шахтный подъемник";"Structure";10.72;19.296;162.035;0;both;no
1651;;"largeverticalback2";"Старательский участок Serac";"Большая вертикальная задняя стенка 2";"Structure";10.24;18.432;162.035;0;both;no
1652;;"smallhorizontalback";"Старательский участок Serac";"Малая горизонтальная задняя стенка";"Structure";5.12;9.216;162.035;0;both;no
1653;;"smallhorizontalback";"Старательский участок Serac";"Малая горизонтальная задняя стенка";"Structure";5.12;9.216;162.035;0;both;no
1654;;"icechunkdecorative2";"Старательский участок Serac";"Ледяной куб";"Structure";16;28.8;162.035;0;both;no
1655;;"icechunkdecorative3";"Старательский участок Serac";"Ледяной куб";"Structure";16;28.8;162.035;0;both;no
1656;;"icechunkdecorative1";"Старательский участок Serac";"Ледяной куб";"Structure";16;28.8;162.035;0;both;no
1657;;"rustitemdecal2";"Старательский участок Serac";"Ржавчина (Испорчено)";"Item";56.32;101.376;97.624;0;both;yes
1658;;"rustwalldecal6";"Старательский участок Serac";"Ржавчина (Испорчено)";"Item";72;129.6;69.4;0;both;yes
1659;;"rustwalldecal2";"Старательский участок Serac";"Ржавчина (Испорчено)";"Item";72;129.6;69.4;0;both;yes
1660;;"rustwalldecal4";"Старательский участок Serac";"Ржавчина (Испорчено)";"Item";72;129.6;69.4;0;both;yes
1661;;"rustwalldecal2";"Старательский участок Serac";"Ржавчина (Испорчено)";"Item";72;129.6;69.4;0;both;yes
1662;;"rustwalldecal4";"Старательский участок Serac";"Ржавчина (Испорчено)";"Item";72;129.6;69.4;0;both;yes
1663;;"ventpipea390deg";"Старательский участок Serac";"Вент. труба A3 вертикальная";"Structure";4;7.2;160.843;0;both;no
1664;;"rustwalldecal4";"Старательский участок Serac";"Ржавчина (Испорчено)";"Item";72;129.6;69.4;0;both;yes
1665;;"rustwalldecal4";"Старательский участок Serac";"Ржавчина (Испорчено)";"Item";72;129.6;69.4;0;both;yes
1666;;"decocolumn1";"Старательский участок Serac";"Декоративная колонна";"Structure";7.68;13.824;161.149;0;both;no
1667;;"rustwalldecal4";"Старательский участок Serac";"Ржавчина (Испорчено)";"Item";44.88;80.784;118.216;0;both;yes
1668;;"rustwalldecal1";"Старательский участок Serac";"Ржавчина (Испорчено)";"Item";29.92;53.856;145.144;0;both;yes
1669;;"rustwalldecal1";"Старательский участок Serac";"Ржавчина (Испорчено)";"Item";29.92;53.856;145.144;0;both;yes
1670;;"rustwalldecal1";"Старательский участок Serac";"Ржавчина (Испорчено)";"Item";44.88;80.784;118.216;0;both;yes
1671;;"rustwalldecal1";"Старательский участок Serac";"Ржавчина (Испорчено)";"Item";29.92;53.856;145.144;0;both;yes
1672;;"rustwalldecal1";"Старательский участок Serac";"Ржавчина (Испорчено)";"Item";29.92;53.856;145.144;0;both;yes
1673;;"op_sepbarbedwire";"Старательский участок Serac";"Колючая проволока (Бандит/Сепаратист)";"Item";20;36;159.008;0;both;no
1674;;"op_sepdebris2";"Старательский участок Serac";"Мусор (Бандит/Сепаратист)";"Item";20;36;158.09;0;both;no
1675;;"op_sepdebris2";"Старательский участок Serac";"Мусор (Бандит/Сепаратист)";"Item";20;36;159.008;0;both;no
1676;;"op_sepbarbedwire";"Старательский участок Serac";"Колючая проволока (Бандит/Сепаратист)";"Item";20;36;159.008;0;both;no
1677;;"op_sepbody";"Старательский участок Serac";"Мешок для тела (Бандит)";"Item";20;36;158.09;0;both;no
1678;;"finawingpart71";"Старательский участок Serac";"Часть крыла стабилизатора 22";"Structure";7.68;13.824;162.038;0;both;no
1679;;"finabodyedge05";"Старательский участок Serac";"Край крыла стабилизатора 5";"Structure";16;28.8;162.038;0;both;no
1680;;"finabodyinside04";"Старательский участок Serac";"Полотно крыла стабилизатора 4";"Structure";4;7.2;160.538;0;both;no
1681;;"finawingpart63";"Старательский участок Serac";"Часть крыла стабилизатора 16";"Structure";10.4;18.72;162.038;0;both;no
1682;;"finabodyinside04";"Старательский участок Serac";"Полотно крыла стабилизатора 4";"Structure";4;7.2;160.539;0;both;no
1683;;"finabodyinside02";"Старательский участок Serac";"Полотно крыла стабилизатора 2";"Structure";10.72;19.296;162.038;0;both;no
1684;;"finawingpart38";"Старательский участок Serac";"Крыло стабилизатора B 2";"Structure";16;28.8;162.038;0;both;no
1685;;"finacorner11";"Старательский участок Serac";"Угол крыла стабилизатора 10";"Structure";7.04;12.672;162.038;0;both;no
1686;;"finawingpart71";"Старательский участок Serac";"Часть крыла стабилизатора 22";"Structure";7.68;13.824;162.038;0;both;no
1687;;"RuinVegetation1";"Старательский участок Serac";"Поросль в руинах";"Structure";15.36;27.648;161.151;0;both;no
1688;;"RuinVegetation3";"Старательский участок Serac";"Поросль в руинах";"Structure";16;28.8;161.151;0;both;no
1689;;"RuinVegetation3";"Старательский участок Serac";"Поросль в руинах";"Structure";16;28.8;161.151;0;both;no
1690;;"RuinVegetation4";"Старательский участок Serac";"Поросль в руинах";"Structure";14.08;25.344;161.151;0;both;no
1691;;"finawingpart47";"Старательский участок Serac";"Часть крыла стабилизатора 5";"Structure";13.92;25.056;162.039;0;both;no
1692;;"finawingpart56";"Старательский участок Serac";"Изгиб крыла стабилизатора C 2";"Structure";12.8;23.04;162.039;0;both;no
1693;;"finawingpart60";"Старательский участок Serac";"Часть крыла стабилизатора 13";"Structure";10.24;18.432;162.039;0;both;no
1694;;"finawingpart56";"Старательский участок Serac";"Изгиб крыла стабилизатора C 2";"Structure";12.8;23.04;162.039;0;both;no
1695;;"finawingpart60";"Старательский участок Serac";"Часть крыла стабилизатора 13";"Structure";10.24;18.432;162.039;0;both;no
1696;;"relaycomponent";"Старательский участок Serac";"Компонент ""Реле""";"Item";20;36;155.95;0;both;no
1697;;"redwire";"Старательский участок Serac";"Красный провод";"wire";4;7.2;155.95;0;both;no
1698;;"lightfluorescentm02";"Старательский участок Serac";"Лампа";"Item";20;36;155.95;0;both;no
1699;;"outpostreactor";"Старательский участок Serac";"Ядерный реактор";"Item";35;63;136;8;both;yes
1701;;"largeplatform";"Старательский участок Serac";"Большая платформа";"room-shell";8.16;400;-200;0;both;no
1702;;"ff_x_wall";"Старательский участок Serac";"Большая горизонтальная внутренняя стена";"room-shell";7.68;400;-200;0;both;no
1703;;"ff_y_wall";"Старательский участок Serac";"Большая вертикальная внутренняя стена";"room-shell";7.68;400;-200;0;both;no
1705;;"bluewire";"Старательский участок Serac";"Синий провод";"wire";4;7.2;148.301;0;both;no
1706;;"inwalllcaph2";"Старательский участок Serac";"Большая внутренняя стена – крышка H2";"Structure";7.68;13.824;132.389;0;both;no
1707;;"ff_x_wall";"Старательский участок Serac";"Большая горизонтальная внутренняя стена";"room-shell";7.68;400;-200;0;both;no
1708;;"outpostoxygenerator";"Старательский участок Serac";"Генератор кислорода";"Item";72;129.6;69.4;0;both;yes
1709;;"largeplatform";"Старательский участок Serac";"Большая платформа";"room-shell";8.16;400;-200;0;both;no
1710;;"ff_x_wall";"Старательский участок Serac";"Большая горизонтальная внутренняя стена";"room-shell";7.68;400;-200;0;both;no
1711;;"inwalllcaph2";"Старательский участок Serac";"Большая внутренняя стена – крышка H2";"Structure";7.68;13.824;132.389;0;both;no
1712;;"inwalllcaph2";"Старательский участок Serac";"Большая внутренняя стена – крышка H2";"Structure";7.68;13.824;132.39;0;both;no
1713;;"inwalllcapy1";"Старательский участок Serac";"Большая внутренняя стена – крышка V1";"Structure";7.84;14.112;132.39;0;both;no
1714;;"inwalllcapy1";"Старательский участок Serac";"Большая внутренняя стена – крышка V1";"Structure";7.84;14.112;132.39;0;both;no
1715;;"inwalllcapy1";"Старательский участок Serac";"Большая внутренняя стена – крышка V1";"Structure";7.84;14.112;132.39;0;both;no
1716;;"inwalllcapy1";"Старательский участок Serac";"Большая внутренняя стена – крышка V1";"Structure";7.84;14.112;132.39;0;both;no
1717;;"inwalllcaph2";"Старательский участок Serac";"Большая внутренняя стена – крышка H2";"Structure";7.68;13.824;132.39;0;both;no
1718;;"inwalllcaph2";"Старательский участок Serac";"Большая внутренняя стена – крышка H2";"Structure";7.68;13.824;132.39;0;both;no
1719;;"platform";"Старательский участок Serac";"Базовая платформа";"room-shell";4.32;400;-200;0;both;no
1733;;"inwalllcaph2";"Старательский участок Serac";"Большая внутренняя стена – крышка H2";"Structure";7.68;13.824;132.392;0;both;no
1735;;"redwire";"Старательский участок Serac";"Красный провод";"wire";4;7.2;155.954;0;both;no
1736;;"inwalllcaph2";"Старательский участок Serac";"Большая внутренняя стена – крышка H2";"Structure";7.68;13.824;132.392;0;both;no
1739;;"inwalllcaph2";"Старательский участок Serac";"Большая внутренняя стена – крышка H2";"Structure";7.68;13.824;132.392;0;both;no
1740;;"hatchwbuttons";"Старательский участок Serac";"Люк с кнопками";"room-shell";21.56;400;-200;0;both;no
1741;;"bluewire";"Старательский участок Serac";"Синий провод";"wire";4;7.2;148.304;0;both;no
1745;;"ff_x_wall";"Старательский участок Serac";"Большая горизонтальная внутренняя стена";"room-shell";7.68;400;-200;0;both;no
1746;;"ff_y_wall";"Старательский участок Serac";"Большая вертикальная внутренняя стена";"room-shell";7.68;400;-200;0;both;no
1747;;"bluewire";"Старательский участок Serac";"Синий провод";"wire";4;7.2;155.955;0;both;no
1748;;"opbg_services2";"Старательский участок Serac";"Службы аванпоста – фон 2";"Structure";16;28.8;161.463;0;both;no
1749;;"inwalllcaph1";"Старательский участок Serac";"Большая внутренняя стена – крышка H1";"Structure";4.32;7.776;132.393;0;both;no
1750;;"opbg_generic6";"Старательский участок Serac";"Обычная стена аванпоста 6";"Structure";16;28.8;161.463;0;both;no
1751;;"opbg_generic5";"Старательский участок Serac";"Обычная стена аванпоста 5";"Structure";16;28.8;161.463;0;both;no
1752;;"opbg_generic5";"Старательский участок Serac";"Обычная стена аванпоста 5";"Structure";16;28.8;161.464;0;both;no
1753;;"smallverticalback";"Старательский участок Serac";"Малая вертикальная задняя стенка";"Structure";5.12;9.216;159.016;0;both;no
1754;;"CableHolderHorizontal";"Старательский участок Serac";"Горизонтальный кабель-канал";"Structure";4;7.2;157.486;0;both;no
1755;;"CableHolderVertical";"Старательский участок Serac";"Вертикальный кабель-канал";"Structure";4;7.2;157.486;0;both;no
1756;;"CableHolderHorizontal";"Старательский участок Serac";"Горизонтальный кабель-канал";"Structure";4;7.2;157.486;0;both;no
1757;;"vent";"Старательский участок Serac";"Вентиляционный клапан";"Item";22.44;40.392;158.608;0;both;yes
1758;;"vent";"Старательский участок Serac";"Вентиляционный клапан";"Item";22.44;40.392;158.608;0;both;yes
1759;;"vent";"Старательский участок Serac";"Вентиляционный клапан";"Item";22.44;40.392;158.608;0;both;yes
1760;;"ladder";"Старательский участок Serac";"Лестница";"Item";37;66.6;132.4;8;both;yes
1761;;"junctionbox";"Старательский участок Serac";"Кабельная коробка";"Item";23.76;42.768;155.956;0;both;no
1762;;"CableHolderVertical";"Старательский участок Serac";"Вертикальный кабель-канал";"Structure";4;7.2;157.487;0;both;no
1763;;"junctionbox";"Старательский участок Serac";"Кабельная коробка";"Item";23.76;42.768;155.957;0;both;no
1765;;"CableHolderVertical";"Старательский участок Serac";"Вертикальный кабель-канал";"Structure";4;7.2;157.487;0;both;no
1766;;"CableHolderVertical";"Старательский участок Serac";"Вертикальный кабель-канал";"Structure";4;7.2;157.487;0;both;no
1767;;"ff_x_wall";"Старательский участок Serac";"Большая горизонтальная внутренняя стена";"room-shell";7.68;400;-200;0;both;no
1769;;"junctionbox";"Старательский участок Serac";"Кабельная коробка";"Item";23.76;42.768;155.957;0;both;no
1770;;"CableHolderVertical";"Старательский участок Serac";"Вертикальный кабель-канал";"Structure";4;7.2;157.487;0;both;no
1771;;"inwalllcaph2";"Старательский участок Serac";"Большая внутренняя стена – крышка H2";"Structure";7.68;13.824;132.395;0;both;no
1772;;"lightfluorescentm02";"Старательский участок Serac";"Лампа";"Item";20;36;155.958;0;both;no
1773;;"junctionbox";"Старательский участок Serac";"Кабельная коробка";"Item";24.2;43.56;155.44;0;both;yes
1774;;"opbg_shop2";"Старательский участок Serac";"Стена аванпоста – магазин 2";"Structure";16;28.8;161.466;0;both;no
1775;;"lightfluorescentm02";"Старательский участок Serac";"Лампа";"Item";20;36;155.958;0;both;no
1776;;"emergencylight";"Старательский участок Serac";"Аварийная лампа";"Item";20;36;155.958;0;both;no
1777;;"lightfluorescentl02";"Старательский участок Serac";"Лампа";"Item";20;36;155.958;0;both;no
1779;;"ladder";"Старательский участок Serac";"Лестница";"Item";37;66.6;132.4;8;both;yes
1780;;"CableHolderHorizontal";"Старательский участок Serac";"Горизонтальный кабель-канал";"Structure";4;7.2;157.488;0;both;no
1781;;"redwire";"Старательский участок Serac";"Красный провод";"wire";4;7.2;148.308;0;both;no
1782;;"redwire";"Старательский участок Serac";"Красный провод";"wire";4;7.2;148.309;0;both;no
1783;;"CableHolderVertical";"Старательский участок Serac";"Вертикальный кабель-канал";"Structure";4;7.2;157.489;0;both;no
1784;;"emergencylight";"Старательский участок Serac";"Аварийная лампа";"Item";20;36;155.959;0;both;no
1785;;"redwire";"Старательский участок Serac";"Красный провод";"wire";4;7.2;148.309;0;both;no
1786;;"lightfluorescentm02";"Старательский участок Serac";"Лампа";"Item";20;36;155.959;0;both;no
1787;;"opbg_shop2";"Старательский участок Serac";"Стена аванпоста – магазин 2";"Structure";16;28.8;161.467;0;both;no
1791;;"opdeco_officedesk1";"Старательский участок Serac";"Офисный стол";"Structure";12.64;22.752;142.189;0;both;no
1792;;"opdeco_ladder";"Старательский участок Serac";"Стремянка";"Structure";7.52;13.536;160.856;0;both;no
1793;;"opdeco_subblueprint2";"Старательский участок Serac";"Чертеж подлодки";"Structure";11.36;20.448;161.162;0;both;no
1794;;"opdeco_subblueprint3";"Старательский участок Serac";"Чертеж подлодки";"Structure";11.36;20.448;161.162;0;both;no
1795;;"mediumsteelcabinet";"Старательский участок Serac";"Средний стальной шкаф";"Item";38.28;68.904;130.096;0;both;yes
1796;;"opdeco_subblueprint1";"Старательский участок Serac";"Чертеж подлодки";"Structure";11.36;20.448;161.162;0;both;no
1797;;"opdeco_toolrack1";"Старательский участок Serac";"Стойка с инструментами";"Structure";11.04;19.872;161.162;0;both;no
1798;;"fabricator";"Старательский участок Serac";"Фабрикатор";"Item";72;129.6;69.4;0;both;yes
1799;;"CableHolderVertical";"Старательский участок Serac";"Вертикальный кабель-канал";"Structure";4;7.2;157.49;0;both;no
1800;;"frontpulley";"Старательский участок Serac";"Передний блок";"Structure";6.4;11.52;131.786;0;both;no
1801;;"CableHolderVertical";"Старательский участок Serac";"Вертикальный кабель-канал";"Structure";4;7.2;131.817;0;both;no
1802;;"CableHolderVertical";"Старательский участок Serac";"Вертикальный кабель-канал";"Structure";4;7.2;131.817;0;both;no
1803;;"redwire";"Старательский участок Serac";"Красный провод";"wire";4;7.2;148.311;0;both;no
1804;;"bluewire";"Старательский участок Serac";"Синий провод";"wire";4;7.2;148.311;0;both;no
1805;;"bluewire";"Старательский участок Serac";"Синий провод";"wire";4;7.2;148.311;0;both;no
1806;;"bluewire";"Старательский участок Serac";"Синий провод";"wire";4;7.2;148.311;0;both;no
1807;;"bluewire";"Старательский участок Serac";"Синий провод";"wire";4;7.2;148.311;0;both;no
1808;;"notcomponent";"Старательский участок Serac";"Компонент ""Не""";"Item";20;36;155.961;0;both;no
1809;;"andcomponent";"Старательский участок Serac";"Компонент ""И""";"Item";20;36;155.961;0;both;no
1810;;"delaycomponent";"Старательский участок Serac";"Компонент ""Задержки""";"Item";20;36;155.961;0;both;no
1811;;"motiondetector";"Старательский участок Serac";"Детектор движения";"Item";20;36;155.961;0;both;no
1813;;"windoweddoorwbuttons";"Старательский участок Serac";"Дверь с окном и кнопками";"room-shell";20;400;-200;0;both;no
1814;;"bluewire";"Старательский участок Serac";"Синий провод";"wire";4;7.2;148.312;0;both;no
1815;;"bluewire";"Старательский участок Serac";"Синий провод";"wire";4;7.2;148.312;0;both;no
1816;;"bluewire";"Старательский участок Serac";"Синий провод";"wire";4;7.2;148.312;0;both;no
1817;;"bluewire";"Старательский участок Serac";"Синий провод";"wire";4;7.2;148.312;0;both;no
1818;;"bluewire";"Старательский участок Serac";"Синий провод";"wire";4;7.2;148.312;0;both;no
1819;;"notcomponent";"Старательский участок Serac";"Компонент ""Не""";"Item";20;36;155.962;0;both;no
1820;;"andcomponent";"Старательский участок Serac";"Компонент ""И""";"Item";20;36;155.962;0;both;no
1821;;"delaycomponent";"Старательский участок Serac";"Компонент ""Задержки""";"Item";20;36;155.962;0;both;no
1822;;"ff_y_wall";"Старательский участок Serac";"Большая вертикальная внутренняя стена";"room-shell";7.68;400;-200;0;both;no
1823;;"ff_y_wall";"Старательский участок Serac";"Большая вертикальная внутренняя стена";"room-shell";7.68;400;-200;0;both;no
1824;;"motiondetector";"Старательский участок Serac";"Детектор движения";"Item";20;36;155.963;0;both;no
1826;;"bluewire";"Старательский участок Serac";"Синий провод";"wire";4;7.2;155.963;0;both;no
1827;;"bluewire";"Старательский участок Serac";"Синий провод";"wire";4;7.2;148.313;0;both;no
1828;;"platform";"Старательский участок Serac";"Базовая платформа";"room-shell";4.32;400;-200;0;both;no
1829;;"platform";"Старательский участок Serac";"Базовая платформа";"room-shell";4.32;400;-200;0;both;no
1830;;"bluewire";"Старательский участок Serac";"Синий провод";"wire";4;7.2;148.313;0;both;no
1831;;"ff_x_wall";"Старательский участок Serac";"Большая горизонтальная внутренняя стена";"room-shell";7.68;400;-200;0;both;no
1832;;"bluewire";"Старательский участок Serac";"Синий провод";"wire";4;7.2;148.314;0;both;no
1833;;"ff_x_wall";"Старательский участок Serac";"Большая горизонтальная внутренняя стена";"room-shell";7.68;400;-200;0;both;no
1834;;"bluewire";"Старательский участок Serac";"Синий провод";"wire";4;7.2;148.314;0;both;no
1835;;"bluewire";"Старательский участок Serac";"Синий провод";"wire";4;7.2;155.964;0;both;no
1836;;"notcomponent";"Старательский участок Serac";"Компонент ""Не""";"Item";20;36;155.964;0;both;no
1837;;"andcomponent";"Старательский участок Serac";"Компонент ""И""";"Item";20;36;155.964;0;both;no
1839;;"bluewire";"Старательский участок Serac";"Синий провод";"wire";4;7.2;148.314;0;both;no
1840;;"ff_x_wall";"Старательский участок Serac";"Большая горизонтальная внутренняя стена";"room-shell";7.68;400;-200;0;both;no
1841;;"delaycomponent";"Старательский участок Serac";"Компонент ""Задержки""";"Item";20;36;155.964;0;both;no
1842;;"motiondetector";"Старательский участок Serac";"Детектор движения";"Item";20;36;155.965;0;both;no
1843;;"bluewire";"Старательский участок Serac";"Синий провод";"wire";4;7.2;155.965;0;both;no
1844;;"ventpipea290deg";"Старательский участок Serac";"Вент. труба A2 вертикальная";"Structure";4;7.2;159.331;0;both;no
1845;;"ventpipea390deg";"Старательский участок Serac";"Вент. труба A3 вертикальная";"Structure";4;7.2;159.331;0;both;no
1846;;"ventpipea5";"Старательский участок Serac";"Вент. труба A5";"Structure";4;7.2;160.861;0;both;no
1847;;"ventpipea590deg";"Старательский участок Serac";"Вент. труба A5 вертикальная";"Structure";4;7.2;160.861;0;both;no
1848;;"ventpipea7";"Старательский участок Serac";"Вент. труба A7";"Structure";5.12;9.216;160.861;0;both;no
1849;;"ventpipea6";"Старательский участок Serac";"Вент. труба A6";"Structure";5.12;9.216;160.861;0;both;no
1850;;"ventlargeductreducera";"Старательский участок Serac";"Вент. канал – большой переходник A";"Structure";15.36;27.648;160.861;0;both;no
1851;;"ventpipea690deg";"Старательский участок Serac";"Вент. труба A6 вертикальная";"Structure";5.12;9.216;160.861;0;both;no
1852;;"ventpipea5";"Старательский участок Serac";"Вент. труба A5";"Structure";4;7.2;160.862;0;both;no
1853;;"ventductb290deg";"Старательский участок Serac";"Вент. канал B2 вертикальный";"Structure";4;7.2;159.638;0;both;no
1854;;"ventductbendb1";"Старательский участок Serac";"Вент. канал – изгиб B1";"Structure";8.96;16.128;159.638;0;both;no
1856;;"ventconnectora6";"Старательский участок Serac";"Вент. канал – соединитель A6";"Structure";5.12;9.216;159.638;0;both;no
1858;;"ventconnectora6";"Старательский участок Serac";"Вент. канал – соединитель A6";"Structure";5.12;9.216;159.638;0;both;no
1859;;"ventlargepipebenda1";"Старательский участок Serac";"Вент. труба большая – изгиб A1";"Structure";5.12;9.216;160.862;0;both;no
1860;;"ventpipea2";"Старательский участок Serac";"Вент. труба A2";"Structure";4;7.2;160.862;0;both;no
1861;;"ventpipecapa1";"Старательский участок Serac";"Вент. труба – крышка A1";"Structure";4;7.2;160.862;0;both;no
1862;;"ventpipea290deg";"Старательский участок Serac";"Вент. труба A2 вертикальная";"Structure";4;7.2;160.863;0;both;no
1863;;"ventpipecapa190deg";"Старательский участок Serac";"Вент. труба – крышка A1 вертикальная";"Structure";4;7.2;160.863;0;both;no
1864;;"ventpipea290deg";"Старательский участок Serac";"Вент. труба A2 вертикальная";"Structure";4;7.2;160.863;0;both;no
1865;;"ventlargepipebenda1";"Старательский участок Serac";"Вент. труба большая – изгиб A1";"Structure";5.12;9.216;160.863;0;both;no
1866;;"ventpipea2";"Старательский участок Serac";"Вент. труба A2";"Structure";4;7.2;160.863;0;both;no
1867;;"ventlargepipebenda1";"Старательский участок Serac";"Вент. труба большая – изгиб A1";"Structure";5.12;9.216;160.863;0;both;no
1868;;"ventlargepipebenda1";"Старательский участок Serac";"Вент. труба большая – изгиб A1";"Structure";5.12;9.216;160.863;0;both;no
1869;;"ventpipea290deg";"Старательский участок Serac";"Вент. труба A2 вертикальная";"Structure";4;7.2;160.863;0;both;no
1870;;"ventpipecapa190deg";"Старательский участок Serac";"Вент. труба – крышка A1 вертикальная";"Structure";4;7.2;160.863;0;both;no
1871;;"bluewire";"Старательский участок Serac";"Синий провод";"wire";4;7.2;148.317;0;both;no
1872;;"mediumsteelcabinet";"Старательский участок Serac";"Средний стальной шкаф";"Item";38.28;68.904;130.096;0;both;yes
1873;;"bluewire";"Старательский участок Serac";"Синий провод";"wire";4;7.2;148.318;0;both;no
1874;;"bluewire";"Старательский участок Serac";"Синий провод";"wire";4;7.2;148.318;0;both;no
1876;;"notcomponent";"Старательский участок Serac";"Компонент ""Не""";"Item";20;36;155.968;0;both;no
1877;;"andcomponent";"Старательский участок Serac";"Компонент ""И""";"Item";20;36;155.968;0;both;no
1878;;"delaycomponent";"Старательский участок Serac";"Компонент ""Задержки""";"Item";20;36;155.968;0;both;no
1879;;"motiondetector";"Старательский участок Serac";"Детектор движения";"Item";20;36;155.968;0;both;no
1881;;"bluewire";"Старательский участок Serac";"Синий провод";"wire";4;7.2;148.318;0;both;no
1882;;"bluewire";"Старательский участок Serac";"Синий провод";"wire";4;7.2;148.319;0;both;no
1883;;"bluewire";"Старательский участок Serac";"Синий провод";"wire";4;7.2;148.319;0;both;no
1885;;"notcomponent";"Старательский участок Serac";"Компонент ""Не""";"Item";20;36;155.969;0;both;no
1886;;"andcomponent";"Старательский участок Serac";"Компонент ""И""";"Item";20;36;155.969;0;both;no
1887;;"delaycomponent";"Старательский участок Serac";"Компонент ""Задержки""";"Item";20;36;155.969;0;both;no
1888;;"motiondetector";"Старательский участок Serac";"Детектор движения";"Item";20;36;155.969;0;both;no
1890;;"bluewire";"Старательский участок Serac";"Синий провод";"wire";4;7.2;155.969;0;both;no
1895;;"redwire";"Старательский участок Serac";"Красный провод";"wire";4;7.2;148.32;0;both;no
1898;;"redwire";"Старательский участок Serac";"Красный провод";"wire";4;7.2;148.32;0;both;no
1899;;"redwire";"Старательский участок Serac";"Красный провод";"wire";4;7.2;148.32;0;both;no
1900;;"redwire";"Старательский участок Serac";"Красный провод";"wire";4;7.2;148.32;0;both;no
1901;;"redwire";"Старательский участок Serac";"Красный провод";"wire";4;7.2;148.32;0;both;no
1902;;"redwire";"Старательский участок Serac";"Красный провод";"wire";4;7.2;148.321;0;both;no
1908;;"emergencysiren";"Старательский участок Serac";"Аварийная сирена";"Item";20;36;155.971;0;both;no
1909;;"greatercomponent";"Старательский участок Serac";"Компонент ""больше""";"Item";20;36;155.971;0;both;no
1910;;"memorycomponent";"Старательский участок Serac";"Компонент ""память""";"Item";20;36;155.971;0;both;no
1911;;"bluewire";"Старательский участок Serac";"Синий провод";"wire";4;7.2;148.321;0;both;no
1912;;"junctionbox";"Старательский участок Serac";"Кабельная коробка";"Item";24.2;43.56;155.44;0;both;yes
1913;;"bluewire";"Старательский участок Serac";"Синий провод";"wire";4;7.2;148.322;0;both;no
1914;;"CableHolderVertical";"Старательский участок Serac";"Вертикальный кабель-канал";"Structure";4;7.2;157.502;0;both;no
1915;;"bluewire";"Старательский участок Serac";"Синий провод";"wire";4;7.2;148.322;0;both;no
1916;;"opdeco_officechair";"Старательский участок Serac";"Офисное кресло";"Item";35.64;64.152;134.848;0;both;yes
1917;;"extinguisherbracket";"Старательский участок Serac";"Стойка огнетушителя";"Item";20;36;157.196;0;both;no
1919;;"opdeco_boxes2";"Старательский участок Serac";"Ящики";"Structure";6.72;12.096;161.021;0;both;no
1920;;"op_workbenchlamp";"Старательский участок Serac";"Станочная лампа";"Item";25.96;46.728;152.272;0;both;yes
1921;;"op_workbenchlamp";"Старательский участок Serac";"Станочная лампа";"Item";25.96;46.728;152.272;0;both;yes
1922;;"op_workbenchlamp";"Старательский участок Serac";"Станочная лампа";"Item";25.96;46.728;152.272;0;both;yes
1923;;"ventpipea4";"Старательский участок Serac";"Вент. труба A4";"Structure";4;7.2;160.869;0;both;no
1924;;"op_workbenchlamp";"Старательский участок Serac";"Станочная лампа";"Item";25.96;46.728;152.272;0;both;yes
1925;;"hatchwbuttons";"Старательский участок Serac";"Люк с кнопками";"room-shell";21.56;400;-200;0;both;no
1926;;"delaycomponent";"Старательский участок Serac";"Компонент ""Задержки""";"Item";20;36;155.973;0;both;no
1927;;"andcomponent";"Старательский участок Serac";"Компонент ""И""";"Item";20;36;155.973;0;both;no
1928;;"notcomponent";"Старательский участок Serac";"Компонент ""Не""";"Item";20;36;155.973;0;both;no
1929;;"motiondetector";"Старательский участок Serac";"Детектор движения";"Item";20;36;155.973;0;both;no
1931;;"bluewire";"Старательский участок Serac";"Синий провод";"wire";4;7.2;148.323;0;both;no
1932;;"bluewire";"Старательский участок Serac";"Синий провод";"wire";4;7.2;148.324;0;both;no
1933;;"bluewire";"Старательский участок Serac";"Синий провод";"wire";4;7.2;148.324;0;both;no
1934;;"bluewire";"Старательский участок Serac";"Синий провод";"wire";4;7.2;148.324;0;both;no
1935;;"bluewire";"Старательский участок Serac";"Синий провод";"wire";4;7.2;148.324;0;both;no
1936;;"windoweddoorwbuttons";"Старательский участок Serac";"Дверь с окном и кнопками";"room-shell";20;400;-200;0;both;no
1937;;"delaycomponent";"Старательский участок Serac";"Компонент ""Задержки""";"Item";20;36;155.974;0;both;no
1938;;"andcomponent";"Старательский участок Serac";"Компонент ""И""";"Item";20;36;155.974;0;both;no
1939;;"notcomponent";"Старательский участок Serac";"Компонент ""Не""";"Item";20;36;155.974;0;both;no
1940;;"motiondetector";"Старательский участок Serac";"Детектор движения";"Item";20;36;155.974;0;both;no
1942;;"bluewire";"Старательский участок Serac";"Синий провод";"wire";4;7.2;148.325;0;both;no
1943;;"bluewire";"Старательский участок Serac";"Синий провод";"wire";4;7.2;148.325;0;both;no
1944;;"bluewire";"Старательский участок Serac";"Синий провод";"wire";4;7.2;148.325;0;both;no
1945;;"bluewire";"Старательский участок Serac";"Синий провод";"wire";4;7.2;148.325;0;both;no
1946;;"bluewire";"Старательский участок Serac";"Синий провод";"wire";4;7.2;148.325;0;both;no
1947;;"oxygentankshelf2";"Старательский участок Serac";"Полка для хранения кислородных баллонов";"Item";20;36;157.199;0;both;no
1951;;"divingsuitlocker";"Старательский участок Serac";"Шкаф для водолазного костюма";"Item";21.56;38.808;157.199;0;both;no
1954;;"deconstructor";"Старательский участок Serac";"Деконструктор";"Item";56.32;101.376;97.624;0;both;yes
1955;;"redwire";"Старательский участок Serac";"Красный провод";"wire";4;7.2;148.326;0;both;no
1956;;"redwire";"Старательский участок Serac";"Красный провод";"wire";4;7.2;148.326;0;both;no
1957;;"redwire";"Старательский участок Serac";"Красный провод";"wire";4;7.2;148.326;0;both;no
1958;;"CableHolderVertical";"Старательский участок Serac";"Вертикальный кабель-канал";"Structure";4;7.2;157.506;0;both;no
1959;;"CableHolderVertical";"Старательский участок Serac";"Вертикальный кабель-канал";"Structure";4;7.2;157.506;0;both;no
1960;;"op_sepposter3";"Старательский участок Serac";"Плакат (Сепаратист)";"Item";31.68;57.024;141.976;0;both;yes
1961;;"op_sepposter3";"Старательский участок Serac";"Плакат (Сепаратист)";"Item";31.68;57.024;141.976;0;both;yes
1962;;"op_septent";"Старательский участок Serac";"Мусор (Бандит/Сепаратист)";"Item";61.16;110.088;88.912;0;both;yes
1963;;"op_sepdebris3";"Старательский участок Serac";"Мусор (Бандит/Сепаратист)";"Item";44.44;79.992;119.008;0;both;yes
1964;;"crackedwall1";"Старательский участок Serac";"Стена с трещинами";"Structure";16;28.8;161.485;0;both;no
1965;;"crackedwall2";"Старательский участок Serac";"Стена с трещинами";"Structure";15.68;28.224;161.485;0;both;no
1966;;"opbg_generic1";"Старательский участок Serac";"Обычная стена аванпоста 1";"Structure";16;28.8;161.485;0;both;no
1971;;"waterdetector";"Старательский участок Serac";"Детектор воды";"Item";20;36;155.977;0;both;no
1972;;"signalcheckcomponent";"Старательский участок Serac";"Компонент проверки сигнала";"Item";20;36;155.978;0;both;no
1973;;"smallpump";"Старательский участок Serac";"Малый насос";"Item";21.12;38.016;155.366;0;both;no
1974;;"bluewire";"Старательский участок Serac";"Синий провод";"wire";4;7.2;148.328;0;both;no
1975;;"bluewire";"Старательский участок Serac";"Синий провод";"wire";4;7.2;148.328;0;both;no
1976;;"bluewire";"Старательский участок Serac";"Синий провод";"wire";4;7.2;148.328;0;both;no
1977;;"waterdetector";"Старательский участок Serac";"Детектор воды";"Item";20;36;155.978;0;both;no
1978;;"signalcheckcomponent";"Старательский участок Serac";"Компонент проверки сигнала";"Item";20;36;155.978;0;both;no
1979;;"smallpump";"Старательский участок Serac";"Малый насос";"Item";21.12;38.016;155.978;0;both;no
1980;;"bluewire";"Старательский участок Serac";"Синий провод";"wire";4;7.2;148.328;0;both;no
1981;;"bluewire";"Старательский участок Serac";"Синий провод";"wire";4;7.2;148.328;0;both;no
1982;;"bluewire";"Старательский участок Serac";"Синий провод";"wire";4;7.2;148.329;0;both;no
1983;;"ductblock";"Старательский участок Serac";"Сливной клапан";"room-shell";20;400;-200;0;both;no
1985;;"largeplatform";"Старательский участок Serac";"Большая платформа";"room-shell";8.16;400;-200;0;both;no
1986;;"waterdetector";"Старательский участок Serac";"Детектор воды";"Item";20;36;155.979;0;both;no
1987;;"bluewire";"Старательский участок Serac";"Синий провод";"wire";4;7.2;155.979;0;both;no
1990;;"opdeco_chair2";"Старательский участок Serac";"Офисное кресло";"Item";31.68;57.024;141.976;0;both;yes
1999;;"ff_x_wall";"Старательский участок Serac";"Большая горизонтальная внутренняя стена";"room-shell";7.68;400;-200;0;both;no
2017;;"ff_x_wall";"Старательский участок Serac";"Большая горизонтальная внутренняя стена";"room-shell";7.68;400;-200;0;both;no
2018;;"opdeco_officedesk1";"Старательский участок Serac";"Офисный стол";"Structure";15.04;27.072;146.396;0;both;no
2019;;"opdeco_shelfmedium";"Старательский участок Serac";"Средняя полка";"Structure";12.64;22.752;157.107;0;both;no
2021;;"delaycomponent";"Старательский участок Serac";"Компонент ""Задержки""";"Item";20;36;155.883;0;both;no
2022;;"andcomponent";"Старательский участок Serac";"Компонент ""И""";"Item";20;36;155.883;0;both;no
2023;;"notcomponent";"Старательский участок Serac";"Компонент ""Не""";"Item";20;36;155.883;0;both;no
2024;;"motiondetector";"Старательский участок Serac";"Детектор движения";"Item";20;36;155.883;0;both;no
2027;;"bluewire";"Старательский участок Serac";"Синий провод";"wire";4;7.2;148.233;0;both;no
2028;;"bluewire";"Старательский участок Serac";"Синий провод";"wire";4;7.2;148.233;0;both;no
2029;;"bluewire";"Старательский участок Serac";"Синий провод";"wire";4;7.2;148.234;0;both;no
2030;;"bluewire";"Старательский участок Serac";"Синий провод";"wire";4;7.2;148.234;0;both;no
2031;;"ladder";"Старательский участок Serac";"Лестница";"Item";37;66.6;132.4;8;both;yes
2032;;"hatchwbuttons";"Старательский участок Serac";"Люк с кнопками";"room-shell";21.56;400;-200;0;both;no
2033;;"delaycomponent";"Старательский участок Serac";"Компонент ""Задержки""";"Item";20;36;155.884;0;both;no
2034;;"andcomponent";"Старательский участок Serac";"Компонент ""И""";"Item";20;36;155.884;0;both;no
2035;;"notcomponent";"Старательский участок Serac";"Компонент ""Не""";"Item";20;36;155.884;0;both;no
2036;;"motiondetector";"Старательский участок Serac";"Детектор движения";"Item";20;36;155.884;0;both;no
2038;;"bluewire";"Старательский участок Serac";"Синий провод";"wire";4;7.2;148.234;0;both;no
2039;;"bluewire";"Старательский участок Serac";"Синий провод";"wire";4;7.2;148.235;0;both;no
2040;;"bluewire";"Старательский участок Serac";"Синий провод";"wire";4;7.2;148.235;0;both;no
2041;;"bluewire";"Старательский участок Serac";"Синий провод";"wire";4;7.2;148.235;0;both;no
2042;;"bluewire";"Старательский участок Serac";"Синий провод";"wire";4;7.2;148.235;0;both;no
2043;;"ff_x_wall";"Старательский участок Serac";"Большая горизонтальная внутренняя стена";"room-shell";7.68;400;-200;0;both;no
2044;;"smallpump";"Старательский участок Serac";"Малый насос";"Item";20;36;155.885;0;both;no
2045;;"securesteelcabinet";"Старательский участок Serac";"Защищенный стальной шкаф";"Item";22.88;41.184;157.816;0;both;yes
2046;;"ff_x_wall";"Старательский участок Serac";"Большая горизонтальная внутренняя стена";"room-shell";7.68;400;-200;0;both;no
2047;;"windoweddoorwbuttons";"Старательский участок Serac";"Дверь с окном и кнопками";"room-shell";20;400;-200;0;both;no
2048;;"delaycomponent";"Старательский участок Serac";"Компонент ""Задержки""";"Item";20;36;155.885;0;both;no
2049;;"andcomponent";"Старательский участок Serac";"Компонент ""И""";"Item";20;36;155.886;0;both;no
2050;;"notcomponent";"Старательский участок Serac";"Компонент ""Не""";"Item";20;36;155.886;0;both;no
2051;;"motiondetector";"Старательский участок Serac";"Детектор движения";"Item";20;36;155.886;0;both;no
2053;;"bluewire";"Старательский участок Serac";"Синий провод";"wire";4;7.2;148.236;0;both;no
2054;;"bluewire";"Старательский участок Serac";"Синий провод";"wire";4;7.2;148.236;0;both;no
2055;;"bluewire";"Старательский участок Serac";"Синий провод";"wire";4;7.2;148.236;0;both;no
2056;;"bluewire";"Старательский участок Serac";"Синий провод";"wire";4;7.2;148.236;0;both;no
2057;;"bluewire";"Старательский участок Serac";"Синий провод";"wire";4;7.2;148.236;0;both;no
2058;;"waterdetector";"Старательский участок Serac";"Детектор воды";"Item";20;36;155.917;0;both;no
2059;;"waterdetector";"Старательский участок Serac";"Детектор воды";"Item";20;36;155.887;0;both;no
2060;;"bluewire";"Старательский участок Serac";"Синий провод";"wire";4;7.2;155.887;0;both;no
2061;;"bluewire";"Старательский участок Serac";"Синий провод";"wire";4;7.2;155.887;0;both;no
2062;;"redwire";"Старательский участок Serac";"Красный провод";"wire";4;7.2;155.887;0;both;no
2063;;"redwire";"Старательский участок Serac";"Красный провод";"wire";4;7.2;155.887;0;both;no
2064;;"redwire";"Старательский участок Serac";"Красный провод";"wire";4;7.2;155.887;0;both;no
2065;;"redwire";"Старательский участок Serac";"Красный провод";"wire";4;7.2;155.887;0;both;no
2066;;"inwalllcaph2";"Старательский участок Serac";"Большая внутренняя стена – крышка H2";"Structure";7.68;13.824;132.325;0;both;no
2067;;"ff_x_wall";"Старательский участок Serac";"Большая горизонтальная внутренняя стена";"room-shell";7.68;400;-200;0;both;no
2068;;"largeplatform";"Старательский участок Serac";"Большая платформа";"room-shell";8.16;400;-200;0;both;no
2069;;"inwalllcaph2";"Старательский участок Serac";"Большая внутренняя стена – крышка H2";"Structure";7.68;13.824;132.326;0;both;no
2070;;"ff_x_wall";"Старательский участок Serac";"Большая горизонтальная внутренняя стена";"room-shell";7.68;400;-200;0;both;no
2071;;"ff_y_wall";"Старательский участок Serac";"Большая вертикальная внутренняя стена";"room-shell";7.68;400;-200;0;both;no
2072;;"ff_y_wall";"Старательский участок Serac";"Большая вертикальная внутренняя стена";"room-shell";7.68;400;-200;0;both;no
2073;;"inwalllcaph2";"Старательский участок Serac";"Большая внутренняя стена – крышка H2";"Structure";7.68;13.824;132.326;0;both;no
2074;;"inwalllcaph2";"Старательский участок Serac";"Большая внутренняя стена – крышка H2";"Structure";7.68;13.824;132.326;0;both;no
2075;;"inwalllcaph2";"Старательский участок Serac";"Большая внутренняя стена – крышка H2";"Structure";7.68;13.824;132.326;0;both;no
2076;;"inwalllcaph2";"Старательский участок Serac";"Большая внутренняя стена – крышка H2";"Structure";7.68;13.824;132.326;0;both;no
2077;;"opdeco_door";"Старательский участок Serac";"Фоновая дверь";"Structure";15.36;27.648;161.396;0;both;no
2078;;"opdeco_hrwindow1";"Старательский участок Serac";"Окно офиса";"Structure";15.52;27.936;161.396;0;both;no
2079;;"opdeco_hrbench";"Старательский участок Serac";"Скамейка";"Structure";7.68;13.824;161.397;0;both;no
2080;;"ductblock";"Старательский участок Serac";"Сливной клапан";"room-shell";20;400;-200;0;both;no
2081;;"junctionbox";"Старательский участок Serac";"Кабельная коробка";"Item";24.2;43.56;155.44;0;both;yes
2082;;"junctionbox";"Старательский участок Serac";"Кабельная коробка";"Item";24.2;43.56;155.44;0;both;yes
2083;;"opdeco_hrelectricpanel";"Старательский участок Serac";"Доска объявлений";"Structure";16;28.8;161.397;0;both;no
2084;;"opdeco_hrcalendar";"Старательский участок Serac";"Календарь";"Structure";5.12;9.216;161.397;0;both;no
2085;;"opdeco_boxes2";"Старательский участок Serac";"Ящики";"Structure";4.8;8.64;161.091;0;both;no
2087;;"delaycomponent";"Старательский участок Serac";"Компонент ""Задержки""";"Item";20;36;155.889;0;both;no
2088;;"andcomponent";"Старательский участок Serac";"Компонент ""И""";"Item";20;36;155.889;0;both;no
2089;;"notcomponent";"Старательский участок Serac";"Компонент ""Не""";"Item";20;36;155.89;0;both;no
2090;;"motiondetector";"Старательский участок Serac";"Детектор движения";"Item";20;36;155.89;0;both;no
2093;;"bluewire";"Старательский участок Serac";"Синий провод";"wire";4;7.2;148.24;0;both;no
2094;;"bluewire";"Старательский участок Serac";"Синий провод";"wire";4;7.2;148.24;0;both;no
2095;;"bluewire";"Старательский участок Serac";"Синий провод";"wire";4;7.2;148.24;0;both;no
2096;;"bluewire";"Старательский участок Serac";"Синий провод";"wire";4;7.2;148.24;0;both;no
2097;;"ff_x_wall";"Старательский участок Serac";"Большая горизонтальная внутренняя стена";"room-shell";7.68;400;-200;0;both;no
2098;;"decobarrier1";"Старательский участок Serac";"Защитное ограждение";"Structure";10.24;18.432;143.987;0;both;no
2099;;"opdeco_trashcan";"Старательский участок Serac";"Мусорное ведро";"Item";24.2;43.56;155.44;0;both;yes
2100;;"CableHolderHorizontal";"Старательский участок Serac";"Горизонтальный кабель-канал";"Structure";4;7.2;157.421;0;both;no
2101;;"CableHolderHorizontal";"Старательский участок Serac";"Горизонтальный кабель-канал";"Structure";4;7.2;157.421;0;both;no
2102;;"CableHolderHorizontal";"Старательский участок Serac";"Горизонтальный кабель-канал";"Structure";4;7.2;157.421;0;both;no
2103;;"op_clownposter2";"Старательский участок Serac";"Рекламный плакат";"Item";31.24;56.232;142.768;0;both;yes
2104;;"op_huskposter3";"Старательский участок Serac";"Аптечный плакат";"Item";22;39.6;158.92;0;both;no
2105;;"opdeco_propagandaposter1";"Старательский участок Serac";"Пропагандистский плакат";"Structure";9.92;17.856;161.124;0;both;no
2106;;"textdisplay";"Старательский участок Serac";"Текстовый экран";"Item";20;36;157.421;0;both;no
2107;;"ventpipea590deg";"Старательский участок Serac";"Вент. труба A5 вертикальная";"Structure";4;7.2;157.146;0;both;no
2108;;"opbg_manageroffice3";"Старательский участок Serac";"Офис управляющего аванпоста – фон 3";"Structure";16;28.8;161.552;0;both;no
2109;;"opbg_generic5";"Старательский участок Serac";"Обычная стена аванпоста 5";"Structure";16;28.8;161.522;0;both;no
2110;;"vent";"Старательский участок Serac";"Вентиляционный клапан";"Item";31.24;56.232;142.768;0;both;yes
2111;;"vent";"Старательский участок Serac";"Вентиляционный клапан";"Item";31.24;56.232;142.768;0;both;yes
2112;;"vent";"Старательский участок Serac";"Вентиляционный клапан";"Item";31.24;56.232;142.768;0;both;yes
2113;;"opbg_barracks2";"Старательский участок Serac";"Казармы аванпоста – фон 2";"Structure";16;28.8;161.553;0;both;no
2114;;"lightfluorescentl02";"Старательский участок Serac";"Лампа";"Item";20;36;155.892;0;both;no
2115;;"lightleds01";"Старательский участок Serac";"Лампа";"Item";20;36;155.892;0;both;no
2119;;"lightfluorescentl01";"Старательский участок Serac";"Лампа";"Item";20;36;155.893;0;both;no
2121;;"ff_x_wall";"Старательский участок Serac";"Большая горизонтальная внутренняя стена";"room-shell";7.68;400;-200;0;both;no
2122;;"platform";"Старательский участок Serac";"Базовая платформа";"room-shell";4.32;400;-200;0;both;no
2123;;"inwalllcaph1";"Старательский участок Serac";"Большая внутренняя стена – крышка H1";"Structure";4.32;7.776;132.331;0;both;no
2124;;"inwalllcaph1";"Старательский участок Serac";"Большая внутренняя стена – крышка H1";"Structure";4.32;7.776;132.331;0;both;no
2125;;"inwalllcaph1";"Старательский участок Serac";"Большая внутренняя стена – крышка H1";"Structure";4.32;7.776;132.331;0;both;no
2126;;"inwalllcaph1";"Старательский участок Serac";"Большая внутренняя стена – крышка H1";"Structure";4.32;7.776;132.331;0;both;no
2129;;"inwalllcaph1";"Старательский участок Serac";"Большая внутренняя стена – крышка H1";"Structure";4.32;7.776;132.332;0;both;no
2130;;"inwalllcaph1";"Старательский участок Serac";"Большая внутренняя стена – крышка H1";"Structure";4.32;7.776;132.332;0;both;no
2131;;"largeplatform";"Старательский участок Serac";"Большая платформа";"room-shell";7.2;400;-200;0;both;no
2132;;"largeplatform";"Старательский участок Serac";"Большая платформа";"room-shell";7.2;400;-200;0;both;no
2134;;"op_rippedposter";"Старательский участок Serac";"Плакат (Сепаратист)";"Item";27.72;49.896;149.104;0;both;yes
2135;;"banditprop7";"Старательский участок Serac";"Треснувшее стекло (Испорчено)";"Item";26.84;48.312;150.688;0;both;yes
2136;;"banditprop5";"Старательский участок Serac";"Брызги краски";"Item";34.32;61.776;137.224;0;both;yes
2137;;"op_sepdebris2";"Старательский участок Serac";"Мусор (Бандит/Сепаратист)";"Item";20;36;154.976;0;both;no
2138;;"op_sepposter2";"Старательский участок Serac";"Плакат (Сепаратист)";"Item";29.48;53.064;145.936;0;both;yes
2139;;"graffiti5";"Старательский участок Serac";"Граффити";"Structure";8.96;16.128;158.924;0;both;no
2140;;"banditprop4";"Старательский участок Serac";"Брызги краски";"Item";25.52;45.936;153.064;0;both;yes
2141;;"opdeco_box3";"Старательский участок Serac";"Ящик 3";"Structure";8.96;16.128;154.977;0;both;no
2142;;"opdeco_box5";"Старательский участок Serac";"Ящик 5";"Structure";6.4;11.52;158.037;0;both;no
2143;;"opdeco_box2";"Старательский участок Serac";"Ящик 2";"Structure";10.24;18.432;154.977;0;both;no
2144;;"rustwalldecal2";"Старательский участок Serac";"Ржавчина (Испорчено)";"Item";72;129.6;69.4;0;both;yes
2145;;"opdeco_trashcan";"Старательский участок Serac";"Мусорное ведро";"Item";24.2;43.56;155.44;0;both;yes
2146;;"redwire";"Старательский участок Serac";"Красный провод";"wire";4;7.2;155.895;0;both;no
2147;;"finawingpart27";"Старательский участок Serac";"Спец. часть стабилизатора 6";"Structure";15.36;27.648;161.954;0;both;no
2148;;"finabodyedge02";"Старательский участок Serac";"Край крыла стабилизатора 2";"Structure";10.72;19.296;161.985;0;both;no
2149;;"finawingpart63";"Старательский участок Serac";"Часть крыла стабилизатора 16";"Structure";16;28.8;161.985;0;both;no
2150;;"finawingpart47";"Старательский участок Serac";"Часть крыла стабилизатора 5";"Structure";16;28.8;161.985;0;both;no
2151;;"finawingpart47";"Старательский участок Serac";"Часть крыла стабилизатора 5";"Structure";11.2;20.16;161.985;0;both;no
2152;;"finawingpart70";"Старательский участок Serac";"Часть крыла стабилизатора 21";"Structure";15.36;27.648;161.985;0;both;no
2153;;"ff_x_wall";"Старательский участок Serac";"Большая горизонтальная внутренняя стена";"room-shell";7.68;400;-200;0;both;no
2154;;"ff_y_wall";"Старательский участок Serac";"Большая вертикальная внутренняя стена";"room-shell";7.68;400;-200;0;both;no
2155;;"ff_x_wall";"Старательский участок Serac";"Большая горизонтальная внутренняя стена";"room-shell";7.68;400;-200;0;both;no
2156;;"ladder";"Старательский участок Serac";"Лестница";"Item";37;66.6;132.4;8;both;yes
2157;;"ff_x_wall";"Старательский участок Serac";"Большая горизонтальная внутренняя стена";"room-shell";7.68;400;-200;0;both;no
2158;;"ff_y_wall";"Старательский участок Serac";"Большая вертикальная внутренняя стена";"room-shell";7.68;400;-200;0;both;no
2159;;"hatchwbuttons";"Старательский участок Serac";"Люк с кнопками";"room-shell";21.56;400;-200;0;both;no
2160;;"delaycomponent";"Старательский участок Serac";"Компонент ""Задержки""";"Item";20;36;155.897;0;both;no
2161;;"andcomponent";"Старательский участок Serac";"Компонент ""И""";"Item";20;36;155.897;0;both;no
2162;;"notcomponent";"Старательский участок Serac";"Компонент ""Не""";"Item";20;36;155.897;0;both;no
2163;;"motiondetector";"Старательский участок Serac";"Детектор движения";"Item";20;36;155.897;0;both;no
2165;;"bluewire";"Старательский участок Serac";"Синий провод";"wire";4;7.2;148.247;0;both;no
2166;;"bluewire";"Старательский участок Serac";"Синий провод";"wire";4;7.2;148.247;0;both;no
2167;;"bluewire";"Старательский участок Serac";"Синий провод";"wire";4;7.2;148.247;0;both;no
2168;;"bluewire";"Старательский участок Serac";"Синий провод";"wire";4;7.2;148.247;0;both;no
2169;;"bluewire";"Старательский участок Serac";"Синий провод";"wire";4;7.2;148.248;0;both;no
2170;;"opdeco_bunkbeds";"Старательский участок Serac";"Армейская койка";"Item";58.08;104.544;94.456;0;both;yes
2171;;"opdeco_bunkbeds";"Старательский участок Serac";"Армейская койка";"Item";58.08;104.544;94.456;0;both;yes
2173;;"delaycomponent";"Старательский участок Serac";"Компонент ""Задержки""";"Item";20;36;155.898;0;both;no
2174;;"andcomponent";"Старательский участок Serac";"Компонент ""И""";"Item";20;36;155.898;0;both;no
2175;;"notcomponent";"Старательский участок Serac";"Компонент ""Не""";"Item";20;36;155.898;0;both;no
2176;;"motiondetector";"Старательский участок Serac";"Детектор движения";"Item";20;36;155.898;0;both;no
2179;;"bluewire";"Старательский участок Serac";"Синий провод";"wire";4;7.2;148.249;0;both;no
2180;;"bluewire";"Старательский участок Serac";"Синий провод";"wire";4;7.2;148.249;0;both;no
2181;;"bluewire";"Старательский участок Serac";"Синий провод";"wire";4;7.2;148.249;0;both;no
2182;;"bluewire";"Старательский участок Serac";"Синий провод";"wire";4;7.2;148.249;0;both;no
2183;;"ff_x_wall";"Старательский участок Serac";"Большая горизонтальная внутренняя стена";"room-shell";7.68;400;-200;0;both;no
2184;;"ff_x_wall";"Старательский участок Serac";"Большая горизонтальная внутренняя стена";"room-shell";7.68;400;-200;0;both;no
2185;;"ff_x_wall";"Старательский участок Serac";"Большая горизонтальная внутренняя стена";"room-shell";7.68;400;-200;0;both;no
2186;;"ff_y_wall";"Старательский участок Serac";"Большая вертикальная внутренняя стена";"room-shell";7.68;400;-200;0;both;no
2187;;"hatchwbuttons";"Старательский участок Serac";"Люк с кнопками";"room-shell";21.56;400;-200;0;both;no
2188;;"delaycomponent";"Старательский участок Serac";"Компонент ""Задержки""";"Item";20;36;155.899;0;both;no
2189;;"andcomponent";"Старательский участок Serac";"Компонент ""И""";"Item";20;36;155.9;0;both;no
2190;;"notcomponent";"Старательский участок Serac";"Компонент ""Не""";"Item";20;36;155.9;0;both;no
2191;;"motiondetector";"Старательский участок Serac";"Детектор движения";"Item";20;36;155.9;0;both;no
2193;;"bluewire";"Старательский участок Serac";"Синий провод";"wire";4;7.2;148.25;0;both;no
2194;;"bluewire";"Старательский участок Serac";"Синий провод";"wire";4;7.2;148.25;0;both;no
2195;;"bluewire";"Старательский участок Serac";"Синий провод";"wire";4;7.2;148.25;0;both;no
2196;;"bluewire";"Старательский участок Serac";"Синий провод";"wire";4;7.2;148.25;0;both;no
2197;;"bluewire";"Старательский участок Serac";"Синий провод";"wire";4;7.2;148.25;0;both;no
2199;;"delaycomponent";"Старательский участок Serac";"Компонент ""Задержки""";"Item";20;36;155.901;0;both;no
2200;;"andcomponent";"Старательский участок Serac";"Компонент ""И""";"Item";20;36;155.901;0;both;no
2201;;"notcomponent";"Старательский участок Serac";"Компонент ""Не""";"Item";20;36;155.901;0;both;no
2202;;"motiondetector";"Старательский участок Serac";"Детектор движения";"Item";20;36;155.901;0;both;no
2205;;"bluewire";"Старательский участок Serac";"Синий провод";"wire";4;7.2;148.251;0;both;no
2206;;"bluewire";"Старательский участок Serac";"Синий провод";"wire";4;7.2;148.251;0;both;no
2207;;"bluewire";"Старательский участок Serac";"Синий провод";"wire";4;7.2;148.251;0;both;no
2208;;"bluewire";"Старательский участок Serac";"Синий провод";"wire";4;7.2;148.251;0;both;no
2209;;"ff_x_wall";"Старательский участок Serac";"Большая горизонтальная внутренняя стена";"room-shell";7.68;400;-200;0;both;no
2210;;"windoweddoorwbuttons";"Старательский участок Serac";"Дверь с окном и кнопками";"room-shell";20;400;-200;0;both;no
2211;;"delaycomponent";"Старательский участок Serac";"Компонент ""Задержки""";"Item";20;36;155.902;0;both;no
2212;;"andcomponent";"Старательский участок Serac";"Компонент ""И""";"Item";20;36;155.902;0;both;no
2213;;"notcomponent";"Старательский участок Serac";"Компонент ""Не""";"Item";20;36;155.902;0;both;no
2214;;"motiondetector";"Старательский участок Serac";"Детектор движения";"Item";20;36;155.902;0;both;no
2216;;"bluewire";"Старательский участок Serac";"Синий провод";"wire";4;7.2;148.252;0;both;no
2217;;"bluewire";"Старательский участок Serac";"Синий провод";"wire";4;7.2;148.252;0;both;no
2218;;"bluewire";"Старательский участок Serac";"Синий провод";"wire";4;7.2;148.252;0;both;no
2219;;"bluewire";"Старательский участок Serac";"Синий провод";"wire";4;7.2;148.253;0;both;no
2220;;"bluewire";"Старательский участок Serac";"Синий провод";"wire";4;7.2;148.253;0;both;no
2221;;"mediumwindowedsteelcabinet";"Старательский участок Serac";"Средний стальной шкаф с окном";"Item";36.96;66.528;132.472;0;both;yes
2222;;"opdeco_diningtablesmall";"Старательский участок Serac";"Маленький обеденный стол";"Structure";13.76;24.768;155.903;0;both;no
2223;;"op_cafeteriachair";"Старательский участок Serac";"Стул для кафе";"Item";33.44;60.192;138.808;0;both;yes
2224;;"opdeco_desk";"Старательский участок Serac";"Касса";"Structure";16;28.8;146.417;0;both;no
2225;;"shop_shelf2";"Старательский участок Serac";"Полка";"Structure";16;28.8;157.433;0;both;no
2226;;"shop_decoration16";"Старательский участок Serac";"Украшение магазина";"Item";20;36;155.934;0;both;no
2227;;"opdeco_officedisplay2";"Старательский участок Serac";"Декоративная награда";"Structure";4.8;8.64;146.448;0;both;no
2228;;"opbg_barracks2";"Старательский участок Serac";"Казармы аванпоста – фон 2";"Structure";16;28.8;161.411;0;both;no
2229;;"opdeco_shopsuit2";"Старательский участок Serac";"Экран: водолазный скафандр";"Item";35.2;63.36;135.64;0;both;yes
2230;;"ff_y_wall";"Старательский участок Serac";"Большая вертикальная внутренняя стена";"room-shell";7.68;400;-200;0;both;no
2231;;"ladder";"Старательский участок Serac";"Лестница";"Item";37;66.6;132.4;8;both;yes
2232;;"largeplatform";"Старательский участок Serac";"Большая платформа";"room-shell";8.16;400;-200;0;both;no
2234;;"delaycomponent";"Старательский участок Serac";"Компонент ""Задержки""";"Item";20;36;155.904;0;both;no
2235;;"andcomponent";"Старательский участок Serac";"Компонент ""И""";"Item";20;36;155.904;0;both;no
2236;;"notcomponent";"Старательский участок Serac";"Компонент ""Не""";"Item";20;36;155.904;0;both;no
2237;;"motiondetector";"Старательский участок Serac";"Детектор движения";"Item";20;36;155.904;0;both;no
2240;;"bluewire";"Старательский участок Serac";"Синий провод";"wire";4;7.2;148.255;0;both;no
2241;;"bluewire";"Старательский участок Serac";"Синий провод";"wire";4;7.2;148.255;0;both;no
2242;;"bluewire";"Старательский участок Serac";"Синий провод";"wire";4;7.2;148.255;0;both;no
2243;;"bluewire";"Старательский участок Serac";"Синий провод";"wire";4;7.2;148.255;0;both;no
2244;;"ff_x_wall";"Старательский участок Serac";"Большая горизонтальная внутренняя стена";"room-shell";7.68;400;-200;0;both;no
2245;;"windoweddoorwbuttons";"Старательский участок Serac";"Дверь с окном и кнопками";"room-shell";20;400;-200;0;both;no
2246;;"delaycomponent";"Старательский участок Serac";"Компонент ""Задержки""";"Item";20;36;155.905;0;both;no
2247;;"andcomponent";"Старательский участок Serac";"Компонент ""И""";"Item";20;36;155.905;0;both;no
2248;;"notcomponent";"Старательский участок Serac";"Компонент ""Не""";"Item";20;36;155.905;0;both;no
2249;;"motiondetector";"Старательский участок Serac";"Детектор движения";"Item";20;36;155.906;0;both;no
2251;;"bluewire";"Старательский участок Serac";"Синий провод";"wire";4;7.2;148.256;0;both;no
2252;;"bluewire";"Старательский участок Serac";"Синий провод";"wire";4;7.2;148.256;0;both;no
2253;;"bluewire";"Старательский участок Serac";"Синий провод";"wire";4;7.2;148.256;0;both;no
2254;;"bluewire";"Старательский участок Serac";"Синий провод";"wire";4;7.2;148.256;0;both;no
2255;;"bluewire";"Старательский участок Serac";"Синий провод";"wire";4;7.2;148.256;0;both;no
2256;;"op_vendingmachine1";"Старательский участок Serac";"Торговый автомат";"Item";52.36;94.248;104.752;0;both;yes
2257;;"op_vendingmachine2";"Старательский участок Serac";"Торговый автомат";"Item";52.36;94.248;104.752;0;both;yes
2258;;"opbg_dorm1";"Старательский участок Serac";"Жилое помещение аванпоста – фон";"Structure";16;28.8;161.476;0;both;no
2259;;"opbg_barracks3";"Старательский участок Serac";"Казармы аванпоста – фон 3";"Structure";16;28.8;161.445;0;both;no
2260;;"opbg_barracks3";"Старательский участок Serac";"Казармы аванпоста – фон 3";"Structure";6.24;11.232;161.415;0;both;no
2261;;"junctionbox";"Старательский участок Serac";"Кабельная коробка";"Item";24.2;43.56;155.44;0;both;yes
2262;;"FF_Wall_B";"Старательский участок Serac";"Задняя стена – балласт А1";"Structure";16;28.8;161.415;0;both;no
2263;;"opbg_airlock1";"Старательский участок Serac";"Стена аванпоста со шлюзом";"Structure";16;28.8;161.415;0;both;no
2264;;"opbg_airlock1";"Старательский участок Serac";"Стена аванпоста со шлюзом";"Structure";16;28.8;161.446;0;both;no
2265;;"opbg_airlock1";"Старательский участок Serac";"Стена аванпоста со шлюзом";"Structure";16;28.8;161.415;0;both;no
2266;;"FF_Wall_G2";"Старательский участок Serac";"Задняя стена G2";"Structure";16;28.8;161.415;0;both;no
2267;;"FF_Wall_G2";"Старательский участок Serac";"Задняя стена G2";"Structure";16;28.8;161.415;0;both;no
2268;;"smallverticalback2";"Старательский участок Serac";"Малая вертикальная задняя стенка 2";"Structure";5.12;9.216;158.998;0;both;no
2269;;"smallverticalback2";"Старательский участок Serac";"Малая вертикальная задняя стенка 2";"Structure";5.12;9.216;158.998;0;both;no
2270;;"largehorizontalback";"Старательский участок Serac";"Большая горизонтальная задняя стенка";"Structure";8.16;14.688;158.968;0;both;no
2271;;"largehorizontalback";"Старательский участок Serac";"Большая горизонтальная задняя стенка";"Structure";8.16;14.688;158.968;0;both;no
2272;;"junctionbox";"Старательский участок Serac";"Кабельная коробка";"Item";24.2;43.56;155.44;0;both;yes
2273;;"smallpump";"Старательский участок Serac";"Малый насос";"Item";20;36;155.908;0;both;no
2274;;"smallpump";"Старательский участок Serac";"Малый насос";"Item";20;36;155.908;0;both;no
2275;;"waterdetector";"Старательский участок Serac";"Детектор воды";"Item";20;36;155.939;0;both;no
2276;;"waterdetector";"Старательский участок Serac";"Детектор воды";"Item";20;36;155.939;0;both;no
2277;;"CableHolderHorizontal";"Старательский участок Serac";"Горизонтальный кабель-канал";"Structure";4;7.2;157.438;0;both;no
2278;;"opdeco_officechair";"Старательский участок Serac";"Офисное кресло";"Item";35.64;64.152;134.848;0;both;yes
2279;;"op_storesign1.png";"Старательский участок Serac";"Реклама";"Item";36.08;64.944;134.056;0;both;yes
2280;;"largehorizontalback";"Старательский участок Serac";"Большая горизонтальная задняя стенка";"Structure";7.04;12.672;158.969;0;both;no
2281;;"opdeco_diningtablesmall";"Старательский участок Serac";"Маленький обеденный стол";"Structure";13.76;24.768;155.909;0;both;no
2282;;"opdeco_diningtablesmall";"Старательский участок Serac";"Маленький обеденный стол";"Structure";13.76;24.768;155.909;0;both;no
2283;;"opdeco_chair1";"Старательский участок Serac";"Офисное кресло";"Item";31.68;57.024;141.976;0;both;yes
2284;;"opdeco_chair1";"Старательский участок Serac";"Офисное кресло";"Item";31.68;57.024;141.976;0;both;yes
2285;;"opdeco_chair1";"Старательский участок Serac";"Офисное кресло";"Item";31.68;57.024;141.976;0;both;yes
2286;;"opdeco_chair1";"Старательский участок Serac";"Офисное кресло";"Item";31.68;57.024;141.976;0;both;yes
2287;;"op_cafeteriawindow";"Старательский участок Serac";"Барная стойка";"Item";47.52;85.536;113.464;0;both;yes
2288;;"op_cafeteriaposter2";"Старательский участок Serac";"Плакат для кафе";"Structure";7.68;13.824;161.111;0;both;no
2289;;"op_cafeteriabench";"Старательский участок Serac";"Скамья для кафе";"Item";35;63;136;8;both;yes
2290;;"largeplatform";"Старательский участок Serac";"Большая платформа";"room-shell";7.2;400;-200;0;both;no
2291;;"largeplatform";"Старательский участок Serac";"Большая платформа";"room-shell";7.2;400;-200;0;both;no
2292;;"largeplatform";"Старательский участок Serac";"Большая платформа";"room-shell";7.2;400;-200;0;both;no
2293;;"largeplatform";"Старательский участок Serac";"Большая платформа";"room-shell";7.2;400;-200;0;both;no
2294;;"inwalllcaph3";"Старательский участок Serac";"Большая внутренняя стена – крышка H3";"Structure";7.84;14.112;132.348;0;both;no
2295;;"inwalllcaph1";"Старательский участок Serac";"Большая внутренняя стена – крышка H1";"Structure";4.32;7.776;132.348;0;both;no
2296;;"inwalllcaph1";"Старательский участок Serac";"Большая внутренняя стена – крышка H1";"Structure";4.32;7.776;132.348;0;both;no
2299;;"inwalllcaph2";"Старательский участок Serac";"Большая внутренняя стена – крышка H2";"Structure";7.68;13.824;132.349;0;both;no
2300;;"inwalllcaph2";"Старательский участок Serac";"Большая внутренняя стена – крышка H2";"Structure";7.68;13.824;132.349;0;both;no
2301;;"inwalllcapy1";"Старательский участок Serac";"Большая внутренняя стена – крышка V1";"Structure";8.16;14.688;132.349;0;both;no
2302;;"inwalllcaph2";"Старательский участок Serac";"Большая внутренняя стена – крышка H2";"Structure";7.68;13.824;132.349;0;both;no
2303;;"inwalllcaph2";"Старательский участок Serac";"Большая внутренняя стена – крышка H2";"Structure";7.68;13.824;132.349;0;both;no
2304;;"inwalllcaph2";"Старательский участок Serac";"Большая внутренняя стена – крышка H2";"Structure";7.68;13.824;132.349;0;both;no
2305;;"inwalllcaph2";"Старательский участок Serac";"Большая внутренняя стена – крышка H2";"Structure";7.68;13.824;132.349;0;both;no
2306;;"inwalllcaph2";"Старательский участок Serac";"Большая внутренняя стена – крышка H2";"Structure";7.68;13.824;132.349;0;both;no
2307;;"inwalllcaph2";"Старательский участок Serac";"Большая внутренняя стена – крышка H2";"Structure";7.68;13.824;132.349;0;both;no
2308;;"inwalllcaph1";"Старательский участок Serac";"Большая внутренняя стена – крышка H1";"Structure";4.32;7.776;132.349;0;both;no
2309;;"inwalllcaph1";"Старательский участок Serac";"Большая внутренняя стена – крышка H1";"Structure";4.32;7.776;132.35;0;both;no
2312;;"op_lightbox2";"Старательский участок Serac";"Световой короб";"Item";34.76;62.568;136.432;0;both;yes
2313;;"opdeco_hrcalendar";"Старательский участок Serac";"Календарь";"Structure";5.12;9.216;161.42;0;both;no
2314;;"op_painting2";"Старательский участок Serac";"Картина в раме";"Item";29.92;53.856;145.144;0;both;yes
2315;;"opdeco_hrflyers";"Старательский участок Serac";"Листовки";"Item";17;30.6;150.972;8;both;no
2316;;"vent";"Старательский участок Serac";"Вентиляционный клапан";"Item";31.24;56.232;142.768;0;both;yes
2317;;"vent";"Старательский участок Serac";"Вентиляционный клапан";"Item";31.24;56.232;142.768;0;both;yes
2318;;"vent";"Старательский участок Serac";"Вентиляционный клапан";"Item";31.24;56.232;142.768;0;both;yes
2319;;"vent";"Старательский участок Serac";"Вентиляционный клапан";"Item";31.24;56.232;142.768;0;both;yes
2320;;"vent";"Старательский участок Serac";"Вентиляционный клапан";"Item";31.24;56.232;142.768;0;both;yes
2327;;"ductblock";"Старательский участок Serac";"Сливной клапан";"room-shell";20;400;-200;0;both;no
2329;;"ff_x_wall";"Старательский участок Serac";"Большая горизонтальная внутренняя стена";"room-shell";7.68;400;-200;0;both;no
2330;;"inwalllcaph1";"Старательский участок Serac";"Большая внутренняя стена – крышка H1";"Structure";4.32;7.776;132.352;0;both;no
2331;;"inwalllcaph1";"Старательский участок Serac";"Большая внутренняя стена – крышка H1";"Structure";4.32;7.776;132.352;0;both;no
2332;;"platform";"Старательский участок Serac";"Базовая платформа";"room-shell";4.32;400;-200;0;both;no
2333;;"waterdetector";"Старательский участок Serac";"Детектор воды";"Item";20;36;155.914;0;both;no
2334;;"ventpipea590deg";"Старательский участок Serac";"Вент. труба A5 вертикальная";"Structure";4;7.2;157.138;0;both;no
2335;;"bluewire";"Старательский участок Serac";"Синий провод";"wire";4;7.2;155.914;0;both;no
2336;;"decowire11";"Старательский участок Serac";"Декоративная проводка";"Structure";12.8;23.04;157.444;0;both;no
2337;;"decowire9";"Старательский участок Serac";"Декоративная проводка";"Structure";16;28.8;160.963;0;both;no
2338;;"lightfluorescentm02";"Старательский участок Serac";"Лампа";"Item";20;36;155.914;0;both;no
2339;;"lightfluorescentm02";"Старательский участок Serac";"Лампа";"Item";20;36;155.915;0;both;no
2340;;"lighthalogenmm02";"Старательский участок Serac";"Лампа";"Item";20;36;155.915;0;both;no
2341;;"lightfluorescentm03";"Старательский участок Serac";"Лампа";"Item";20;36;155.915;0;both;no
2342;;"CableHolderHorizontal";"Старательский участок Serac";"Горизонтальный кабель-канал";"Structure";4;7.2;157.445;0;both;no
2343;;"lightfluorescentl01";"Старательский участок Serac";"Лампа";"Item";20;36;155.915;0;both;no
2344;;"CableHolderHorizontal";"Старательский участок Serac";"Горизонтальный кабель-канал";"Structure";4;7.2;157.445;0;both;no
2345;;"opdeco_trashcan";"Старательский участок Serac";"Мусорное ведро";"Item";24.2;43.56;155.44;0;both;yes
2346;;"opdeco_trashcan";"Старательский участок Serac";"Мусорное ведро";"Item";24.2;43.56;155.44;0;both;yes
2347;;"junctionbox";"Старательский участок Serac";"Кабельная коробка";"Item";24.2;43.56;155.44;0;both;yes
2348;;"ff_y_wall";"Старательский участок Serac";"Большая вертикальная внутренняя стена";"room-shell";7.68;400;-200;0;both;no
2349;;"redwire";"Старательский участок Serac";"Красный провод";"wire";4;7.2;155.916;0;both;no
2350;;"redwire";"Старательский участок Serac";"Красный провод";"wire";4;7.2;155.916;0;both;no
2351;;"redwire";"Старательский участок Serac";"Красный провод";"wire";4;7.2;155.916;0;both;no
2352;;"redwire";"Старательский участок Serac";"Красный провод";"wire";4;7.2;155.916;0;both;no
2353;;"redwire";"Старательский участок Serac";"Красный провод";"wire";4;7.2;155.916;0;both;no
2354;;"redwire";"Старательский участок Serac";"Красный провод";"wire";4;7.2;155.916;0;both;no
2355;;"redwire";"Старательский участок Serac";"Красный провод";"wire";4;7.2;155.916;0;both;no
2356;;"redwire";"Старательский участок Serac";"Красный провод";"wire";4;7.2;155.916;0;both;no
2357;;"redwire";"Старательский участок Serac";"Красный провод";"wire";4;7.2;155.916;0;both;no
2359;;"ff_x_wall";"Старательский участок Serac";"Большая горизонтальная внутренняя стена";"room-shell";7.68;400;-200;0;both;no
2360;;"ff_x_wall";"Старательский участок Serac";"Большая горизонтальная внутренняя стена";"room-shell";7.68;400;-200;0;both;no
2372;;"opbg_services1";"Старательский участок Serac";"Службы аванпоста – фон 1";"Structure";16;28.8;161.732;0;both;no
2409;;"op_clowncurtain1";"Старательский участок Serac";"Декоративная ширма";"Structure";9.92;17.856;161.705;0;both;no
2410;;"rustwalldecal2";"Старательский участок Serac";"Ржавчина (Испорчено)";"Item";72;129.6;69.4;0;both;yes
2411;;"op_sepdebris1";"Старательский участок Serac";"Мусор (Бандит/Сепаратист)";"Item";34.32;61.776;137.224;0;both;yes
2412;;"banditprop7";"Старательский участок Serac";"Треснувшее стекло (Испорчено)";"Item";33.88;60.984;138.016;0;both;yes
2413;;"banditprop6";"Старательский участок Serac";"Треснувшее стекло (Испорчено)";"Item";34.76;62.568;136.432;0;both;yes
2414;;"op_sepposter1";"Старательский участок Serac";"Плакат (Сепаратист)";"Item";29.92;53.856;145.144;0;both;yes
2415;;"opdeco_box4";"Старательский участок Serac";"Ящик 4";"Structure";10.24;18.432;158.064;0;both;no
2416;;"rustwalldecal1";"Старательский участок Serac";"Ржавчина (Испорчено)";"Item";72;129.6;69.4;0;both;yes
2417;;"op_sepposter3";"Старательский участок Serac";"Плакат (Сепаратист)";"Item";31.68;57.024;141.976;0;both;yes
2418;;"op_sepdebris2";"Старательский участок Serac";"Мусор (Бандит/Сепаратист)";"Item";20;36;155.004;0;both;no
2419;;"op_sepdebris2";"Старательский участок Serac";"Мусор (Бандит/Сепаратист)";"Item";20;36;155.953;0;both;no
2420;;"graffiti5";"Старательский участок Serac";"Граффити";"Structure";6.72;12.096;160.819;0;both;no
2421;;"opdeco_box2";"Старательский участок Serac";"Ящик 2";"Structure";10.24;18.432;155.005;0;both;no
2422;;"opdeco_box1";"Старательский участок Serac";"Ящик 1";"Structure";11.36;20.448;155.311;0;both;no
2423;;"opdeco_boxes1";"Старательский участок Serac";"Ящики";"Structure";9.92;17.856;155.005;0;both;no
2424;;"opdeco_box3";"Старательский участок Serac";"Ящик 3";"Structure";8.96;16.128;158.065;0;both;no
2425;;"opdeco_box5";"Старательский участок Serac";"Ящик 5";"Structure";6.4;11.52;158.096;0;both;no
2426;;"opdeco_boxes2";"Старательский участок Serac";"Ящики";"Structure";4.8;8.64;158.096;0;both;no
2427;;"op_sepgraffiti";"Старательский участок Serac";"Граффити";"Item";44.44;79.992;119.008;0;both;yes
2428;;"bluewire";"Старательский участок Serac";"Синий провод";"wire";4;7.2;155.923;0;both;no
2429;;"bluewire";"Старательский участок Serac";"Синий провод";"wire";4;7.2;155.924;0;both;no
2430;;"doorwbuttons";"Старательский участок Serac";"Дверь с кнопками";"room-shell";20;400;-200;0;both;no
2431;;"largeplatformwrecked";"Старательский участок Serac";"Большая платформа (Испорчено)";"room-shell";8.16;400;-200;0;both;no
2435;;"opbg_tunnel2";"Старательский участок Serac";"Туннель аванпоста – фон 2";"Structure";16;28.8;161.432;0;both;no
2436;;"bluewire";"Старательский участок Serac";"Синий провод";"wire";4;7.2;148.274;0;both;no
2437;;"ff_y_wall";"Старательский участок Serac";"Большая вертикальная внутренняя стена";"room-shell";7.68;400;-200;0;both;no
2438;;"opbg_tunnel2";"Старательский участок Serac";"Туннель аванпоста – фон 2";"Structure";16;28.8;161.432;0;both;no
2439;;"ff_x_wall";"Старательский участок Serac";"Большая горизонтальная внутренняя стена";"room-shell";7.68;400;-200;0;both;no
2440;;"opbg_tunnel2";"Старательский участок Serac";"Туннель аванпоста – фон 2";"Structure";16;28.8;161.433;0;both;no
2441;;"ff_x_wall";"Старательский участок Serac";"Большая горизонтальная внутренняя стена";"room-shell";7.68;400;-200;0;both;no
2444;;"bluewire";"Старательский участок Serac";"Синий провод";"wire";4;7.2;148.275;0;both;no
2445;;"opdeco_supportbeam_horizontal";"Старательский участок Serac";"Горизонтальная балка";"Structure";7.68;13.824;161.127;0;both;no
2446;;"ff_y_wall";"Старательский участок Serac";"Большая вертикальная внутренняя стена";"room-shell";7.68;400;-200;0;both;no
2447;;"inwalllcaph2";"Старательский участок Serac";"Большая внутренняя стена – крышка H2";"Structure";7.68;13.824;132.363;0;both;no
2448;;"inwalllcaph2";"Старательский участок Serac";"Большая внутренняя стена – крышка H2";"Structure";7.68;13.824;132.363;0;both;no
2449;;"inwalllcaph2";"Старательский участок Serac";"Большая внутренняя стена – крышка H2";"Structure";7.68;13.824;132.364;0;both;no
2450;;"inwalllcaph2";"Старательский участок Serac";"Большая внутренняя стена – крышка H2";"Structure";7.68;13.824;132.364;0;both;no
2451;;"ff_x_wall";"Старательский участок Serac";"Большая горизонтальная внутренняя стена";"room-shell";7.68;400;-200;0;both;no
2452;;"doorwbuttons";"Старательский участок Serac";"Дверь с кнопками";"room-shell";20;400;-200;0;both;no
2453;;"junctionbox";"Старательский участок Serac";"Кабельная коробка";"Item";23.76;42.768;155.926;0;both;no
2454;;"bluewire";"Старательский участок Serac";"Синий провод";"wire";4;7.2;148.276;0;both;no
2455;;"bluewire";"Старательский участок Serac";"Синий провод";"wire";4;7.2;148.276;0;both;no
2456;;"bluewire";"Старательский участок Serac";"Синий провод";"wire";4;7.2;148.276;0;both;no
2457;;"inwalllcaph2";"Старательский участок Serac";"Большая внутренняя стена – крышка H2";"Structure";7.68;13.824;132.364;0;both;no
2458;;"inwalllcaph2";"Старательский участок Serac";"Большая внутренняя стена – крышка H2";"Structure";7.68;13.824;132.364;0;both;no
2459;;"inwalllcaph2";"Старательский участок Serac";"Большая внутренняя стена – крышка H2";"Structure";7.68;13.824;132.365;0;both;no
2460;;"ladder";"Старательский участок Serac";"Лестница";"Item";37;66.6;132.4;8;both;yes
2461;;"redwire";"Старательский участок Serac";"Красный провод";"wire";4;7.2;148.277;0;both;no
2462;;"ff_x_wall";"Старательский участок Serac";"Большая горизонтальная внутренняя стена";"room-shell";7.68;400;-200;0;both;no
2463;;"vent";"Старательский участок Serac";"Вентиляционный клапан";"Item";22.44;40.392;158.608;0;both;yes
2464;;"lightfluorescentm02";"Старательский участок Serac";"Лампа";"Item";20;36;155.927;0;both;no
2465;;"bluewire";"Старательский участок Serac";"Синий провод";"wire";4;7.2;148.277;0;both;no
2466;;"notcomponent";"Старательский участок Serac";"Компонент ""Не""";"Item";20;36;155.927;0;both;no
2467;;"andcomponent";"Старательский участок Serac";"Компонент ""И""";"Item";20;36;155.927;0;both;no
2468;;"delaycomponent";"Старательский участок Serac";"Компонент ""Задержки""";"Item";20;36;155.927;0;both;no
2469;;"motiondetector";"Старательский участок Serac";"Детектор движения";"Item";20;36;155.928;0;both;no
2471;;"ff_x_wall";"Старательский участок Serac";"Большая горизонтальная внутренняя стена";"room-shell";7.68;400;-200;0;both;no
2472;;"heavydoor";"Старательский участок Serac";"Тяжелая дверь";"room-shell";15.68;400;-200;0;both;no
2473;;"inwalllcaph2";"Старательский участок Serac";"Большая внутренняя стена – крышка H2";"Structure";7.68;13.824;132.366;0;both;no
2474;;"heavydoor";"Старательский участок Serac";"Тяжелая дверь";"room-shell";15.68;400;-200;0;both;no
2478;;"ventpipea6";"Старательский участок Serac";"Вент. труба A6";"Structure";5.12;9.216;160.824;0;both;no
2479;;"ventpipea7";"Старательский участок Serac";"Вент. труба A7";"Structure";5.12;9.216;160.825;0;both;no
2481;;"miningengine";"Старательский участок Serac";"Горная машина";"Structure";16;28.8;161.284;0;both;no
2482;;"drillingmodule3";"Старательский участок Serac";"Горная машина";"Structure";10.24;18.432;161.284;0;both;no
2483;;"drillingbit1";"Старательский участок Serac";"Горная машина";"Structure";16;28.8;155.623;0;both;no
2484;;"opbg_generic5";"Старательский участок Serac";"Обычная стена аванпоста 5";"Structure";16;28.8;161.437;0;both;no
2485;;"opdeco_instructionsign";"Старательский участок Serac";"Знак ""Инструкция""";"Structure";4.96;8.928;161.131;0;both;no
2486;;"opbg_tunnel1";"Старательский участок Serac";"Туннель аванпоста – фон 1";"Structure";16;28.8;161.437;0;both;no
2487;;"opbg_tunnel6";"Старательский участок Serac";"Туннель аванпоста – фон 6";"Structure";16;28.8;161.437;0;both;no
2488;;"opdeco_supportbeam_vertical";"Старательский участок Serac";"Вертикальная балка";"Structure";4;7.2;161.131;0;both;no
2489;;"smallverticalback";"Старательский участок Serac";"Малая вертикальная задняя стенка";"Structure";5.12;9.216;158.99;0;both;no
2490;;"opdeco_construction_sign_4";"Старательский участок Serac";"Знак ""Стройка""";"Structure";10.24;18.432;161.132;0;both;no
2491;;"icedebris09";"Старательский участок Serac";"Ледяные обломки";"Structure";10.24;18.432;161.285;0;both;no
2492;;"icedebris11";"Старательский участок Serac";"Ледяные обломки";"Structure";11.52;20.736;161.285;0;both;no
2493;;"icepillar2";"Старательский участок Serac";"Ледяная колонна";"Structure";16;28.8;161.285;0;both;no
2494;;"icepillarmelt1";"Старательский участок Serac";"Ледяная колонна";"Structure";12.8;23.04;161.285;0;both;no
2495;;"icepillarmelt3";"Старательский участок Serac";"Ледяная колонна";"Structure";15.36;27.648;161.285;0;both;no
2496;;"op_lighttower";"Старательский участок Serac";"Маяк";"Item";38.72;69.696;129.304;0;both;yes
2497;;"lightfluorescentm04";"Старательский участок Serac";"Лампа";"Item";20;36;155.93;0;both;no
2499;;"CableHolderHorizontalwrecked";"Старательский участок Serac";"Горизонтальный кабель-канал (Испорчено)";"Structure";4;7.2;157.461;0;both;no
2500;;"redwire";"Старательский участок Serac";"Красный провод";"wire";4;7.2;148.281;0;both;no
2501;;"inwalllcaph2";"Старательский участок Serac";"Большая внутренняя стена – крышка H2";"Structure";7.68;13.824;132.369;0;both;no
2502;;"inwalllcapy1";"Старательский участок Serac";"Большая внутренняя стена – крышка V1";"Structure";7.84;14.112;132.369;0;both;no
2503;;"inwalllcaph2";"Старательский участок Serac";"Большая внутренняя стена – крышка H2";"Structure";7.68;13.824;132.369;0;both;no
2504;;"opbg_tunnel1";"Старательский участок Serac";"Туннель аванпоста – фон 1";"Structure";16;28.8;161.439;0;both;no
2505;;"icewall";"Старательский участок Serac";"Ледяная стена тоннеля";"room-shell";7.68;400;-200;0;both;no
2506;;"icewall";"Старательский участок Serac";"Ледяная стена тоннеля";"room-shell";7.68;400;-200;0;both;no
2507;;"icewall90";"Старательский участок Serac";"Ледяная стена тоннеля 90";"room-shell";7.68;400;-200;0;both;no
2508;;"icerock01";"Старательский участок Serac";"Ледяной тоннель с камнем 1";"Structure";7.68;13.824;140.631;0;both;no
2509;;"icerock02";"Старательский участок Serac";"Ледяной тоннель с камнем 2";"Structure";7.68;13.824;140.632;0;both;no
2510;;"icerock04";"Старательский участок Serac";"Ледяной тоннель с камнем 4";"Structure";8.96;16.128;149.812;0;both;no
2511;;"icerock03";"Старательский участок Serac";"Ледяной тоннель с камнем 3";"Structure";8.96;16.128;149.812;0;both;no
2512;;"icerock03";"Старательский участок Serac";"Ледяной тоннель с камнем 3";"Structure";8.96;16.128;149.812;0;both;no
2513;;"icerock03";"Старательский участок Serac";"Ледяной тоннель с камнем 3";"Structure";8.96;16.128;149.812;0;both;no
2514;;"icerock04";"Старательский участок Serac";"Ледяной тоннель с камнем 4";"Structure";8.96;16.128;149.812;0;both;no
2515;;"icerock04";"Старательский участок Serac";"Ледяной тоннель с камнем 4";"Structure";12.48;22.464;149.812;0;both;no
2516;;"icedebris10";"Старательский участок Serac";"Ледяные обломки";"Structure";7.68;13.824;161.287;0;both;no
2517;;"icedebris02";"Старательский участок Serac";"Ледяные обломки";"Structure";7.68;13.824;161.287;0;both;no
2518;;"inwalllcaph2";"Старательский участок Serac";"Большая внутренняя стена – крышка H2";"Structure";7.68;13.824;132.37;0;both;no
2519;;"lightfluorescentm04";"Старательский участок Serac";"Лампа";"Item";20;36;155.933;0;both;no
2520;;"lightfluorescentm04";"Старательский участок Serac";"Лампа";"Item";20;36;155.933;0;both;no
2521;;"icedebris04";"Старательский участок Serac";"Ледяные обломки";"Structure";13.76;24.768;161.288;0;both;no
2522;;"opdeco_supportbeam_vertical";"Старательский участок Serac";"Вертикальная балка";"Structure";6.4;11.52;161.135;0;both;no
2523;;"opdeco_construction_sign";"Старательский участок Serac";"Знак ""Стройка""";"Structure";10.24;18.432;161.135;0;both;no
2524;;"opdeco_construction_sign_6";"Старательский участок Serac";"Знак ""Стройка""";"Structure";8.8;15.84;161.135;0;both;no
2525;;"icedebris08";"Старательский участок Serac";"Ледяные обломки";"Structure";14.08;25.344;161.288;0;both;no
2527;;"op_lighttower";"Старательский участок Serac";"Маяк";"Item";38.72;69.696;129.304;0;both;yes
2528;;"CableHolderVerticalwrecked";"Старательский участок Serac";"Вертикальный кабель-канал (Испорчено)";"Structure";4;7.2;157.463;0;both;no
2529;;"uraniumore";"Старательский участок Serac";"Урановая руда";"Item";23.32;41.976;148.284;0;both;no
2530;;"bluewire";"Старательский участок Serac";"Синий провод";"wire";4;7.2;148.284;0;both;no
2531;;"CableHolderHorizontalwrecked";"Старательский участок Serac";"Горизонтальный кабель-канал (Испорчено)";"Structure";4;7.2;157.464;0;both;no
2532;;"junctionbox";"Старательский участок Serac";"Кабельная коробка";"Item";23.76;42.768;155.934;0;both;no
2533;;"CableHolderVertical";"Старательский участок Serac";"Вертикальный кабель-канал";"Structure";4;7.2;157.464;0;both;no
2534;;"CableHolderHorizontal";"Старательский участок Serac";"Горизонтальный кабель-канал";"Structure";4;7.2;157.464;0;both;no
2535;;"bluewire";"Старательский участок Serac";"Синий провод";"wire";4;7.2;148.284;0;both;no
2536;;"redwire";"Старательский участок Serac";"Красный провод";"wire";4;7.2;148.284;0;both;no
2537;;"redwire";"Старательский участок Serac";"Красный провод";"wire";4;7.2;148.284;0;both;no
2538;;"bluewire";"Старательский участок Serac";"Синий провод";"wire";4;7.2;148.284;0;both;no
2539;;"bluewire";"Старательский участок Serac";"Синий провод";"wire";4;7.2;148.285;0;both;no
2540;;"notcomponent";"Старательский участок Serac";"Компонент ""Не""";"Item";20;36;155.935;0;both;no
2541;;"andcomponent";"Старательский участок Serac";"Компонент ""И""";"Item";20;36;155.935;0;both;no
2542;;"delaycomponent";"Старательский участок Serac";"Компонент ""Задержки""";"Item";20;36;155.935;0;both;no
2543;;"motiondetector";"Старательский участок Serac";"Детектор движения";"Item";20;36;155.935;0;both;no
2545;;"suppliescabinet";"Старательский участок Serac";"Хозяйственный шкаф";"Item";26.4;47.52;151.48;0;both;yes
2562;;"doorwbuttons";"Старательский участок Serac";"Дверь с кнопками";"room-shell";20;400;-200;0;both;no
2563;;"delaycomponent";"Старательский участок Serac";"Компонент ""Задержки""";"Item";20;36;155.937;0;both;no
2564;;"andcomponent";"Старательский участок Serac";"Компонент ""И""";"Item";20;36;155.937;0;both;no
2565;;"notcomponent";"Старательский участок Serac";"Компонент ""Не""";"Item";20;36;155.937;0;both;no
2566;;"motiondetector";"Старательский участок Serac";"Детектор движения";"Item";20;36;155.937;0;both;no
2568;;"bluewire";"Старательский участок Serac";"Синий провод";"wire";4;7.2;148.287;0;both;no
2569;;"bluewire";"Старательский участок Serac";"Синий провод";"wire";4;7.2;148.288;0;both;no
2570;;"bluewire";"Старательский участок Serac";"Синий провод";"wire";4;7.2;148.288;0;both;no
2571;;"bluewire";"Старательский участок Serac";"Синий провод";"wire";4;7.2;148.288;0;both;no
2572;;"bluewire";"Старательский участок Serac";"Синий провод";"wire";4;7.2;148.288;0;both;no
2574;;"redwire";"Старательский участок Serac";"Красный провод";"wire";4;7.2;148.288;0;both;no
2575;;"vent";"Старательский участок Serac";"Вентиляционный клапан";"Item";22.44;40.392;158.608;0;both;yes
2584;;"vent";"Старательский участок Serac";"Вентиляционный клапан";"Item";22.44;40.392;158.608;0;both;yes
2585;;"ventductb1";"Старательский участок Serac";"Вент. канал B1";"Structure";9.76;17.568;159.611;0;both;no
2586;;"ff_x_wall";"Старательский участок Serac";"Большая горизонтальная внутренняя стена";"room-shell";7.68;400;-200;0;both;no
2587;;"ladder";"Старательский участок Serac";"Лестница";"Item";37;66.6;132.4;8;both;yes
2588;;"ff_y_wall";"Старательский участок Serac";"Большая вертикальная внутренняя стена";"room-shell";7.68;400;-200;0;both;no
2589;;"ff_x_wall";"Старательский участок Serac";"Большая горизонтальная внутренняя стена";"room-shell";7.68;400;-200;0;both;no
2590;;"ff_x_wall";"Старательский участок Serac";"Большая горизонтальная внутренняя стена";"room-shell";7.68;400;-200;0;both;no
2591;;"ff_y_wall";"Старательский участок Serac";"Большая вертикальная внутренняя стена";"room-shell";7.68;400;-200;0;both;no
2592;;"medicalfabricator";"Старательский участок Serac";"Медицинский фабрикатор";"Item";63.36;114.048;84.952;0;both;yes
2593;;"opdeco_hrbench";"Старательский участок Serac";"Скамейка";"Structure";7.68;13.824;157.164;0;both;no
2594;;"opdeco_hospitalbed";"Старательский участок Serac";"Больничная койка";"Item";42.24;76.032;122.968;0;both;yes
2595;;"opdeco_bunkbeds";"Старательский участок Serac";"Армейская койка";"Item";58.08;104.544;94.456;0;both;yes
2596;;"doorwbuttons";"Старательский участок Serac";"Дверь с кнопками";"room-shell";20;400;-200;0;both;no
2598;;"opdeco_box4";"Старательский участок Serac";"Ящик 4";"Structure";8.16;14.688;156.858;0;both;no
2599;;"ff_y_wall";"Старательский участок Serac";"Большая вертикальная внутренняя стена";"room-shell";7.68;400;-200;0;both;no
2600;;"medcabinet";"Старательский участок Serac";"Аптечка";"Item";45.76;82.368;116.632;0;both;yes
2601;;"opdeco_desk";"Старательский участок Serac";"Касса";"Structure";15.36;27.648;146.455;0;both;no
2602;;"opdeco_shelflarge";"Старательский участок Serac";"Большая полка";"Structure";16;28.8;157.165;0;both;no
2603;;"opdeco_shelfsmall";"Старательский участок Serac";"Маленькая полка";"Structure";8.96;16.128;157.165;0;both;no
2604;;"op_medicalstoresign";"Старательский участок Serac";"Знак";"Item";20;36;159.001;0;both;no
2605;;"opbg_manageroffice3";"Старательский участок Serac";"Офис управляющего аванпоста – фон 3";"Structure";16;28.8;161.48;0;both;no
2606;;"opdeco_LargeTable";"Старательский участок Serac";"Стол";"Structure";11.04;19.872;156.859;0;both;no
2607;;"inwalllcaph1";"Старательский участок Serac";"Большая внутренняя стена – крышка H1";"Structure";4.32;7.776;132.379;0;both;no
2608;;"opbg_manageroffice3";"Старательский участок Serac";"Офис управляющего аванпоста – фон 3";"Structure";16;28.8;161.449;0;both;no
2609;;"FF_Wall_G3";"Старательский участок Serac";"Задняя стена G3";"Structure";16;28.8;161.603;0;both;no
2610;;"vent";"Старательский участок Serac";"Вентиляционный клапан";"Item";31.24;56.232;142.768;0;both;yes
2611;;"vent";"Старательский участок Serac";"Вентиляционный клапан";"Item";31.24;56.232;142.768;0;both;yes
2612;;"ff_y_wall";"Старательский участок Serac";"Большая вертикальная внутренняя стена";"room-shell";5.92;400;-200;0;both;no
2613;;"op_clowncurtain1";"Старательский участок Serac";"Декоративная ширма";"Structure";15.04;27.072;155.024;0;both;no
2614;;"ventpipea4";"Старательский участок Serac";"Вент. труба A4";"Structure";4;7.2;160.838;0;both;no
2615;;"inwallltiev3";"Старательский участок Serac";"Большая внутренняя стена – анкер V3";"Structure";8.64;15.552;147.68;0;both;no
2616;;"inwallltiev3";"Старательский участок Serac";"Большая внутренняя стена – анкер V3";"Structure";8.64;15.552;147.68;0;both;no
2617;;"inwallltiev3";"Старательский участок Serac";"Большая внутренняя стена – анкер V3";"Structure";8.64;15.552;147.68;0;both;no
2618;;"largehorizontalback";"Старательский участок Serac";"Большая горизонтальная задняя стенка";"Structure";10.24;18.432;157.472;0;both;no
2619;;"opdeco_trashcan";"Старательский участок Serac";"Мусорное ведро";"Item";24.2;43.56;155.44;0;both;yes
2620;;"opdeco_hrflyers";"Старательский участок Serac";"Листовки";"Item";17;30.6;151.003;8;both;no
2621;;"lighthalogenmm01";"Старательский участок Serac";"Лампа";"Item";20;36;155.943;0;both;no
2622;;"opdeco_medcompartment3";"Старательский участок Serac";"Подсобка";"Item";20;36;157.167;0;both;no
2623;;"opdeco_medcompartment3";"Старательский участок Serac";"Подсобка";"Item";20;36;157.167;0;both;no
2624;;"opdeco_boxes1";"Старательский участок Serac";"Ящики";"Structure";9.92;17.856;161.145;0;both;no
2625;;"op_huskposter1";"Старательский участок Serac";"Аптечный плакат";"Item";21.56;38.808;158.973;0;both;no
2626;;"op_huskposter3";"Старательский участок Serac";"Аптечный плакат";"Item";22;39.6;158.942;0;both;no
2627;;"op_huskphoto2";"Старательский участок Serac";"Мутная картинка";"Item";20;36;159.003;0;both;no
2628;;"op_storesign2.png";"Старательский участок Serac";"Знак";"Item";20;36;157.443;0;both;no
2629;;"labelsiconmedical";"Старательский участок Serac";"Знак: символ медотсека";"Structure";5.28;9.504;157.412;0;both;no
2630;;"labelsarrowhorizontalb";"Старательский участок Serac";"Знак: горизонтальная стрелка В";"Structure";4;7.2;157.412;0;both;no
2631;;"vent";"Старательский участок Serac";"Вентиляционный клапан";"Item";31.24;56.232;142.768;0;both;yes
2632;;"vent";"Старательский участок Serac";"Вентиляционный клапан";"Item";31.24;56.232;142.768;0;both;yes
2633;;"ersign";"Старательский участок Serac";"Знак";"Structure";7.04;12.672;160.228;0;both;no
2634;;"ventductlongb2";"Старательский участок Serac";"Вент. канал B2";"Structure";4;7.2;157.168;0;both;no
2635;;"ventconnectora3";"Старательский участок Serac";"Вент. канал – соединитель A3";"Structure";7.68;13.824;156.556;0;both;no
2636;;"op_circusposter.png";"Старательский участок Serac";"Плакат";"Item";27.72;49.896;149.104;0;both;yes
2637;;"junctionbox";"Старательский участок Serac";"Кабельная коробка";"Item";24.2;43.56;155.44;0;both;yes
2638;;"junctionbox";"Старательский участок Serac";"Кабельная коробка";"Item";24.2;43.56;155.44;0;both;yes
2639;;"opbg_generic2";"Старательский участок Serac";"Обычная стена аванпоста 2";"Structure";16;28.8;161.483;0;both;no
2640;;"lighthalogenmm01";"Старательский участок Serac";"Лампа";"Item";20;36;155.945;0;both;no
2641;;"CableHolderHorizontal";"Старательский участок Serac";"Горизонтальный кабель-канал";"Structure";4;7.2;157.475;0;both;no
2642;;"lightfluorescentm02";"Старательский участок Serac";"Лампа";"Item";20;36;155.945;0;both;no
2643;;"decowire8";"Старательский участок Serac";"Декоративная проводка";"Structure";15.36;27.648;160.994;0;both;no
2644;;"lightfluorescentm01";"Старательский участок Serac";"Лампа";"Item";20;36;155.945;0;both;no
2645;;"decowire3";"Старательский участок Serac";"Декоративная проводка";"Structure";16;28.8;160.994;0;both;no
2646;;"decowire11";"Старательский участок Serac";"Декоративная проводка";"Structure";12.8;23.04;157.506;0;both;no
2647;;"ff_x_wall";"Старательский участок Serac";"Большая горизонтальная внутренняя стена";"room-shell";7.68;400;-200;0;both;no
2648;;"hatchwbuttons";"Старательский участок Serac";"Люк с кнопками";"room-shell";21.56;400;-200;0;both;no
2649;;"delaycomponent";"Старательский участок Serac";"Компонент ""Задержки""";"Item";20;36;155.946;0;both;no
2650;;"andcomponent";"Старательский участок Serac";"Компонент ""И""";"Item";20;36;155.946;0;both;no
2651;;"notcomponent";"Старательский участок Serac";"Компонент ""Не""";"Item";20;36;155.946;0;both;no
2652;;"motiondetector";"Старательский участок Serac";"Детектор движения";"Item";20;36;155.946;0;both;no
2654;;"bluewire";"Старательский участок Serac";"Синий провод";"wire";4;7.2;148.296;0;both;no
2655;;"bluewire";"Старательский участок Serac";"Синий провод";"wire";4;7.2;148.296;0;both;no
2656;;"bluewire";"Старательский участок Serac";"Синий провод";"wire";4;7.2;148.296;0;both;no
2657;;"bluewire";"Старательский участок Serac";"Синий провод";"wire";4;7.2;148.296;0;both;no
2658;;"bluewire";"Старательский участок Serac";"Синий провод";"wire";4;7.2;148.296;0;both;no
2659;;"hatchwbuttons";"Старательский участок Serac";"Люк с кнопками";"room-shell";21.56;400;-200;0;both;no
2660;;"delaycomponent";"Старательский участок Serac";"Компонент ""Задержки""";"Item";20;36;155.947;0;both;no
2661;;"andcomponent";"Старательский участок Serac";"Компонент ""И""";"Item";20;36;155.947;0;both;no
2662;;"notcomponent";"Старательский участок Serac";"Компонент ""Не""";"Item";20;36;155.947;0;both;no
2663;;"motiondetector";"Старательский участок Serac";"Детектор движения";"Item";20;36;155.947;0;both;no
2665;;"bluewire";"Старательский участок Serac";"Синий провод";"wire";4;7.2;148.297;0;both;no
2666;;"bluewire";"Старательский участок Serac";"Синий провод";"wire";4;7.2;148.297;0;both;no
2667;;"bluewire";"Старательский участок Serac";"Синий провод";"wire";4;7.2;148.297;0;both;no
2668;;"bluewire";"Старательский участок Serac";"Синий провод";"wire";4;7.2;148.297;0;both;no
2669;;"bluewire";"Старательский участок Serac";"Синий провод";"wire";4;7.2;148.298;0;both;no
2670;;"ff_x_wall";"Старательский участок Serac";"Большая горизонтальная внутренняя стена";"room-shell";7.68;400;-200;0;both;no
2672;;"delaycomponent";"Старательский участок Serac";"Компонент ""Задержки""";"Item";20;36;155.948;0;both;no
2673;;"andcomponent";"Старательский участок Serac";"Компонент ""И""";"Item";20;36;155.948;0;both;no
2674;;"notcomponent";"Старательский участок Serac";"Компонент ""Не""";"Item";20;36;155.948;0;both;no
2675;;"motiondetector";"Старательский участок Serac";"Детектор движения";"Item";20;36;155.948;0;both;no
2678;;"bluewire";"Старательский участок Serac";"Синий провод";"wire";4;7.2;148.298;0;both;no
2679;;"bluewire";"Старательский участок Serac";"Синий провод";"wire";4;7.2;148.299;0;both;no
2680;;"bluewire";"Старательский участок Serac";"Синий провод";"wire";4;7.2;148.299;0;both;no
2681;;"bluewire";"Старательский участок Serac";"Синий провод";"wire";4;7.2;148.299;0;both;no
2682;;"ff_x_wall";"Старательский участок Serac";"Большая горизонтальная внутренняя стена";"room-shell";7.68;400;-200;0;both;no
2683;;"ductblock";"Старательский участок Serac";"Сливной клапан";"room-shell";20;400;-200;0;both;no
2685;;"ff_x_wall";"Старательский участок Serac";"Большая горизонтальная внутренняя стена";"room-shell";7.68;400;-200;0;both;no
2686;;"platform";"Старательский участок Serac";"Базовая платформа";"room-shell";4.32;400;-200;0;both;no
2687;;"inwalllcaph1";"Старательский участок Serac";"Большая внутренняя стена – крышка H1";"Structure";4.32;7.776;132.387;0;both;no
2688;;"opdeco_door";"Старательский участок Serac";"Фоновая дверь";"Structure";15.36;27.648;161.457;0;both;no
2689;;"inwalllcaph1";"Старательский участок Serac";"Большая внутренняя стена – крышка H1";"Structure";4.32;7.776;132.388;0;both;no
2690;;"inwalllcaph1";"Старательский участок Serac";"Большая внутренняя стена – крышка H1";"Structure";4.32;7.776;132.388;0;both;no
2691;;"inwalllcaph1";"Старательский участок Serac";"Большая внутренняя стена – крышка H1";"Structure";4.32;7.776;132.388;0;both;no
2692;;"inwalllcaph1";"Старательский участок Serac";"Большая внутренняя стена – крышка H1";"Structure";4.32;7.776;132.388;0;both;no
2695;;"inwalllcaph2";"Старательский участок Serac";"Большая внутренняя стена – крышка H2";"Structure";7.68;13.824;132.388;0;both;no
2696;;"inwalllcaph2";"Старательский участок Serac";"Большая внутренняя стена – крышка H2";"Structure";7.68;13.824;132.388;0;both;no
2697;;"inwalllcaph2";"Старательский участок Serac";"Большая внутренняя стена – крышка H2";"Structure";7.68;13.824;132.388;0;both;no
2698;;"inwalllcaph2";"Старательский участок Serac";"Большая внутренняя стена – крышка H2";"Structure";7.68;13.824;132.388;0;both;no
2699;;"inwalllcaph2";"Старательский участок Serac";"Большая внутренняя стена – крышка H2";"Structure";7.68;13.824;132.389;0;both;no
2700;;"inwalllcaph2";"Старательский участок Serac";"Большая внутренняя стена – крышка H2";"Structure";7.68;13.824;132.389;0;both;no
2701;;"inwalllcaph2";"Старательский участок Serac";"Большая внутренняя стена – крышка H2";"Structure";7.68;13.824;132.389;0;both;no
2702;;"inwalllcaph2";"Старательский участок Serac";"Большая внутренняя стена – крышка H2";"Structure";7.68;13.824;132.389;0;both;no
2703;;"inwalllcaph2";"Старательский участок Serac";"Большая внутренняя стена – крышка H2";"Structure";7.68;13.824;132.389;0;both;no
2704;;"inwalllcapy2";"Старательский участок Serac";"Большая внутренняя стена – крышка V2";"Structure";4.48;8.064;132.389;0;both;no
2705;;"largeplatform";"Старательский участок Serac";"Большая платформа";"room-shell";7.2;400;-200;0;both;no
2706;;"largeplatform";"Старательский участок Serac";"Большая платформа";"room-shell";7.2;400;-200;0;both;no
2707;;"largeplatform";"Старательский участок Serac";"Большая платформа";"room-shell";7.2;400;-200;0;both;no
2709;;"delaycomponent";"Старательский участок Serac";"Компонент ""Задержки""";"Item";20;36;155.952;0;both;no
2710;;"andcomponent";"Старательский участок Serac";"Компонент ""И""";"Item";20;36;155.952;0;both;no
2711;;"notcomponent";"Старательский участок Serac";"Компонент ""Не""";"Item";20;36;155.952;0;both;no
2712;;"motiondetector";"Старательский участок Serac";"Детектор движения";"Item";20;36;155.952;0;both;no
2715;;"bluewire";"Старательский участок Serac";"Синий провод";"wire";4;7.2;148.302;0;both;no
2716;;"bluewire";"Старательский участок Serac";"Синий провод";"wire";4;7.2;148.302;0;both;no
2717;;"bluewire";"Старательский участок Serac";"Синий провод";"wire";4;7.2;148.302;0;both;no
2718;;"bluewire";"Старательский участок Serac";"Синий провод";"wire";4;7.2;148.302;0;both;no
2719;;"inwallltiev3";"Старательский участок Serac";"Большая внутренняя стена – анкер V3";"Structure";8.64;15.552;147.691;0;both;no
2720;;"ff_y_wall";"Старательский участок Serac";"Большая вертикальная внутренняя стена";"room-shell";7.68;400;-200;0;both;no
2721;;"opdeco_box1";"Старательский участок Serac";"Ящик 1";"Structure";11.36;20.448;155.035;0;both;no
2722;;"opdeco_door";"Старательский участок Serac";"Фоновая дверь";"Structure";15.36;27.648;161.155;0;both;no
2723;;"waterdetector";"Старательский участок Serac";"Детектор воды";"Item";20;36;155.953;0;both;no
2725;;"ff_x_wall";"Старательский участок Serac";"Большая горизонтальная внутренняя стена";"room-shell";7.68;400;-200;0;both;no
2727;;"redwire";"Старательский участок Serac";"Красный провод";"wire";4;7.2;155.953;0;both;no
2728;;"smallpump";"Старательский участок Serac";"Малый насос";"Item";20;36;155.953;0;both;no
2729;;"redwire";"Старательский участок Serac";"Красный провод";"wire";4;7.2;155.954;0;both;no
2730;;"redwire";"Старательский участок Serac";"Красный провод";"wire";4;7.2;155.954;0;both;no
2731;;"redwire";"Старательский участок Serac";"Красный провод";"wire";4;7.2;155.954;0;both;no
2732;;"redwire";"Старательский участок Serac";"Красный провод";"wire";4;7.2;155.954;0;both;no
2764;;"op_sepsandbag";"Старательский участок Serac";"Мешки с песком (Бандит/Сепаратист)";"Item";39.6;71.28;127.72;0;both;yes
2765;;"bluewire";"Старательский участок Serac";"Синий провод";"wire";4;7.2;155.957;0;both;no
2766;;"op_sepposter3";"Старательский участок Serac";"Плакат (Сепаратист)";"Item";31.68;57.024;141.976;0;both;yes
2767;;"crackedwall2";"Старательский участок Serac";"Стена с трещинами";"Structure";15.68;28.224;161.465;0;both;no
2768;;"op_sepdebris1";"Старательский участок Serac";"Мусор (Бандит/Сепаратист)";"Item";34.32;61.776;137.224;0;both;yes
2769;;"op_sepbarbedwire";"Старательский участок Serac";"Колючая проволока (Бандит/Сепаратист)";"Item";20;36;155.346;0;both;no
2770;;"op_sepdebris2";"Старательский участок Serac";"Мусор (Бандит/Сепаратист)";"Item";20;36;155.958;0;both;no
2771;;"crackedwall4";"Старательский участок Serac";"Стена с трещинами";"Structure";16;28.8;161.16;0;both;no
2772;;"banditprop27";"Старательский участок Serac";"Мусор (Бандит/Сепаратист)";"Item";27.28;49.104;149.896;0;both;yes
2773;;"op_sepbody";"Старательский участок Serac";"Мешок для тела (Бандит)";"Item";20;36;158.987;0;both;no
2774;;"banditprop5";"Старательский участок Serac";"Брызги краски";"Item";34.32;61.776;137.224;0;both;yes
2775;;"op_clowncurtain1";"Старательский участок Serac";"Декоративная ширма";"Structure";16;28.8;155.04;0;both;no
2776;;"banditprop4";"Старательский участок Serac";"Брызги краски";"Item";25.52;45.936;153.064;0;both;yes
2777;;"opdeco_hrcalendar";"Старательский участок Serac";"Календарь";"Structure";6.08;10.944;161.16;0;both;no
2778;;"graffiti4";"Старательский участок Serac";"Граффити";"Structure";10.56;19.008;161.466;0;both;no
2779;;"opdeco_box5";"Старательский участок Serac";"Ящик 5";"Structure";6.4;11.52;161.161;0;both;no
2780;;"op_medicalstoresign";"Старательский участок Serac";"Знак";"Item";20;36;158.713;0;both;no
2781;;"shop_decoration20";"Старательский участок Serac";"Украшение магазина";"Item";20;36;157.795;0;both;no
2782;;"opdeco_mountedmonitor3";"Старательский участок Serac";"Медицинский монитор";"Structure";7.68;13.824;161.161;0;both;no
2783;;"crackedwall3";"Старательский участок Serac";"Стена с трещинами";"Structure";15.2;27.36;161.467;0;both;no
2790;;"relaycomponent";"Старательский участок Serac";"Компонент ""Реле""";"Item";20;36;155.96;0;both;no
2791;;"redwire";"Старательский участок Serac";"Красный провод";"wire";4;7.2;155.96;0;both;no
2792;;"redwire";"Старательский участок Serac";"Красный провод";"wire";4;7.2;155.96;0;both;no
2793;;"waterdetector";"Старательский участок Serac";"Детектор воды";"Item";20;36;155.991;0;both;no
2794;;"CableHolderVertical 2";"Старательский участок Serac";"Вертикальный кабель-канал";"Structure";4.32;7.776;157.521;0;both;no
2795;;"bluewire";"Старательский участок Serac";"Синий провод";"wire";4;7.2;155.96;0;both;no
2796;;"redwire";"Старательский участок Serac";"Красный провод";"wire";4;7.2;155.96;0;both;no
2797;;"CableHolderVertical 2";"Старательский участок Serac";"Вертикальный кабель-канал";"Structure";4.32;7.776;157.521;0;both;no
2798;;"opdeco_box5";"Старательский участок Serac";"Ящик 5";"Structure";6.4;11.52;161.162;0;both;no
2799;;"ventpipea490deg";"Старательский участок Serac";"Вент. труба A4 вертикальная";"Structure";4;7.2;157.185;0;both;no
2802;;"crackedwall1";"Старательский участок Serac";"Стена с трещинами";"Structure";16;28.8;161.469;0;both;no
2803;;"op_sepdebris2";"Старательский участок Serac";"Мусор (Бандит/Сепаратист)";"Item";20;36;156.879;0;both;no
2804;;"finawingpart47";"Старательский участок Serac";"Часть крыла стабилизатора 5";"Structure";16;28.8;162.05;0;both;no
2805;;"finawingpart47";"Старательский участок Serac";"Часть крыла стабилизатора 5";"Structure";16;28.8;162.051;0;both;no
2806;;"finawingpart69";"Старательский участок Serac";"Часть крыла стабилизатора 20";"Structure";10.24;18.432;161.622;0;both;no
2807;;"finbodyinside07";"Старательский участок Serac";"Полотно крыла стабилизатора 7";"Structure";7.68;13.824;162.051;0;both;no
2808;;"finacorner08";"Старательский участок Serac";"Угол крыла стабилизатора 8";"Structure";5.12;9.216;162.02;0;both;no
2809;;"finacorner08";"Старательский участок Serac";"Угол крыла стабилизатора 8";"Structure";5.12;9.216;162.02;0;both;no
2810;;"finacorner08";"Старательский участок Serac";"Угол крыла стабилизатора 8";"Structure";5.12;9.216;162.02;0;both;no
2811;;"finacorner08";"Старательский участок Serac";"Угол крыла стабилизатора 8";"Structure";5.12;9.216;162.021;0;both;no
2812;;"finawingpart27";"Старательский участок Serac";"Спец. часть стабилизатора 6";"Structure";15.36;27.648;162.021;0;both;no
2813;;"finabelt06";"Старательский участок Serac";"Пояс крыла стабилизатора 6";"Structure";4;7.2;162.051;0;both;no
2814;;"finacorner07";"Старательский участок Serac";"Угол крыла стабилизатора 7";"Structure";5.12;9.216;162.051;0;both;no
2815;;"finabodyedge02";"Старательский участок Serac";"Край крыла стабилизатора 2";"Structure";15.36;27.648;161.99;0;both;no
2816;;"finabodyedge02";"Старательский участок Serac";"Край крыла стабилизатора 2";"Structure";15.36;27.648;162.052;0;both;no
2817;;"finawingpart63";"Старательский участок Serac";"Часть крыла стабилизатора 16";"Structure";15.04;27.072;162.052;0;both;no
2818;;"finawingpart47";"Старательский участок Serac";"Часть крыла стабилизатора 5";"Structure";16;28.8;162.052;0;both;no
2819;;"finawingpart25";"Старательский участок Serac";"Спец. часть стабилизатора 4";"Structure";15.36;27.648;162.021;0;both;no
2820;;"finawingpart25";"Старательский участок Serac";"Спец. часть стабилизатора 4";"Structure";15.36;27.648;162.021;0;both;no
2821;;"finawingpart47";"Старательский участок Serac";"Часть крыла стабилизатора 5";"Structure";16;28.8;162.052;0;both;no
2823;;"windoweddoorwbuttons";"Старательский участок Serac";"Дверь с окном и кнопками";"room-shell";20;400;-200;0;both;no
2824;;"delaycomponent";"Старательский участок Serac";"Компонент ""Задержки""";"Item";20;36;155.963;0;both;no
2825;;"andcomponent";"Старательский участок Serac";"Компонент ""И""";"Item";20;36;155.963;0;both;no
2826;;"notcomponent";"Старательский участок Serac";"Компонент ""Не""";"Item";20;36;155.963;0;both;no
2827;;"motiondetector";"Старательский участок Serac";"Детектор движения";"Item";20;36;155.963;0;both;no
2829;;"bluewire";"Старательский участок Serac";"Синий провод";"wire";4;7.2;148.314;0;both;no
2830;;"bluewire";"Старательский участок Serac";"Синий провод";"wire";4;7.2;148.314;0;both;no
2831;;"bluewire";"Старательский участок Serac";"Синий провод";"wire";4;7.2;148.314;0;both;no
2832;;"bluewire";"Старательский участок Serac";"Синий провод";"wire";4;7.2;148.314;0;both;no
2833;;"bluewire";"Старательский участок Serac";"Синий провод";"wire";4;7.2;148.314;0;both;no
2834;;"ff_x_wall";"Старательский участок Serac";"Большая горизонтальная внутренняя стена";"room-shell";7.68;400;-200;0;both;no
2836;;"ff_y_wall";"Старательский участок Serac";"Большая вертикальная внутренняя стена";"room-shell";7.68;400;-200;0;both;no
2837;;"ff_x_wall";"Старательский участок Serac";"Большая горизонтальная внутренняя стена";"room-shell";7.68;400;-200;0;both;no
2838;;"stairsright";"Старательский участок Serac";"Трап";"Structure";16;28.8;134.544;0;both;no
2839;;"ff_x_wall";"Старательский участок Serac";"Большая горизонтальная внутренняя стена";"room-shell";7.68;400;-200;0;both;no
2840;;"ff_y_wall";"Старательский участок Serac";"Большая вертикальная внутренняя стена";"room-shell";7.68;400;-200;0;both;no
2841;;"ff_y_wall";"Старательский участок Serac";"Большая вертикальная внутренняя стена";"room-shell";7.68;400;-200;0;both;no
2842;;"ff_x_wall";"Старательский участок Serac";"Большая горизонтальная внутренняя стена";"room-shell";7.68;400;-200;0;both;no
2843;;"FF_Wall_B";"Старательский участок Serac";"Задняя стена – балласт А1";"Structure";16;28.8;161.473;0;both;no
2844;;"largeplatform";"Старательский участок Serac";"Большая платформа";"room-shell";8.16;400;-200;0;both;no
2845;;"opdeco_rollupdoorframe";"Старательский участок Serac";"Рама рулонной двери";"Structure";16;28.8;155.965;0;both;no
2846;;"opdeco_rollupdoor";"Старательский участок Serac";"Рулонная дверь";"Structure";5.76;10.368;155.996;0;both;no
2847;;"largehorizontalback";"Старательский участок Serac";"Большая горизонтальная задняя стенка";"Structure";7.04;12.672;156.271;0;both;no
2848;;"op_clowninstrument2";"Старательский участок Serac";"Ударная установка";"Item";45.76;82.368;116.632;0;both;yes
2849;;"op_clownmic";"Старательский участок Serac";"Сценический микрофон";"Item";20;36;159.026;0;both;no
2850;;"opbg_barracks3";"Старательский участок Serac";"Казармы аванпоста – фон 3";"Structure";16;28.8;161.474;0;both;no
2851;;"opdeco_hrbench";"Старательский участок Serac";"Скамейка";"Structure";7.68;13.824;146.174;0;both;no
2852;;"FF_Wall_G3";"Старательский участок Serac";"Задняя стена G3";"Structure";16;28.8;161.627;0;both;no
2853;;"opdeco_LargeTable2";"Старательский участок Serac";"Стол";"Structure";13.92;25.056;155.966;0;both;no
2854;;"opdeco_officeshelf2";"Старательский участок Serac";"Офисные полки";"Structure";10.72;19.296;157.496;0;both;no
2855;;"op_clowncurtain2";"Старательский участок Serac";"Декоративная ширма";"Item";43.56;78.408;120.592;0;both;yes
2856;;"op_clowncurtain2";"Старательский участок Serac";"Декоративная ширма";"Item";43.56;78.408;120.592;0;both;yes
2857;;"ventpipea590deg";"Старательский участок Serac";"Вент. труба A5 вертикальная";"Structure";4;7.2;157.221;0;both;no
2858;;"opdeco_officebench";"Старательский участок Serac";"Скамейка";"Structure";14.08;25.344;157.496;0;both;no
2859;;"op_vendingmachine1";"Старательский участок Serac";"Торговый автомат";"Item";52.36;94.248;104.752;0;both;yes
2860;;"op_cafeteriachair";"Старательский участок Serac";"Стул для кафе";"Item";29.92;53.856;145.144;0;both;yes
2861;;"op_cafeteriachair";"Старательский участок Serac";"Стул для кафе";"Item";29.92;53.856;145.144;0;both;yes
2864;;"lightfluorescentl01";"Старательский участок Serac";"Лампа";"Item";20;36;155.967;0;both;no
2865;;"CableHolderHorizontal";"Старательский участок Serac";"Горизонтальный кабель-канал";"Structure";4;7.2;157.497;0;both;no
2866;;"op_clownjukebox";"Старательский участок Serac";"Музыкальный автомат";"Item";32.56;58.608;140.392;0;both;yes
2867;;"op_clownmarquee";"Старательский участок Serac";"Шатер";"Item";32.56;58.608;140.392;0;both;yes
2868;;"neonlightwire1";"Старательский участок Serac";"Неоновая лампа ""Провод 1""";"Item";25.08;45.144;153.856;0;both;yes
2869;;"neonlightwire4";"Старательский участок Serac";"Неоновая лампа ""Провод 4""";"Item";20;36;159.028;0;both;no
2870;;"neonlightwire2";"Старательский участок Serac";"Неоновая лампа ""Провод 2""";"Item";20;36;159.028;0;both;no
2871;;"inwalllcaph1";"Старательский участок Serac";"Большая внутренняя стена – крышка H1";"Structure";4.32;7.776;132.406;0;both;no
2872;;"inwalllcaph1";"Старательский участок Serac";"Большая внутренняя стена – крышка H1";"Structure";4.32;7.776;132.406;0;both;no
2873;;"op_clownshow1";"Старательский участок Serac";"Афиша шоу";"Item";32.12;57.816;141.184;0;both;yes
2874;;"opdeco_hrflyers";"Старательский участок Serac";"Листовки";"Item";17;30.6;151.028;8;both;no
2875;;"vent";"Старательский участок Serac";"Вентиляционный клапан";"Item";24.64;44.352;154.648;0;both;yes
2876;;"decowire5";"Старательский участок Serac";"Декоративная проводка";"Structure";7.04;12.672;157.957;0;both;no
2877;;"opdeco_boxes1";"Старательский участок Serac";"Ящики";"Structure";7.84;14.112;158.998;0;both;no
2878;;"ventpipea6";"Старательский участок Serac";"Вент. труба A6";"Structure";4;7.2;160.864;0;both;no
2879;;"ventpipea3";"Старательский участок Serac";"Вент. труба A3";"Structure";4;7.2;160.865;0;both;no
2880;;"inwalllcaph2";"Старательский участок Serac";"Большая внутренняя стена – крышка H2";"Structure";7.68;13.824;132.407;0;both;no
2881;;"inwalllcaph2";"Старательский участок Serac";"Большая внутренняя стена – крышка H2";"Structure";7.68;13.824;132.407;0;both;no
2882;;"inwalllcaph2";"Старательский участок Serac";"Большая внутренняя стена – крышка H2";"Structure";7.68;13.824;132.407;0;both;no
2883;;"inwalllcaph2";"Старательский участок Serac";"Большая внутренняя стена – крышка H2";"Structure";7.68;13.824;132.407;0;both;no
2884;;"inwalllcaph2";"Старательский участок Serac";"Большая внутренняя стена – крышка H2";"Structure";7.68;13.824;132.407;0;both;no
2885;;"inwalllcaph2";"Старательский участок Serac";"Большая внутренняя стена – крышка H2";"Structure";7.68;13.824;132.407;0;both;no
2887;;"delaycomponent";"Старательский участок Serac";"Компонент ""Задержки""";"Item";20;36;155.969;0;both;no
2888;;"andcomponent";"Старательский участок Serac";"Компонент ""И""";"Item";20;36;155.969;0;both;no
2889;;"notcomponent";"Старательский участок Serac";"Компонент ""Не""";"Item";20;36;155.97;0;both;no
2890;;"motiondetector";"Старательский участок Serac";"Детектор движения";"Item";20;36;155.97;0;both;no
2893;;"bluewire";"Старательский участок Serac";"Синий провод";"wire";4;7.2;148.32;0;both;no
2894;;"bluewire";"Старательский участок Serac";"Синий провод";"wire";4;7.2;148.32;0;both;no
2895;;"bluewire";"Старательский участок Serac";"Синий провод";"wire";4;7.2;148.32;0;both;no
2896;;"bluewire";"Старательский участок Serac";"Синий провод";"wire";4;7.2;148.32;0;both;no
2897;;"windoweddoorwbuttons";"Старательский участок Serac";"Дверь с окном и кнопками";"room-shell";20;400;-200;0;both;no
2898;;"delaycomponent";"Старательский участок Serac";"Компонент ""Задержки""";"Item";20;36;155.97;0;both;no
2899;;"andcomponent";"Старательский участок Serac";"Компонент ""И""";"Item";20;36;155.971;0;both;no
2900;;"notcomponent";"Старательский участок Serac";"Компонент ""Не""";"Item";20;36;155.971;0;both;no
2901;;"motiondetector";"Старательский участок Serac";"Детектор движения";"Item";20;36;155.971;0;both;no
2903;;"bluewire";"Старательский участок Serac";"Синий провод";"wire";4;7.2;148.321;0;both;no
2904;;"bluewire";"Старательский участок Serac";"Синий провод";"wire";4;7.2;148.321;0;both;no
2905;;"bluewire";"Старательский участок Serac";"Синий провод";"wire";4;7.2;148.321;0;both;no
2906;;"bluewire";"Старательский участок Serac";"Синий провод";"wire";4;7.2;148.321;0;both;no
2907;;"bluewire";"Старательский участок Serac";"Синий провод";"wire";4;7.2;148.321;0;both;no
2908;;"opdeco_box3";"Старательский участок Serac";"Ящик 3";"Structure";8.96;16.128;155.053;0;both;no
2909;;"CableHolderHorizontal";"Старательский участок Serac";"Горизонтальный кабель-канал";"Structure";4;7.2;157.502;0;both;no
2910;;"junctionbox";"Старательский участок Serac";"Кабельная коробка";"Item";24.2;43.56;155.44;0;both;yes
2911;;"junctionbox";"Старательский участок Serac";"Кабельная коробка";"Item";24.2;43.56;155.44;0;both;yes
2912;;"vent";"Старательский участок Serac";"Вентиляционный клапан";"Item";31.24;56.232;142.768;0;both;yes
2913;;"lighthalogenmm02";"Старательский участок Serac";"Лампа";"Item";20;36;155.972;0;both;no
2914;;"op_clownshow3";"Старательский участок Serac";"Афиша шоу";"Item";31.68;57.024;141.976;0;both;yes
2915;;"lighthalogenmm02";"Старательский участок Serac";"Лампа";"Item";20;36;155.972;0;both;no
2916;;"op_clownsign3";"Старательский участок Serac";"Театральная афиша";"Item";20;36;159.032;0;both;no
2917;;"decowire15";"Старательский участок Serac";"Декоративная проводка";"Structure";5.12;9.216;157.502;0;both;no
2918;;"decowire11";"Старательский участок Serac";"Декоративная проводка";"Structure";12.8;23.04;157.533;0;both;no
2919;;"decowire6";"Старательский участок Serac";"Декоративная проводка";"Structure";10.08;18.144;157.962;0;both;no
2920;;"smallpump";"Старательский участок Serac";"Малый насос";"Item";20;36;155.973;0;both;no
2921;;"waterdetector";"Старательский участок Serac";"Детектор воды";"Item";20;36;156.003;0;both;no
2922;;"engineerEquipment02";"Старательский участок Serac";"Снаряжение инженера";"Structure";16;28.8;160.869;0;both;no
2923;;"opdeco_box1";"Старательский участок Serac";"Ящик 1";"Structure";11.36;20.448;155.055;0;both;no
2924;;"opdeco_box4";"Старательский участок Serac";"Ящик 4";"Structure";10.24;18.432;158.115;0;both;no
2925;;"opdeco_boxes1";"Старательский участок Serac";"Ящики";"Structure";9.92;17.856;155.055;0;both;no
2926;;"opdeco_ladder";"Старательский участок Serac";"Стремянка";"Structure";7.52;13.536;158.115;0;both;no
2927;;"opdeco_box2";"Старательский участок Serac";"Ящик 2";"Structure";10.24;18.432;158.115;0;both;no
2928;;"op_painting1";"Старательский участок Serac";"Картина в раме";"Item";25.52;45.936;153.064;0;both;yes
2929;;"decowire13";"Старательский участок Serac";"Декоративная проводка";"Structure";16;28.8;160.87;0;both;no
2930;;"op_clownshow4";"Старательский участок Serac";"Афиша шоу";"Item";31.68;57.024;141.976;0;both;yes
2931;;"op_gardenproducebox";"Старательский участок Serac";"Ящики с продукцией";"Item";55;99;100;0;both;yes
2933;;"redwire";"Старательский участок Serac";"Красный провод";"wire";4;7.2;155.974;0;both;no
2934;;"redwire";"Старательский участок Serac";"Красный провод";"wire";4;7.2;155.974;0;both;no
2935;;"redwire";"Старательский участок Serac";"Красный провод";"wire";4;7.2;155.974;0;both;no
2936;;"redwire";"Старательский участок Serac";"Красный провод";"wire";4;7.2;155.974;0;both;no
2937;;"redwire";"Старательский участок Serac";"Красный провод";"wire";4;7.2;155.974;0;both;no
2939;;"bluewire";"Старательский участок Serac";"Синий провод";"wire";4;7.2;155.975;0;both;no
2967;;"crackedwall3";"Старательский участок Serac";"Стена с трещинами";"Structure";16;28.8;161.485;0;both;no
2968;;"crackedwall2";"Старательский участок Serac";"Стена с трещинами";"Structure";15.68;28.224;161.485;0;both;no
2969;;"emergencylight";"Старательский участок Serac";"Аварийная лампа";"Item";20;36;155.978;0;both;no
2972;;"redwire";"Старательский участок Serac";"Красный провод";"wire";4;7.2;155.978;0;both;no
2973;;"bluewire";"Старательский участок Serac";"Синий провод";"wire";4;7.2;155.978;0;both;no
2974;;"bluewire";"Старательский участок Serac";"Синий провод";"wire";4;7.2;155.978;0;both;no
2975;;"bluewire";"Старательский участок Serac";"Синий провод";"wire";4;7.2;155.978;0;both;no
2976;;"bluewire";"Старательский участок Serac";"Синий провод";"wire";4;7.2;155.978;0;both;no
2977;;"bluewire";"Старательский участок Serac";"Синий провод";"wire";4;7.2;155.978;0;both;no
2978;;"bluewire";"Старательский участок Serac";"Синий провод";"wire";4;7.2;155.978;0;both;no
2979;;"bluewire";"Старательский участок Serac";"Синий провод";"wire";4;7.2;155.979;0;both;no
2980;;"ff_x_wall";"Старательский участок Serac";"Большая горизонтальная внутренняя стена";"room-shell";7.68;400;-200;0;both;no
2981;;"ff_x_wall";"Старательский участок Serac";"Большая горизонтальная внутренняя стена";"room-shell";7.68;400;-200;0;both;no
2982;;"opbg_generic5";"Старательский участок Serac";"Обычная стена аванпоста 5";"Structure";16;28.8;161.487;0;both;no
2984;;"opbg_generic7";"Старательский участок Serac";"Обычная стена аванпоста 7";"Structure";16;28.8;161.487;0;both;no
2985;;"opbg_generic5";"Старательский участок Serac";"Обычная стена аванпоста 5";"Structure";16;28.8;161.487;0;both;no
2986;;"vent";"Старательский участок Serac";"Вентиляционный клапан";"Item";22.44;40.392;158.608;0;both;yes
2995;;"redwire";"Старательский участок Serac";"Красный провод";"wire";4;7.2;155.88;0;both;no
2996;;"bluewire";"Старательский участок Serac";"Синий провод";"wire";4;7.2;155.881;0;both;no
2997;;"bluewire";"Старательский участок Serac";"Синий провод";"wire";4;7.2;155.881;0;both;no
2998;;"bluewire";"Старательский участок Serac";"Синий провод";"wire";4;7.2;155.881;0;both;no
2999;;"bluewire";"Старательский участок Serac";"Синий провод";"wire";4;7.2;155.881;0;both;no
3000;;"bluewire";"Старательский участок Serac";"Синий провод";"wire";4;7.2;155.881;0;both;no
3001;;"bluewire";"Старательский участок Serac";"Синий провод";"wire";4;7.2;155.881;0;both;no
3002;;"bluewire";"Старательский участок Serac";"Синий провод";"wire";4;7.2;155.881;0;both;no
3003;;"bluewire";"Старательский участок Serac";"Синий провод";"wire";4;7.2;155.881;0;both;no
3004;;"bluewire";"Старательский участок Serac";"Синий провод";"wire";4;7.2;155.881;0;both;no
3005;;"bluewire";"Старательский участок Serac";"Синий провод";"wire";4;7.2;155.881;0;both;no
3006;;"bluewire";"Старательский участок Serac";"Синий провод";"wire";4;7.2;155.882;0;both;no
3007;;"ff_y_wall";"Старательский участок Serac";"Большая вертикальная внутренняя стена";"room-shell";7.68;400;-200;0;both;no
3008;;"ff_y_wall";"Старательский участок Serac";"Большая вертикальная внутренняя стена";"room-shell";7.68;400;-200;0;both;no
3009;;"opbg_generic5";"Старательский участок Serac";"Обычная стена аванпоста 5";"Structure";16;28.8;161.39;0;both;no
3011;;"vent";"Старательский участок Serac";"Вентиляционный клапан";"Item";22.44;40.392;158.608;0;both;yes
3012;;"redwire";"Старательский участок Serac";"Красный провод";"wire";4;7.2;155.882;0;both;no
3013;;"bluewire";"Старательский участок Serac";"Синий провод";"wire";4;7.2;155.882;0;both;no
3014;;"bluewire";"Старательский участок Serac";"Синий провод";"wire";4;7.2;155.882;0;both;no
3015;;"bluewire";"Старательский участок Serac";"Синий провод";"wire";4;7.2;155.882;0;both;no
3016;;"bluewire";"Старательский участок Serac";"Синий провод";"wire";4;7.2;155.883;0;both;no
3017;;"bluewire";"Старательский участок Serac";"Синий провод";"wire";4;7.2;155.883;0;both;no
3018;;"bluewire";"Старательский участок Serac";"Синий провод";"wire";4;7.2;155.883;0;both;no
3019;;"bluewire";"Старательский участок Serac";"Синий провод";"wire";4;7.2;155.883;0;both;no
3188;;"uranium";"Старательский участок Serac";"Уран";"Item";20;36;148.25;0;both;no
3189;;"uranium";"Старательский участок Serac";"Уран";"Item";20;36;148.25;0;both;no
3190;;"uranium";"Старательский участок Serac";"Уран";"Item";20;36;148.25;0;both;no
3217;;"antibleeding2";"Старательский участок Serac";"Эластичный бинт";"Item";20;36;149.783;0;both;no
3218;;"antibleeding2";"Старательский участок Serac";"Эластичный бинт";"Item";20;36;149.783;0;both;no
3224;;"fuelrod";"Старательский участок Serac";"Топливный стержень";"Item";20;36;148.253;0;both;no
