path,lines,status,explored
Barotrauma/BarotraumaClient/ClientSource/Camera.cs,442,partial,9
Barotrauma/BarotraumaClient/ClientSource/CameraTransition.cs,217,new,0
Barotrauma/BarotraumaClient/ClientSource/Characters/AI/AIController.cs,9,done,9
Barotrauma/BarotraumaClient/ClientSource/Characters/AI/AITarget.cs,79,done,79
Barotrauma/BarotraumaClient/ClientSource/Characters/AI/EnemyAIController.cs,142,done,142
Barotrauma/BarotraumaClient/ClientSource/Characters/AI/HumanAIController.cs,149,done,149
Barotrauma/BarotraumaClient/ClientSource/Characters/AI/Objectives/AIObjective.cs,36,done,36
Barotrauma/BarotraumaClient/ClientSource/Characters/AI/Wreck/WreckAI.cs,62,done,62
Barotrauma/BarotraumaClient/ClientSource/Characters/AICharacter.cs,11,done,11
Barotrauma/BarotraumaClient/ClientSource/Characters/Animation/Ragdoll.cs,771,done,771
Barotrauma/BarotraumaClient/ClientSource/Characters/Attack.cs,55,done,55
Barotrauma/BarotraumaClient/ClientSource/Characters/Character.cs,1474,done,1474
Barotrauma/BarotraumaClient/ClientSource/Characters/CharacterHUD.cs,967,done,967
Barotrauma/BarotraumaClient/ClientSource/Characters/CharacterInfo.cs,1023,done,1023
Barotrauma/BarotraumaClient/ClientSource/Characters/CharacterNetworking.cs,879,done,879
Barotrauma/BarotraumaClient/ClientSource/Characters/CharacterSound.cs,30,done,30
Barotrauma/BarotraumaClient/ClientSource/Characters/HUDProgressBar.cs,114,done,114
Barotrauma/BarotraumaClient/ClientSource/Characters/Health/AfflictionPsychosis.cs,201,done,201
Barotrauma/BarotraumaClient/ClientSource/Characters/Health/CharacterHealth.cs,2270,done,2270
Barotrauma/BarotraumaClient/ClientSource/Characters/Health/DamageModifier.cs,19,done,19
Barotrauma/BarotraumaClient/ClientSource/Characters/Health/HealingCooldownClient.cs,20,done,20
Barotrauma/BarotraumaClient/ClientSource/Characters/InteractionLabelManager.cs,343,done,343
Barotrauma/BarotraumaClient/ClientSource/Characters/Jobs/JobPrefab.cs,86,new,0
Barotrauma/BarotraumaClient/ClientSource/Characters/Limb.cs,1419,done,1419
Barotrauma/BarotraumaClient/ClientSource/ChatManager.cs,192,new,0
Barotrauma/BarotraumaClient/ClientSource/CircuitBox/CircuitBoxComponent.cs,117,new,0
Barotrauma/BarotraumaClient/ClientSource/CircuitBox/CircuitBoxConnection.cs,137,new,0
Barotrauma/BarotraumaClient/ClientSource/CircuitBox/CircuitBoxInputOutputNode.cs,84,new,0
Barotrauma/BarotraumaClient/ClientSource/CircuitBox/CircuitBoxLabel.cs,22,new,0
Barotrauma/BarotraumaClient/ClientSource/CircuitBox/CircuitBoxLabelNode.cs,197,new,0
Barotrauma/BarotraumaClient/ClientSource/CircuitBox/CircuitBoxMouseDragSnapshotHandler.cs,306,new,0
Barotrauma/BarotraumaClient/ClientSource/CircuitBox/CircuitBoxNode.cs,92,new,0
Barotrauma/BarotraumaClient/ClientSource/CircuitBox/CircuitBoxUI.cs,869,new,0
Barotrauma/BarotraumaClient/ClientSource/CircuitBox/CircuitBoxWire.cs,11,new,0
Barotrauma/BarotraumaClient/ClientSource/CircuitBox/CircuitBoxWireRenderer.cs,271,new,0
Barotrauma/BarotraumaClient/ClientSource/ContentManagement/ContentPackage/ModProject.cs,178,new,0
Barotrauma/BarotraumaClient/ClientSource/ContentManagement/ContentPackageManager.cs,62,new,0
Barotrauma/BarotraumaClient/ClientSource/ContentManagement/ModMerger.cs,133,new,0
Barotrauma/BarotraumaClient/ClientSource/ContentManagement/Transition/LegacySteamUgcTransition.cs,379,new,0
Barotrauma/BarotraumaClient/ClientSource/DebugConsole.ShowSoldItems.cs,174,new,0
Barotrauma/BarotraumaClient/ClientSource/DebugConsole.cs,4509,done,4510
Barotrauma/BarotraumaClient/ClientSource/Decals/Decal.cs,35,new,0
Barotrauma/BarotraumaClient/ClientSource/Eos/EosAccount.cs,203,new,0
Barotrauma/BarotraumaClient/ClientSource/Eos/PrimaryLogin/Epic/EosEpicPrimaryLogin.cs,70,new,0
Barotrauma/BarotraumaClient/ClientSource/Eos/PrimaryLogin/Steam/EosEpicSecondaryLogin.cs,201,new,0
Barotrauma/BarotraumaClient/ClientSource/Eos/PrimaryLogin/Steam/EosSteamPrimaryLogin.cs,321,new,0
Barotrauma/BarotraumaClient/ClientSource/EventInput/EventInput.cs,84,new,0
Barotrauma/BarotraumaClient/ClientSource/EventInput/KeyboardDispatcher.cs,77,new,0
Barotrauma/BarotraumaClient/ClientSource/Events/EventActions/CheckObjectiveAction.cs,45,done,45
Barotrauma/BarotraumaClient/ClientSource/Events/EventActions/ConversationAction.cs,470,done,470
Barotrauma/BarotraumaClient/ClientSource/Events/EventActions/EventLogAction.cs,11,done,11
Barotrauma/BarotraumaClient/ClientSource/Events/EventActions/EventObjectiveAction.cs,74,new,0
Barotrauma/BarotraumaClient/ClientSource/Events/EventActions/HighlightAction.cs,48,done,48
Barotrauma/BarotraumaClient/ClientSource/Events/EventActions/InventoryHighlightAction.cs,58,done,58
Barotrauma/BarotraumaClient/ClientSource/Events/EventActions/MessageBoxAction.cs,78,done,78
Barotrauma/BarotraumaClient/ClientSource/Events/EventActions/UIHighlightAction.cs,92,done,92
Barotrauma/BarotraumaClient/ClientSource/Events/EventLog.cs,62,new,0
Barotrauma/BarotraumaClient/ClientSource/Events/EventManager.cs,755,done,755
Barotrauma/BarotraumaClient/ClientSource/Events/Missions/AbandonedOutpostMission.cs,79,new,0
Barotrauma/BarotraumaClient/ClientSource/Events/Missions/BeaconMission.cs,8,new,0
Barotrauma/BarotraumaClient/ClientSource/Events/Missions/CargoMission.cs,60,new,0
Barotrauma/BarotraumaClient/ClientSource/Events/Missions/CombatMission.cs,123,new,0
Barotrauma/BarotraumaClient/ClientSource/Events/Missions/CustomMission.cs,8,new,0
Barotrauma/BarotraumaClient/ClientSource/Events/Missions/EliminateTargetsMission.cs,33,new,0
Barotrauma/BarotraumaClient/ClientSource/Events/Missions/EndMission.cs,138,new,0
Barotrauma/BarotraumaClient/ClientSource/Events/Missions/EscortMission.cs,42,new,0
Barotrauma/BarotraumaClient/ClientSource/Events/Missions/GoToMission.cs,11,new,0
Barotrauma/BarotraumaClient/ClientSource/Events/Missions/MineralMission.cs,89,new,0
Barotrauma/BarotraumaClient/ClientSource/Events/Missions/Mission.cs,201,done,201
Barotrauma/BarotraumaClient/ClientSource/Events/Missions/MissionMode.cs,20,new,0
Barotrauma/BarotraumaClient/ClientSource/Events/Missions/MissionPrefab.cs,92,new,0
Barotrauma/BarotraumaClient/ClientSource/Events/Missions/MonsterMission.cs,30,new,0
Barotrauma/BarotraumaClient/ClientSource/Events/Missions/NestMission.cs,58,new,0
Barotrauma/BarotraumaClient/ClientSource/Events/Missions/PirateMission.cs,36,new,0
Barotrauma/BarotraumaClient/ClientSource/Events/Missions/SalvageMission.cs,146,new,0
Barotrauma/BarotraumaClient/ClientSource/Events/Missions/ScanMission.cs,65,new,0
Barotrauma/BarotraumaClient/ClientSource/Fonts/ScalableFont.cs,848,new,0
Barotrauma/BarotraumaClient/ClientSource/GUI/ChatBox.cs,897,new,0
Barotrauma/BarotraumaClient/ClientSource/GUI/ComponentStyle.cs,218,new,0
Barotrauma/BarotraumaClient/ClientSource/GUI/DeathPrompt.cs,545,new,0
Barotrauma/BarotraumaClient/ClientSource/GUI/FileSelection.cs,467,new,0
Barotrauma/BarotraumaClient/ClientSource/GUI/GUI.cs,2853,done,2854
Barotrauma/BarotraumaClient/ClientSource/GUI/GUIButton.cs,369,partial,16
Barotrauma/BarotraumaClient/ClientSource/GUI/GUICanvas.cs,117,new,0
Barotrauma/BarotraumaClient/ClientSource/GUI/GUIColorPicker.cs,207,new,0
Barotrauma/BarotraumaClient/ClientSource/GUI/GUIComponent.cs,1522,done,1522
Barotrauma/BarotraumaClient/ClientSource/GUI/GUIContextMenu.cs,316,new,0
Barotrauma/BarotraumaClient/ClientSource/GUI/GUICustomComponent.cs,50,new,0
Barotrauma/BarotraumaClient/ClientSource/GUI/GUIDragHandle.cs,97,new,0
Barotrauma/BarotraumaClient/ClientSource/GUI/GUIDropDown.cs,489,new,0
Barotrauma/BarotraumaClient/ClientSource/GUI/GUIFrame.cs,35,new,0
Barotrauma/BarotraumaClient/ClientSource/GUI/GUIImage.cs,305,partial,45
Barotrauma/BarotraumaClient/ClientSource/GUI/GUILayoutGroup.cs,215,new,0
Barotrauma/BarotraumaClient/ClientSource/GUI/GUIListBox.cs,1399,new,0
Barotrauma/BarotraumaClient/ClientSource/GUI/GUIMessage.cs,113,new,0
Barotrauma/BarotraumaClient/ClientSource/GUI/GUIMessageBox.cs,759,done,759
Barotrauma/BarotraumaClient/ClientSource/GUI/GUINumberInput.cs,550,new,0
Barotrauma/BarotraumaClient/ClientSource/GUI/GUIPrefab.cs,472,new,0
Barotrauma/BarotraumaClient/ClientSource/GUI/GUIProgressBar.cs,168,new,0
Barotrauma/BarotraumaClient/ClientSource/GUI/GUIRadioButtonGroup.cs,92,new,0
Barotrauma/BarotraumaClient/ClientSource/GUI/GUIScissorComponent.cs,94,new,0
Barotrauma/BarotraumaClient/ClientSource/GUI/GUIScrollBar.cs,349,new,0
Barotrauma/BarotraumaClient/ClientSource/GUI/GUISelectionCarousel.cs,210,new,0
Barotrauma/BarotraumaClient/ClientSource/GUI/GUIStyle.cs,275,new,0
Barotrauma/BarotraumaClient/ClientSource/GUI/GUITextBlock.cs,668,new,0
Barotrauma/BarotraumaClient/ClientSource/GUI/GUITextBox.cs,929,new,0
Barotrauma/BarotraumaClient/ClientSource/GUI/GUITickBox.cs,240,new,0
Barotrauma/BarotraumaClient/ClientSource/GUI/Graph.cs,81,new,0
Barotrauma/BarotraumaClient/ClientSource/GUI/HRManagerUI.cs,1289,done,1290
Barotrauma/BarotraumaClient/ClientSource/GUI/HUDLayoutSettings.cs,231,new,0
Barotrauma/BarotraumaClient/ClientSource/GUI/IMEPreviewText.cs,90,new,0
Barotrauma/BarotraumaClient/ClientSource/GUI/LoadingScreen.cs,423,new,0
Barotrauma/BarotraumaClient/ClientSource/GUI/MedicalClinicUI.cs,1199,new,0
Barotrauma/BarotraumaClient/ClientSource/GUI/ParamsEditor.cs,57,done,57
Barotrauma/BarotraumaClient/ClientSource/GUI/RectTransform.cs,987,new,0
Barotrauma/BarotraumaClient/ClientSource/GUI/ShapeExtensions.cs,371,new,0
Barotrauma/BarotraumaClient/ClientSource/GUI/Store.cs,2385,done,2385
Barotrauma/BarotraumaClient/ClientSource/GUI/SubmarineSelection.cs,861,done,862
Barotrauma/BarotraumaClient/ClientSource/GUI/TabMenu.cs,1940,done,1941
Barotrauma/BarotraumaClient/ClientSource/GUI/TalentMenu.cs,1101,done,1101
Barotrauma/BarotraumaClient/ClientSource/GUI/UISprite.cs,189,new,0
Barotrauma/BarotraumaClient/ClientSource/GUI/UpgradeStore.cs,1955,done,1955
Barotrauma/BarotraumaClient/ClientSource/GUI/VideoPlayer.cs,302,new,0
Barotrauma/BarotraumaClient/ClientSource/GUI/VotingInterface.cs,306,new,0
Barotrauma/BarotraumaClient/ClientSource/GUI/Widget.cs,194,new,0
Barotrauma/BarotraumaClient/ClientSource/GameAnalytics/GameAnalyticsManager.cs,122,new,0
Barotrauma/BarotraumaClient/ClientSource/GameMain.cs,1370,partial,16
Barotrauma/BarotraumaClient/ClientSource/GameSession/CargoManager.cs,219,done,219
Barotrauma/BarotraumaClient/ClientSource/GameSession/CrewManager.cs,3928,done,3928
Barotrauma/BarotraumaClient/ClientSource/GameSession/Data/CampaignMetadata.cs,98,new,0
Barotrauma/BarotraumaClient/ClientSource/GameSession/Data/Wallet.cs,31,new,0
Barotrauma/BarotraumaClient/ClientSource/GameSession/GameMode.cs,10,new,0
Barotrauma/BarotraumaClient/ClientSource/GameSession/GameModes/CampaignMode.cs,470,done,470
Barotrauma/BarotraumaClient/ClientSource/GameSession/GameModes/MultiPlayerCampaign.cs,1119,done,1119
Barotrauma/BarotraumaClient/ClientSource/GameSession/GameModes/SinglePlayerCampaign.cs,686,done,686
Barotrauma/BarotraumaClient/ClientSource/GameSession/GameModes/TestGameMode.cs,153,new,0
Barotrauma/BarotraumaClient/ClientSource/GameSession/GameModes/Tutorials/Tutorial.cs,370,done,370
Barotrauma/BarotraumaClient/ClientSource/GameSession/GameModes/Tutorials/TutorialMode.cs,30,new,0
Barotrauma/BarotraumaClient/ClientSource/GameSession/GameSession.cs,361,done,361
Barotrauma/BarotraumaClient/ClientSource/GameSession/HintManager.cs,835,done,835
Barotrauma/BarotraumaClient/ClientSource/GameSession/MedicalClinic.cs,415,partial,414
Barotrauma/BarotraumaClient/ClientSource/GameSession/ObjectiveManager.cs,632,done,632
Barotrauma/BarotraumaClient/ClientSource/GameSession/PvPMode.cs,84,new,0
Barotrauma/BarotraumaClient/ClientSource/GameSession/ReadyCheck.cs,310,partial,32
Barotrauma/BarotraumaClient/ClientSource/GameSession/RoundSummary.cs,967,done,968
Barotrauma/BarotraumaClient/ClientSource/GameSession/UpgradeManager.cs,29,new,0
Barotrauma/BarotraumaClient/ClientSource/Items/CharacterInventory.cs,1262,done,1262
Barotrauma/BarotraumaClient/ClientSource/Items/Components/Door.cs,380,new,0
Barotrauma/BarotraumaClient/ClientSource/Items/Components/ElectricalDischarger.cs,102,new,0
Barotrauma/BarotraumaClient/ClientSource/Items/Components/EntitySpawnerComponent.cs,61,new,0
Barotrauma/BarotraumaClient/ClientSource/Items/Components/GeneticMaterial.cs,114,new,0
Barotrauma/BarotraumaClient/ClientSource/Items/Components/Growable.cs,357,new,0
Barotrauma/BarotraumaClient/ClientSource/Items/Components/Holdable/Holdable.cs,149,new,0
Barotrauma/BarotraumaClient/ClientSource/Items/Components/Holdable/IdCard.cs,128,new,0
Barotrauma/BarotraumaClient/ClientSource/Items/Components/Holdable/RangedWeapon.cs,216,new,0
Barotrauma/BarotraumaClient/ClientSource/Items/Components/Holdable/Sprayer.cs,329,new,0
Barotrauma/BarotraumaClient/ClientSource/Items/Components/ItemComponent.cs,864,new,0
Barotrauma/BarotraumaClient/ClientSource/Items/Components/ItemContainer.cs,623,new,0
Barotrauma/BarotraumaClient/ClientSource/Items/Components/ItemLabel.cs,345,new,0
Barotrauma/BarotraumaClient/ClientSource/Items/Components/Ladder.cs,49,new,0
Barotrauma/BarotraumaClient/ClientSource/Items/Components/LevelResource.cs,17,new,0
Barotrauma/BarotraumaClient/ClientSource/Items/Components/LightComponent.cs,189,new,0
Barotrauma/BarotraumaClient/ClientSource/Items/Components/Machines/Controller.cs,127,new,0
Barotrauma/BarotraumaClient/ClientSource/Items/Components/Machines/Deconstructor.cs,473,new,0
Barotrauma/BarotraumaClient/ClientSource/Items/Components/Machines/Engine.cs,186,new,0
Barotrauma/BarotraumaClient/ClientSource/Items/Components/Machines/Fabricator.cs,1431,done,1432
Barotrauma/BarotraumaClient/ClientSource/Items/Components/Machines/MiniMap.cs,1934,done,1935
Barotrauma/BarotraumaClient/ClientSource/Items/Components/Machines/OutpostTerminal.cs,49,new,0
Barotrauma/BarotraumaClient/ClientSource/Items/Components/Machines/Pump.cs,242,partial,29
Barotrauma/BarotraumaClient/ClientSource/Items/Components/Machines/Reactor.cs,969,partial,46
Barotrauma/BarotraumaClient/ClientSource/Items/Components/Machines/Sonar.cs,2117,done,2117
Barotrauma/BarotraumaClient/ClientSource/Items/Components/Machines/Steering.cs,1113,done,1113
Barotrauma/BarotraumaClient/ClientSource/Items/Components/Planter.cs,53,new,0
Barotrauma/BarotraumaClient/ClientSource/Items/Components/Power/PowerContainer.cs,199,new,0
Barotrauma/BarotraumaClient/ClientSource/Items/Components/Power/PowerDistributor.cs,214,new,0
Barotrauma/BarotraumaClient/ClientSource/Items/Components/Power/PowerTransfer.cs,106,new,0
Barotrauma/BarotraumaClient/ClientSource/Items/Components/Power/Powered.cs,21,new,0
Barotrauma/BarotraumaClient/ClientSource/Items/Components/Projectile.cs,193,new,0
Barotrauma/BarotraumaClient/ClientSource/Items/Components/Quality.cs,21,new,0
Barotrauma/BarotraumaClient/ClientSource/Items/Components/RemoteController.cs,23,new,0
Barotrauma/BarotraumaClient/ClientSource/Items/Components/RepairTool.cs,154,done,154
Barotrauma/BarotraumaClient/ClientSource/Items/Components/Repairable.cs,470,new,0
Barotrauma/BarotraumaClient/ClientSource/Items/Components/Rope.cs,291,new,0
Barotrauma/BarotraumaClient/ClientSource/Items/Components/Scanner.cs,29,new,0
Barotrauma/BarotraumaClient/ClientSource/Items/Components/Signal/ButtonTerminal.cs,116,new,0
Barotrauma/BarotraumaClient/ClientSource/Items/Components/Signal/CircuitBox.cs,635,new,0
Barotrauma/BarotraumaClient/ClientSource/Items/Components/Signal/Connection.cs,597,new,0
Barotrauma/BarotraumaClient/ClientSource/Items/Components/Signal/ConnectionPanel.cs,284,new,0
Barotrauma/BarotraumaClient/ClientSource/Items/Components/Signal/ConnectionSelectorComponent.cs,12,new,0
Barotrauma/BarotraumaClient/ClientSource/Items/Components/Signal/CustomInterface.cs,513,partial,64
Barotrauma/BarotraumaClient/ClientSource/Items/Components/Signal/MemoryComponent.cs,12,new,0
Barotrauma/BarotraumaClient/ClientSource/Items/Components/Signal/MotionSensor.cs,25,new,0
Barotrauma/BarotraumaClient/ClientSource/Items/Components/Signal/Terminal.cs,184,new,0
Barotrauma/BarotraumaClient/ClientSource/Items/Components/Signal/WifiComponent.cs,34,new,0
Barotrauma/BarotraumaClient/ClientSource/Items/Components/Signal/Wire.cs,740,new,0
Barotrauma/BarotraumaClient/ClientSource/Items/Components/StatusHUD.cs,382,new,0
Barotrauma/BarotraumaClient/ClientSource/Items/Components/TriggerComponent.cs,28,new,0
Barotrauma/BarotraumaClient/ClientSource/Items/Components/Turret.cs,838,partial,30
Barotrauma/BarotraumaClient/ClientSource/Items/Components/Wearable.cs,62,new,0
Barotrauma/BarotraumaClient/ClientSource/Items/DockingPort.cs,207,done,207
Barotrauma/BarotraumaClient/ClientSource/Items/Inventory.cs,2153,done,2154
Barotrauma/BarotraumaClient/ClientSource/Items/Item.cs,2571,done,2571
Barotrauma/BarotraumaClient/ClientSource/Items/ItemEventData.cs,35,new,0
Barotrauma/BarotraumaClient/ClientSource/Items/ItemInventory.cs,94,done,94
Barotrauma/BarotraumaClient/ClientSource/Items/ItemPrefab.cs,432,done,432
Barotrauma/BarotraumaClient/ClientSource/Map/Creatures/BallastFloraBehavior.cs,408,new,0
Barotrauma/BarotraumaClient/ClientSource/Map/Explosion.cs,157,new,0
Barotrauma/BarotraumaClient/ClientSource/Map/FireSource.cs,65,new,0
Barotrauma/BarotraumaClient/ClientSource/Map/Gap.cs,371,new,0
Barotrauma/BarotraumaClient/ClientSource/Map/Hull.cs,852,partial,117
Barotrauma/BarotraumaClient/ClientSource/Map/ItemAssemblyPrefab.cs,119,done,119
Barotrauma/BarotraumaClient/ClientSource/Map/Levels/BackgroundCreatures/BackgroundCreature.cs,431,done,431
Barotrauma/BarotraumaClient/ClientSource/Map/Levels/BackgroundCreatures/BackgroundCreatureManager.cs,130,new,0
Barotrauma/BarotraumaClient/ClientSource/Map/Levels/BackgroundCreatures/BackgroundCreaturePrefab.cs,177,new,0
Barotrauma/BarotraumaClient/ClientSource/Map/Levels/CaveGenerator.cs,273,done,273
Barotrauma/BarotraumaClient/ClientSource/Map/Levels/DestructibleLevelWall.cs,66,new,0
Barotrauma/BarotraumaClient/ClientSource/Map/Levels/Level.cs,184,done,184
Barotrauma/BarotraumaClient/ClientSource/Map/Levels/LevelGenerationParameters.cs,74,new,0
Barotrauma/BarotraumaClient/ClientSource/Map/Levels/LevelObjects/LevelObject.cs,342,done,342
Barotrauma/BarotraumaClient/ClientSource/Map/Levels/LevelObjects/LevelObjectManager.cs,354,done,354
Barotrauma/BarotraumaClient/ClientSource/Map/Levels/LevelObjects/LevelObjectPrefab.cs,200,done,200
Barotrauma/BarotraumaClient/ClientSource/Map/Levels/LevelObjects/LevelTrigger.cs,19,new,0
Barotrauma/BarotraumaClient/ClientSource/Map/Levels/LevelRenderer.cs,515,done,515
Barotrauma/BarotraumaClient/ClientSource/Map/Levels/LevelWall.cs,69,done,69
Barotrauma/BarotraumaClient/ClientSource/Map/Levels/Ruins/RuinGenerator.cs,15,new,0
Barotrauma/BarotraumaClient/ClientSource/Map/Levels/WaterRenderer.cs,239,new,0
Barotrauma/BarotraumaClient/ClientSource/Map/Lights/ConvexHull.cs,780,new,0
Barotrauma/BarotraumaClient/ClientSource/Map/Lights/LightManager.cs,861,new,0
Barotrauma/BarotraumaClient/ClientSource/Map/Lights/LightSource.cs,1629,done,1629
Barotrauma/BarotraumaClient/ClientSource/Map/LinkedSubmarine.cs,177,new,0
Barotrauma/BarotraumaClient/ClientSource/Map/Map/Map.cs,1347,done,1347
Barotrauma/BarotraumaClient/ClientSource/Map/Map/Radiation.cs,81,new,0
Barotrauma/BarotraumaClient/ClientSource/Map/MapEntity.cs,1388,new,0
Barotrauma/BarotraumaClient/ClientSource/Map/MapEntityPrefab.cs,121,new,0
Barotrauma/BarotraumaClient/ClientSource/Map/RoundSound.cs,171,new,0
Barotrauma/BarotraumaClient/ClientSource/Map/Structure.cs,719,partial,27
Barotrauma/BarotraumaClient/ClientSource/Map/StructurePrefab.cs,117,new,0
Barotrauma/BarotraumaClient/ClientSource/Map/Submarine.cs,851,new,0
Barotrauma/BarotraumaClient/ClientSource/Map/SubmarineBody.cs,140,new,0
Barotrauma/BarotraumaClient/ClientSource/Map/SubmarineInfo.cs,303,new,0
Barotrauma/BarotraumaClient/ClientSource/Map/SubmarinePreview.cs,798,new,0
Barotrauma/BarotraumaClient/ClientSource/Map/WayPoint.cs,508,new,0
Barotrauma/BarotraumaClient/ClientSource/Media/Video.Internal.cs,59,new,0
Barotrauma/BarotraumaClient/ClientSource/Media/Video.cs,193,new,0
Barotrauma/BarotraumaClient/ClientSource/Networking/BanList.cs,211,new,0
Barotrauma/BarotraumaClient/ClientSource/Networking/ChatMessage.cs,200,done,200
Barotrauma/BarotraumaClient/ClientSource/Networking/ChildServerRelay.cs,92,done,92
Barotrauma/BarotraumaClient/ClientSource/Networking/Client.cs,228,new,0
Barotrauma/BarotraumaClient/ClientSource/Networking/ConnectCommand.cs,139,new,0
Barotrauma/BarotraumaClient/ClientSource/Networking/EntitySpawner.cs,81,done,81
Barotrauma/BarotraumaClient/ClientSource/Networking/FileTransfer/FileReceiver.cs,600,done,600
Barotrauma/BarotraumaClient/ClientSource/Networking/FileTransfer/ModReceiver.cs,8,new,0
Barotrauma/BarotraumaClient/ClientSource/Networking/GameClient.cs,3998,done,3998
Barotrauma/BarotraumaClient/ClientSource/Networking/KarmaManager.cs,148,done,148
Barotrauma/BarotraumaClient/ClientSource/Networking/NetEntityEvent/ClientEntityEventManager.cs,297,done,297
Barotrauma/BarotraumaClient/ClientSource/Networking/NetEntityEvent/NetEntityEvent.cs,24,new,0
Barotrauma/BarotraumaClient/ClientSource/Networking/NetStats.cs,95,new,0
Barotrauma/BarotraumaClient/ClientSource/Networking/OrderChatMessage.cs,16,done,16
Barotrauma/BarotraumaClient/ClientSource/Networking/Primitives/P2PSocket/DualStackP2PSocket.cs,83,new,0
Barotrauma/BarotraumaClient/ClientSource/Networking/Primitives/P2PSocket/EosP2PSocket.cs,106,new,0
Barotrauma/BarotraumaClient/ClientSource/Networking/Primitives/P2PSocket/P2PSocket.cs,69,new,0
Barotrauma/BarotraumaClient/ClientSource/Networking/Primitives/P2PSocket/SteamConnectSocket.cs,123,new,0
Barotrauma/BarotraumaClient/ClientSource/Networking/Primitives/P2PSocket/SteamListenSocket.cs,178,new,0
Barotrauma/BarotraumaClient/ClientSource/Networking/Primitives/Peers/ClientPeer.cs,256,partial,255
Barotrauma/BarotraumaClient/ClientSource/Networking/Primitives/Peers/LidgrenClientPeer.cs,305,partial,304
Barotrauma/BarotraumaClient/ClientSource/Networking/Primitives/Peers/P2PClientPeer.cs,436,partial,435
Barotrauma/BarotraumaClient/ClientSource/Networking/Primitives/Peers/P2POwnerPeer.cs,599,partial,296
Barotrauma/BarotraumaClient/ClientSource/Networking/RespawnManager.cs,116,new,0
Barotrauma/BarotraumaClient/ClientSource/Networking/ServerList/PingUtils.cs,228,done,229
Barotrauma/BarotraumaClient/ClientSource/Networking/ServerList/ServerInfo.cs,704,done,705
Barotrauma/BarotraumaClient/ClientSource/Networking/ServerList/ServerProviders/CompositeServerProvider.cs,35,new,0
Barotrauma/BarotraumaClient/ClientSource/Networking/ServerList/ServerProviders/EosServerProvider.cs,139,new,0
Barotrauma/BarotraumaClient/ClientSource/Networking/ServerList/ServerProviders/ServerProvider.cs,17,new,0
Barotrauma/BarotraumaClient/ClientSource/Networking/ServerList/ServerProviders/SteamDedicatedServerProvider.cs,162,new,0
Barotrauma/BarotraumaClient/ClientSource/Networking/ServerList/ServerProviders/SteamP2PServerProvider.cs,115,new,0
Barotrauma/BarotraumaClient/ClientSource/Networking/ServerLog.cs,329,new,0
Barotrauma/BarotraumaClient/ClientSource/Networking/ServerSettings.cs,315,partial,190
Barotrauma/BarotraumaClient/ClientSource/Networking/ServerSettingsUI.cs,990,new,0
Barotrauma/BarotraumaClient/ClientSource/Networking/Voip/VoipCapture.cs,466,new,0
Barotrauma/BarotraumaClient/ClientSource/Networking/Voip/VoipClient.cs,213,partial,26
Barotrauma/BarotraumaClient/ClientSource/Networking/Voip/VoipConfig.cs,17,new,0
Barotrauma/BarotraumaClient/ClientSource/Networking/Voting.cs,520,partial,162
Barotrauma/BarotraumaClient/ClientSource/Particles/Particle.cs,613,new,0
Barotrauma/BarotraumaClient/ClientSource/Particles/ParticleEmitter.cs,319,new,0
Barotrauma/BarotraumaClient/ClientSource/Particles/ParticleManager.cs,276,new,0
Barotrauma/BarotraumaClient/ClientSource/Particles/ParticlePrefab.cs,313,new,0
Barotrauma/BarotraumaClient/ClientSource/Physics/PhysicsBody.cs,187,new,0
Barotrauma/BarotraumaClient/ClientSource/PlayerInput.cs,560,new,0
Barotrauma/BarotraumaClient/ClientSource/Program.cs,354,new,0
Barotrauma/BarotraumaClient/ClientSource/Screens/BlurEffect.cs,93,new,0
Barotrauma/BarotraumaClient/ClientSource/Screens/CampaignEndScreen.cs,90,new,0
Barotrauma/BarotraumaClient/ClientSource/Screens/CampaignSetupUI/CampaignSetupUI.cs,997,new,0
Barotrauma/BarotraumaClient/ClientSource/Screens/CampaignSetupUI/MultiPlayerCampaignSetupUI.cs,378,done,378
Barotrauma/BarotraumaClient/ClientSource/Screens/CampaignSetupUI/SinglePlayerCampaignSetupUI.cs,787,new,0
Barotrauma/BarotraumaClient/ClientSource/Screens/CampaignUI.cs,748,done,749
Barotrauma/BarotraumaClient/ClientSource/Screens/CharacterEditor/CharacterEditorScreen.cs,5573,partial,4063
Barotrauma/BarotraumaClient/ClientSource/Screens/CharacterEditor/Wizard.cs,1179,done,1179
Barotrauma/BarotraumaClient/ClientSource/Screens/CreditsPlayer.cs,100,new,0
Barotrauma/BarotraumaClient/ClientSource/Screens/EditorImage.cs,571,new,0
Barotrauma/BarotraumaClient/ClientSource/Screens/EditorScreen.cs,75,new,0
Barotrauma/BarotraumaClient/ClientSource/Screens/EventEditor/EditorNode.cs,694,done,694
Barotrauma/BarotraumaClient/ClientSource/Screens/EventEditor/EventConversationNode.cs,398,partial,397
Barotrauma/BarotraumaClient/ClientSource/Screens/EventEditor/EventEditorNodeConnection.cs,330,partial,329
Barotrauma/BarotraumaClient/ClientSource/Screens/EventEditor/EventEditorScreen.cs,1321,partial,698
Barotrauma/BarotraumaClient/ClientSource/Screens/GameScreen.cs,690,new,0
Barotrauma/BarotraumaClient/ClientSource/Screens/LevelEditorScreen.cs,1592,done,1592
Barotrauma/BarotraumaClient/ClientSource/Screens/MainMenuScreen/MainMenuScreen.cs,1749,done,1749
Barotrauma/BarotraumaClient/ClientSource/Screens/ModDownloadScreen.cs,426,new,0
Barotrauma/BarotraumaClient/ClientSource/Screens/NetLobbyScreen.cs,5812,done,5812
Barotrauma/BarotraumaClient/ClientSource/Screens/ParticleEditorScreen.cs,388,new,0
Barotrauma/BarotraumaClient/ClientSource/Screens/RoundSummaryScreen.cs,68,done,68
Barotrauma/BarotraumaClient/ClientSource/Screens/Screen.cs,69,new,0
Barotrauma/BarotraumaClient/ClientSource/Screens/ServerListScreen/PanelAnimator.cs,112,new,0
Barotrauma/BarotraumaClient/ClientSource/Screens/ServerListScreen/ServerListScreen.cs,1924,done,1925
Barotrauma/BarotraumaClient/ClientSource/Screens/SlideshowPlayer.cs,177,new,0
Barotrauma/BarotraumaClient/ClientSource/Screens/SpriteEditorScreen.cs,1142,done,1142
Barotrauma/BarotraumaClient/ClientSource/Screens/SubEditorScreen.cs,6903,partial,3354
Barotrauma/BarotraumaClient/ClientSource/Screens/TestScreen.cs,130,new,0
Barotrauma/BarotraumaClient/ClientSource/Serialization/SerializableEntityEditor.cs,1757,partial,1503
Barotrauma/BarotraumaClient/ClientSource/Settings/CompletedTutorials.cs,44,new,0
Barotrauma/BarotraumaClient/ClientSource/Settings/DebugConsoleMapping.cs,58,new,0
Barotrauma/BarotraumaClient/ClientSource/Settings/IgnoredHints.cs,44,new,0
Barotrauma/BarotraumaClient/ClientSource/Settings/MultiplayerPreferences.cs,112,new,0
Barotrauma/BarotraumaClient/ClientSource/Settings/ServerListFilters.cs,72,new,0
Barotrauma/BarotraumaClient/ClientSource/Settings/SettingsMenu.cs,1009,new,0
Barotrauma/BarotraumaClient/ClientSource/Social/FriendInfo.cs,73,new,0
Barotrauma/BarotraumaClient/ClientSource/Social/FriendProviders/CompositeFriendProvider.cs,46,new,0
Barotrauma/BarotraumaClient/ClientSource/Social/FriendProviders/EpicFriendProvider.cs,173,new,0
Barotrauma/BarotraumaClient/ClientSource/Social/FriendProviders/FriendProvider.cs,25,new,0
Barotrauma/BarotraumaClient/ClientSource/Social/FriendProviders/SteamFriendProvider.cs,69,new,0
Barotrauma/BarotraumaClient/ClientSource/Social/SocialExtensions.cs,34,new,0
Barotrauma/BarotraumaClient/ClientSource/Social/SocialOverlay.cs,1063,new,0
Barotrauma/BarotraumaClient/ClientSource/Sounds/OggSound.cs,177,new,0
Barotrauma/BarotraumaClient/ClientSource/Sounds/OpenAL/Al.cs,467,new,0
Barotrauma/BarotraumaClient/ClientSource/Sounds/OpenAL/Alc.cs,298,new,0
Barotrauma/BarotraumaClient/ClientSource/Sounds/Sound.cs,177,new,0
Barotrauma/BarotraumaClient/ClientSource/Sounds/SoundBuffer.cs,139,new,0
Barotrauma/BarotraumaClient/ClientSource/Sounds/SoundChannel.cs,867,new,0
Barotrauma/BarotraumaClient/ClientSource/Sounds/SoundFilters.cs,422,new,0
Barotrauma/BarotraumaClient/ClientSource/Sounds/SoundManager.cs,935,new,0
Barotrauma/BarotraumaClient/ClientSource/Sounds/SoundPlayer.cs,1062,new,0
Barotrauma/BarotraumaClient/ClientSource/Sounds/SoundPrefab.cs,285,new,0
Barotrauma/BarotraumaClient/ClientSource/Sounds/VideoSound.cs,119,new,0
Barotrauma/BarotraumaClient/ClientSource/Sounds/VoipSound.cs,189,new,0
Barotrauma/BarotraumaClient/ClientSource/SpamServerFilter.cs,444,done,444
Barotrauma/BarotraumaClient/ClientSource/Sprite/ConditionalSprite.cs,13,new,0
Barotrauma/BarotraumaClient/ClientSource/Sprite/DecorativeSprite.cs,317,new,0
Barotrauma/BarotraumaClient/ClientSource/Sprite/DeformAnimations/CustomDeformation.cs,126,new,0
Barotrauma/BarotraumaClient/ClientSource/Sprite/DeformAnimations/Inflate.cs,73,new,0
Barotrauma/BarotraumaClient/ClientSource/Sprite/DeformAnimations/JointBendDeformation.cs,142,new,0
Barotrauma/BarotraumaClient/ClientSource/Sprite/DeformAnimations/NoiseDeformation.cs,66,new,0
Barotrauma/BarotraumaClient/ClientSource/Sprite/DeformAnimations/PositionalDeformation.cs,109,new,0
Barotrauma/BarotraumaClient/ClientSource/Sprite/DeformAnimations/SpriteDeformation.cs,270,new,0
Barotrauma/BarotraumaClient/ClientSource/Sprite/DeformableSprite.cs,418,new,0
Barotrauma/BarotraumaClient/ClientSource/Sprite/Sprite.cs,470,new,0
Barotrauma/BarotraumaClient/ClientSource/Sprite/SpriteSheet.cs,33,new,0
Barotrauma/BarotraumaClient/ClientSource/StatusEffects/StatusEffect.cs,303,new,0
Barotrauma/BarotraumaClient/ClientSource/Steam/BulkDownloader.cs,176,new,0
Barotrauma/BarotraumaClient/ClientSource/Steam/Lobby.cs,157,new,0
Barotrauma/BarotraumaClient/ClientSource/Steam/RemoteStorageHelper.cs,34,new,0
Barotrauma/BarotraumaClient/ClientSource/Steam/SteamIcons.cs,87,new,0
Barotrauma/BarotraumaClient/ClientSource/Steam/SteamManager.cs,160,new,0
Barotrauma/BarotraumaClient/ClientSource/Steam/SteamTimelineManager.cs,345,new,0
Barotrauma/BarotraumaClient/ClientSource/Steam/Workshop.cs,356,new,0
Barotrauma/BarotraumaClient/ClientSource/Steam/WorkshopMenu/BBCode.cs,210,new,0
Barotrauma/BarotraumaClient/ClientSource/Steam/WorkshopMenu/Immutable/ImmutableWorkshopMenu.cs,65,new,0
Barotrauma/BarotraumaClient/ClientSource/Steam/WorkshopMenu/Mutable/InstalledTab.cs,966,new,0
Barotrauma/BarotraumaClient/ClientSource/Steam/WorkshopMenu/Mutable/ItemList.cs,793,new,0
Barotrauma/BarotraumaClient/ClientSource/Steam/WorkshopMenu/Mutable/ModListPreset.cs,257,new,0
Barotrauma/BarotraumaClient/ClientSource/Steam/WorkshopMenu/Mutable/MutableWorkshopMenu.cs,205,new,0
Barotrauma/BarotraumaClient/ClientSource/Steam/WorkshopMenu/Mutable/PublishTab.cs,617,new,0
Barotrauma/BarotraumaClient/ClientSource/Steam/WorkshopMenu/UiUtil.cs,174,new,0
Barotrauma/BarotraumaClient/ClientSource/Steam/WorkshopMenu/WorkshopMenu.cs,16,new,0
Barotrauma/BarotraumaClient/ClientSource/StoreIntegration/StoreIntegration.cs,70,new,0
Barotrauma/BarotraumaClient/ClientSource/SubEditorCommands.cs,714,partial,138
Barotrauma/BarotraumaClient/ClientSource/Text/LocalizedString/LimitLString.cs,34,new,0
Barotrauma/BarotraumaClient/ClientSource/Text/LocalizedString/WrappedLString.cs,29,new,0
Barotrauma/BarotraumaClient/ClientSource/Traitors/TraitorManager.cs,22,partial,21
Barotrauma/BarotraumaClient/ClientSource/Upgrades/UpgradePrefab.cs,10,new,0
Barotrauma/BarotraumaClient/ClientSource/Utils/EffectLoader.cs,12,new,0
Barotrauma/BarotraumaClient/ClientSource/Utils/GraphicsQuad.cs,67,new,0
Barotrauma/BarotraumaClient/ClientSource/Utils/HttpEncoder.cs,772,new,0
Barotrauma/BarotraumaClient/ClientSource/Utils/LeakyBucket.cs,51,new,0
Barotrauma/BarotraumaClient/ClientSource/Utils/LocalizationCSVtoXML.cs,506,new,0
Barotrauma/BarotraumaClient/ClientSource/Utils/MathUtils.cs,38,new,0
Barotrauma/BarotraumaClient/ClientSource/Utils/P2POwnerDoSProtection.cs,93,done,95
Barotrauma/BarotraumaClient/ClientSource/Utils/RichTextData.cs,20,new,0
Barotrauma/BarotraumaClient/ClientSource/Utils/SpreadsheetExport.cs,261,new,0
Barotrauma/BarotraumaClient/ClientSource/Utils/SpriteRecorder.cs,352,new,0
Barotrauma/BarotraumaClient/ClientSource/Utils/TextureLoader.cs,207,new,0
Barotrauma/BarotraumaClient/ClientSource/Utils/ToolBox.cs,585,new,0
Barotrauma/BarotraumaClient/ClientSource/Utils/WikiImage.cs,169,new,0
Barotrauma/BarotraumaClient/GlobalSuppressions.cs,10,new,0
Barotrauma/BarotraumaServer/ServerSource/Camera.cs,204,new,0
Barotrauma/BarotraumaServer/ServerSource/Characters/Character.cs,101,done,101
Barotrauma/BarotraumaServer/ServerSource/Characters/CharacterInfo.cs,107,done,107
Barotrauma/BarotraumaServer/ServerSource/Characters/CharacterNetworking.cs,832,done,832
Barotrauma/BarotraumaServer/ServerSource/Characters/Health/HealingCooldownServer.cs,51,done,51
Barotrauma/BarotraumaServer/ServerSource/Characters/Limb.cs,70,done,70
Barotrauma/BarotraumaServer/ServerSource/CircuitBox/CircuitBoxConnection.cs,16,new,0
Barotrauma/BarotraumaServer/ServerSource/DebugConsole.cs,2840,done,2840
Barotrauma/BarotraumaServer/ServerSource/Events/EventActions/ConversationAction.cs,215,done,215
Barotrauma/BarotraumaServer/ServerSource/Events/EventActions/EventLogAction.cs,56,done,56
Barotrauma/BarotraumaServer/ServerSource/Events/EventActions/EventObjectiveAction.cs,36,done,36
Barotrauma/BarotraumaServer/ServerSource/Events/EventActions/HighlightAction.cs,24,done,24
Barotrauma/BarotraumaServer/ServerSource/Events/EventActions/MissionAction.cs,43,done,43
Barotrauma/BarotraumaServer/ServerSource/Events/EventActions/StatusEffectAction.cs,28,done,28
Barotrauma/BarotraumaServer/ServerSource/Events/EventLog.cs,22,done,22
Barotrauma/BarotraumaServer/ServerSource/Events/EventManager.cs,104,done,130
Barotrauma/BarotraumaServer/ServerSource/Events/Missions/AbandonedOutpostMission.cs,33,new,0
Barotrauma/BarotraumaServer/ServerSource/Events/Missions/CargoMission.cs,21,new,0
Barotrauma/BarotraumaServer/ServerSource/Events/Missions/CombatMission.cs,267,new,0
Barotrauma/BarotraumaServer/ServerSource/Events/Missions/EliminateTargetsMission.cs,22,new,0
Barotrauma/BarotraumaServer/ServerSource/Events/Missions/EndMission.cs,19,new,0
Barotrauma/BarotraumaServer/ServerSource/Events/Missions/EscortMission.cs,32,new,0
Barotrauma/BarotraumaServer/ServerSource/Events/Missions/MineralMission.cs,38,new,0
Barotrauma/BarotraumaServer/ServerSource/Events/Missions/Mission.cs,135,done,160
Barotrauma/BarotraumaServer/ServerSource/Events/Missions/MonsterMission.cs,24,new,0
Barotrauma/BarotraumaServer/ServerSource/Events/Missions/NestMission.cs,20,new,0
Barotrauma/BarotraumaServer/ServerSource/Events/Missions/PirateMission.cs,32,new,0
Barotrauma/BarotraumaServer/ServerSource/Events/Missions/SalvageMission.cs,84,done,98
Barotrauma/BarotraumaServer/ServerSource/Events/Missions/ScanMission.cs,39,new,0
Barotrauma/BarotraumaServer/ServerSource/GameMain.cs,436,new,0
Barotrauma/BarotraumaServer/ServerSource/GameSession/CargoManager.cs,88,done,88
Barotrauma/BarotraumaServer/ServerSource/GameSession/CrewManager.cs,177,done,177
Barotrauma/BarotraumaServer/ServerSource/GameSession/Data/Wallet.cs,54,done,54
Barotrauma/BarotraumaServer/ServerSource/GameSession/GameModes/CampaignMode.cs,52,done,52
Barotrauma/BarotraumaServer/ServerSource/GameSession/GameModes/CharacterCampaignData.cs,201,new,0
Barotrauma/BarotraumaServer/ServerSource/GameSession/GameModes/MissionMode.cs,14,done,14
Barotrauma/BarotraumaServer/ServerSource/GameSession/GameModes/MultiPlayerCampaign.cs,1702,done,1702
Barotrauma/BarotraumaServer/ServerSource/GameSession/MedicalClinic.cs,231,done,231
Barotrauma/BarotraumaServer/ServerSource/GameSession/ReadyCheck.cs,120,done,122
Barotrauma/BarotraumaServer/ServerSource/GameSession/UpgradeManager.cs,24,done,24
Barotrauma/BarotraumaServer/ServerSource/Items/CharacterInventory.cs,12,done,12
Barotrauma/BarotraumaServer/ServerSource/Items/Components/DockingPort.cs,27,done,27
Barotrauma/BarotraumaServer/ServerSource/Items/Components/Door.cs,53,done,53
Barotrauma/BarotraumaServer/ServerSource/Items/Components/GeneticMaterial.cs,20,done,20
Barotrauma/BarotraumaServer/ServerSource/Items/Components/Growable.cs,64,done,64
Barotrauma/BarotraumaServer/ServerSource/Items/Components/Holdable/Holdable.cs,55,done,55
Barotrauma/BarotraumaServer/ServerSource/Items/Components/Holdable/LevelResource.cs,14,done,14
Barotrauma/BarotraumaServer/ServerSource/Items/Components/ItemComponent.cs,26,done,26
Barotrauma/BarotraumaServer/ServerSource/Items/Components/ItemLabel.cs,92,done,92
Barotrauma/BarotraumaServer/ServerSource/Items/Components/LightComponent.cs,45,done,45
Barotrauma/BarotraumaServer/ServerSource/Items/Components/Machines/Controller.cs,13,done,13
Barotrauma/BarotraumaServer/ServerSource/Items/Components/Machines/Deconstructor.cs,26,done,26
Barotrauma/BarotraumaServer/ServerSource/Items/Components/Machines/Engine.cs,34,done,34
Barotrauma/BarotraumaServer/ServerSource/Items/Components/Machines/Fabricator.cs,78,done,78
Barotrauma/BarotraumaServer/ServerSource/Items/Components/Machines/Pump.cs,66,done,66
Barotrauma/BarotraumaServer/ServerSource/Items/Components/Machines/Reactor.cs,59,done,59
Barotrauma/BarotraumaServer/ServerSource/Items/Components/Machines/Steering.cs,135,done,135
Barotrauma/BarotraumaServer/ServerSource/Items/Components/Power/PowerContainer.cs,31,done,31
Barotrauma/BarotraumaServer/ServerSource/Items/Components/Power/PowerDistributor.cs,33,done,33
Barotrauma/BarotraumaServer/ServerSource/Items/Components/Projectile.cs,87,done,90
Barotrauma/BarotraumaServer/ServerSource/Items/Components/Repairable.cs,59,done,59
Barotrauma/BarotraumaServer/ServerSource/Items/Components/Rope.cs,32,done,32
Barotrauma/BarotraumaServer/ServerSource/Items/Components/Scanner.cs,14,done,14
Barotrauma/BarotraumaServer/ServerSource/Items/Components/Signal/ButtonTerminal.cs,21,done,21
Barotrauma/BarotraumaServer/ServerSource/Items/Components/Signal/CircuitBox.cs,394,done,394
Barotrauma/BarotraumaServer/ServerSource/Items/Components/Signal/ConnectionPanel.cs,216,done,216
Barotrauma/BarotraumaServer/ServerSource/Items/Components/Signal/ConnectionSelectorComponent.cs,48,done,48
Barotrauma/BarotraumaServer/ServerSource/Items/Components/Signal/CustomInterface.cs,93,done,93
Barotrauma/BarotraumaServer/ServerSource/Items/Components/Signal/MemoryComponent.cs,45,done,45
Barotrauma/BarotraumaServer/ServerSource/Items/Components/Signal/Terminal.cs,114,done,114
Barotrauma/BarotraumaServer/ServerSource/Items/Components/Signal/WifiComponent.cs,35,done,35
Barotrauma/BarotraumaServer/ServerSource/Items/Components/Signal/Wire.cs,78,done,78
Barotrauma/BarotraumaServer/ServerSource/Items/Components/TriggerComponent.cs,12,done,12
Barotrauma/BarotraumaServer/ServerSource/Items/Inventory.cs,298,done,298
Barotrauma/BarotraumaServer/ServerSource/Items/Item.cs,454,done,454
Barotrauma/BarotraumaServer/ServerSource/Items/ItemEventData.cs,38,done,38
Barotrauma/BarotraumaServer/ServerSource/Items/ItemInventory.cs,13,done,13
Barotrauma/BarotraumaServer/ServerSource/Levels/Level.cs,58,done,58
Barotrauma/BarotraumaServer/ServerSource/Map/Creatures/BallastFloraBehavior.cs,135,done,135
Barotrauma/BarotraumaServer/ServerSource/Map/Hull.cs,268,done,268
Barotrauma/BarotraumaServer/ServerSource/Map/Structure.cs,21,done,25
Barotrauma/BarotraumaServer/ServerSource/Map/Submarine.cs,38,done,38
Barotrauma/BarotraumaServer/ServerSource/Networking/BanList.cs,367,done,370
Barotrauma/BarotraumaServer/ServerSource/Networking/ChatMessage.cs,262,done,262
Barotrauma/BarotraumaServer/ServerSource/Networking/ChildServerRelay.cs,31,done,31
Barotrauma/BarotraumaServer/ServerSource/Networking/Client.cs,362,done,362
Barotrauma/BarotraumaServer/ServerSource/Networking/EntitySpawner.cs,60,done,60
Barotrauma/BarotraumaServer/ServerSource/Networking/FileTransfer/FileSender.cs,439,done,439
Barotrauma/BarotraumaServer/ServerSource/Networking/FileTransfer/ModSender.cs,67,done,67
Barotrauma/BarotraumaServer/ServerSource/Networking/GameServer.cs,5010,done,5010
Barotrauma/BarotraumaServer/ServerSource/Networking/KarmaManager.cs,634,done,634
Barotrauma/BarotraumaServer/ServerSource/Networking/NetEntityEvent/ServerEntityEventManager.cs,579,done,579
Barotrauma/BarotraumaServer/ServerSource/Networking/NetworkMember.cs,10,done,10
Barotrauma/BarotraumaServer/ServerSource/Networking/OrderChatMessage.cs,30,done,30
Barotrauma/BarotraumaServer/ServerSource/Networking/Primitives/Peers/Server/LidgrenServerPeer.cs,575,done,575
Barotrauma/BarotraumaServer/ServerSource/Networking/Primitives/Peers/Server/P2PServerPeer.cs,423,done,423
Barotrauma/BarotraumaServer/ServerSource/Networking/Primitives/Peers/Server/ServerPeer.cs,412,done,412
Barotrauma/BarotraumaServer/ServerSource/Networking/RespawnManager.cs,704,done,704
Barotrauma/BarotraumaServer/ServerSource/Networking/ServerSettings.cs,637,done,637
Barotrauma/BarotraumaServer/ServerSource/Networking/Voip/VoipServer.cs,148,done,148
Barotrauma/BarotraumaServer/ServerSource/Networking/Voip/VoipServerDecoder.cs,230,done,230
Barotrauma/BarotraumaServer/ServerSource/Networking/Voting.cs,518,done,518
Barotrauma/BarotraumaServer/ServerSource/Physics/PhysicsBody.cs,50,done,50
Barotrauma/BarotraumaServer/ServerSource/Program.cs,278,new,0
Barotrauma/BarotraumaServer/ServerSource/Screens/NetLobbyScreen.cs,218,done,218
Barotrauma/BarotraumaServer/ServerSource/Screens/UnimplementedScreen.cs,14,new,0
Barotrauma/BarotraumaServer/ServerSource/Steam/SteamManager.cs,107,new,0
Barotrauma/BarotraumaServer/ServerSource/Traitors/TraitorManager.cs,531,done,531
Barotrauma/BarotraumaServer/ServerSource/Utils/DoSProtection.cs,237,done,237
Barotrauma/BarotraumaServer/ServerSource/Utils/RateLimiter.cs,135,done,135
Barotrauma/BarotraumaServer/ServerSource/Utils/XnaToConsoleColor.cs,84,new,0
Barotrauma/BarotraumaShared/SharedSource/AchievementManager.cs,910,new,0
Barotrauma/BarotraumaShared/SharedSource/CachedDistance.cs,30,new,0
Barotrauma/BarotraumaShared/SharedSource/Characters/AI/AIController.cs,571,done,571
Barotrauma/BarotraumaShared/SharedSource/Characters/AI/AITarget.cs,318,new,0
Barotrauma/BarotraumaShared/SharedSource/Characters/AI/EnemyAIController.cs,4672,done,4672
Barotrauma/BarotraumaShared/SharedSource/Characters/AI/HumanAIController.cs,2615,done,2615
Barotrauma/BarotraumaShared/SharedSource/Characters/AI/ISteerable.cs,28,new,0
Barotrauma/BarotraumaShared/SharedSource/Characters/AI/IndoorsSteeringManager.cs,1105,done,1105
Barotrauma/BarotraumaShared/SharedSource/Characters/AI/LatchOntoAI.cs,502,new,0
Barotrauma/BarotraumaShared/SharedSource/Characters/AI/MentalStateManager.cs,175,new,0
Barotrauma/BarotraumaShared/SharedSource/Characters/AI/NPCConversation.cs,442,new,0
Barotrauma/BarotraumaShared/SharedSource/Characters/AI/Objectives/AIObjective.cs,631,new,0
Barotrauma/BarotraumaShared/SharedSource/Characters/AI/Objectives/AIObjectiveChargeBatteries.cs,90,new,0
Barotrauma/BarotraumaShared/SharedSource/Characters/AI/Objectives/AIObjectiveCheckStolenItems.cs,266,new,0
Barotrauma/BarotraumaShared/SharedSource/Characters/AI/Objectives/AIObjectiveCleanupItem.cs,158,new,0
Barotrauma/BarotraumaShared/SharedSource/Characters/AI/Objectives/AIObjectiveCleanupItems.cs,160,new,0
Barotrauma/BarotraumaShared/SharedSource/Characters/AI/Objectives/AIObjectiveCombat.cs,1723,done,1723
Barotrauma/BarotraumaShared/SharedSource/Characters/AI/Objectives/AIObjectiveContainItem.cs,273,new,0
Barotrauma/BarotraumaShared/SharedSource/Characters/AI/Objectives/AIObjectiveDeconstructItem.cs,145,new,0
Barotrauma/BarotraumaShared/SharedSource/Characters/AI/Objectives/AIObjectiveDeconstructItems.cs,133,new,0
Barotrauma/BarotraumaShared/SharedSource/Characters/AI/Objectives/AIObjectiveEscapeHandcuffs.cs,107,new,0
Barotrauma/BarotraumaShared/SharedSource/Characters/AI/Objectives/AIObjectiveExtinguishFire.cs,199,new,0
Barotrauma/BarotraumaShared/SharedSource/Characters/AI/Objectives/AIObjectiveExtinguishFires.cs,59,new,0
Barotrauma/BarotraumaShared/SharedSource/Characters/AI/Objectives/AIObjectiveFightIntruders.cs,83,new,0
Barotrauma/BarotraumaShared/SharedSource/Characters/AI/Objectives/AIObjectiveFindDivingGear.cs,272,new,0
Barotrauma/BarotraumaShared/SharedSource/Characters/AI/Objectives/AIObjectiveFindSafety.cs,602,new,0
Barotrauma/BarotraumaShared/SharedSource/Characters/AI/Objectives/AIObjectiveFindThieves.cs,220,new,0
Barotrauma/BarotraumaShared/SharedSource/Characters/AI/Objectives/AIObjectiveFixLeak.cs,251,new,0
Barotrauma/BarotraumaShared/SharedSource/Characters/AI/Objectives/AIObjectiveFixLeaks.cs,88,new,0
Barotrauma/BarotraumaShared/SharedSource/Characters/AI/Objectives/AIObjectiveGetItem.cs,787,new,0
Barotrauma/BarotraumaShared/SharedSource/Characters/AI/Objectives/AIObjectiveGetItems.cs,110,new,0
Barotrauma/BarotraumaShared/SharedSource/Characters/AI/Objectives/AIObjectiveGoTo.cs,990,done,990
Barotrauma/BarotraumaShared/SharedSource/Characters/AI/Objectives/AIObjectiveIdle.cs,591,new,0
Barotrauma/BarotraumaShared/SharedSource/Characters/AI/Objectives/AIObjectiveInspectNoises.cs,126,new,0
Barotrauma/BarotraumaShared/SharedSource/Characters/AI/Objectives/AIObjectiveLoadItem.cs,339,new,0
Barotrauma/BarotraumaShared/SharedSource/Characters/AI/Objectives/AIObjectiveLoadItems.cs,122,new,0
Barotrauma/BarotraumaShared/SharedSource/Characters/AI/Objectives/AIObjectiveLoop.cs,259,new,0
Barotrauma/BarotraumaShared/SharedSource/Characters/AI/Objectives/AIObjectiveManager.cs,832,done,832
Barotrauma/BarotraumaShared/SharedSource/Characters/AI/Objectives/AIObjectiveMoveItem.cs,173,new,0
Barotrauma/BarotraumaShared/SharedSource/Characters/AI/Objectives/AIObjectiveOperateItem.cs,399,new,0
Barotrauma/BarotraumaShared/SharedSource/Characters/AI/Objectives/AIObjectivePrepare.cs,177,new,0
Barotrauma/BarotraumaShared/SharedSource/Characters/AI/Objectives/AIObjectivePumpWater.cs,99,new,0
Barotrauma/BarotraumaShared/SharedSource/Characters/AI/Objectives/AIObjectiveRepairItem.cs,346,new,0
Barotrauma/BarotraumaShared/SharedSource/Characters/AI/Objectives/AIObjectiveRepairItems.cs,217,new,0
Barotrauma/BarotraumaShared/SharedSource/Characters/AI/Objectives/AIObjectiveRescue.cs,554,new,0
Barotrauma/BarotraumaShared/SharedSource/Characters/AI/Objectives/AIObjectiveRescueAll.cs,209,new,0
Barotrauma/BarotraumaShared/SharedSource/Characters/AI/Objectives/AIObjectiveReturn.cs,222,new,0
Barotrauma/BarotraumaShared/SharedSource/Characters/AI/Order.cs,895,partial,207
Barotrauma/BarotraumaShared/SharedSource/Characters/AI/PathFinder.cs,518,done,518
Barotrauma/BarotraumaShared/SharedSource/Characters/AI/PetBehavior.cs,533,new,0
Barotrauma/BarotraumaShared/SharedSource/Characters/AI/ShipCommand/ShipIssueWorker.cs,147,new,0
Barotrauma/BarotraumaShared/SharedSource/Characters/AI/ShipCommand/ShipIssueWorkerFixLeaks.cs,38,new,0
Barotrauma/BarotraumaShared/SharedSource/Characters/AI/ShipCommand/ShipIssueWorkerGlobal.cs,29,new,0
Barotrauma/BarotraumaShared/SharedSource/Characters/AI/ShipCommand/ShipIssueWorkerItem.cs,26,new,0
Barotrauma/BarotraumaShared/SharedSource/Characters/AI/ShipCommand/ShipIssueWorkerOperateWeapons.cs,70,new,0
Barotrauma/BarotraumaShared/SharedSource/Characters/AI/ShipCommand/ShipIssueWorkerPowerUpReactor.cs,19,new,0
Barotrauma/BarotraumaShared/SharedSource/Characters/AI/ShipCommand/ShipIssueWorkerRepairSystems.cs,41,new,0
Barotrauma/BarotraumaShared/SharedSource/Characters/AI/ShipCommand/ShipIssueWorkerSteer.cs,20,new,0
Barotrauma/BarotraumaShared/SharedSource/Characters/AI/ShipCommandManager.cs,393,new,0
Barotrauma/BarotraumaShared/SharedSource/Characters/AI/SteeringManager.cs,208,done,208
Barotrauma/BarotraumaShared/SharedSource/Characters/AI/SteeringPath.cs,162,new,0
Barotrauma/BarotraumaShared/SharedSource/Characters/AI/SwarmBehavior.cs,123,new,0
Barotrauma/BarotraumaShared/SharedSource/Characters/AI/Wreck/WreckAI.cs,534,new,0
Barotrauma/BarotraumaShared/SharedSource/Characters/AI/Wreck/WreckAIConfig.cs,103,new,0
Barotrauma/BarotraumaShared/SharedSource/Characters/AICharacter.cs,82,new,0
Barotrauma/BarotraumaShared/SharedSource/Characters/AIChatMessage.cs,31,new,0
Barotrauma/BarotraumaShared/SharedSource/Characters/Animation/AnimController.cs,1453,done,1453
Barotrauma/BarotraumaShared/SharedSource/Characters/Animation/FishAnimController.cs,1035,done,1035
Barotrauma/BarotraumaShared/SharedSource/Characters/Animation/HumanoidAnimController.cs,1767,done,1767
Barotrauma/BarotraumaShared/SharedSource/Characters/Animation/Ragdoll.cs,2367,done,2367
Barotrauma/BarotraumaShared/SharedSource/Characters/Attack.cs,893,new,0
Barotrauma/BarotraumaShared/SharedSource/Characters/CauseOfDeath.cs,37,new,0
Barotrauma/BarotraumaShared/SharedSource/Characters/Character.cs,6304,done,6304
Barotrauma/BarotraumaShared/SharedSource/Characters/CharacterEventData.cs,273,new,0
Barotrauma/BarotraumaShared/SharedSource/Characters/CharacterHUD.cs,12,new,0
Barotrauma/BarotraumaShared/SharedSource/Characters/CharacterInfo.cs,2221,done,2221
Barotrauma/BarotraumaShared/SharedSource/Characters/CharacterNetworking.cs,132,done,132
Barotrauma/BarotraumaShared/SharedSource/Characters/CharacterPrefab.cs,127,new,0
Barotrauma/BarotraumaShared/SharedSource/Characters/CorpsePrefab.cs,47,new,0
Barotrauma/BarotraumaShared/SharedSource/Characters/Health/Afflictions/Affliction.cs,549,done,549
Barotrauma/BarotraumaShared/SharedSource/Characters/Health/Afflictions/AfflictionBleeding.cs,24,new,0
Barotrauma/BarotraumaShared/SharedSource/Characters/Health/Afflictions/AfflictionHusk.cs,512,new,0
Barotrauma/BarotraumaShared/SharedSource/Characters/Health/Afflictions/AfflictionPrefab.cs,1237,done,1237
Barotrauma/BarotraumaShared/SharedSource/Characters/Health/Afflictions/AfflictionPsychosis.cs,22,new,0
Barotrauma/BarotraumaShared/SharedSource/Characters/Health/Afflictions/AfflictionSpaceHerpes.cs,72,new,0
Barotrauma/BarotraumaShared/SharedSource/Characters/Health/Buffs/BuffDurationIncrease.cs,59,new,0
Barotrauma/BarotraumaShared/SharedSource/Characters/Health/CharacterHealth.cs,1530,done,1530
Barotrauma/BarotraumaShared/SharedSource/Characters/Health/DamageModifier.cs,170,new,0
Barotrauma/BarotraumaShared/SharedSource/Characters/HumanPrefab.cs,349,new,0
Barotrauma/BarotraumaShared/SharedSource/Characters/Jobs/Job.cs,259,new,0
Barotrauma/BarotraumaShared/SharedSource/Characters/Jobs/JobPrefab.cs,344,partial,64
Barotrauma/BarotraumaShared/SharedSource/Characters/Jobs/Skill.cs,104,partial,75
Barotrauma/BarotraumaShared/SharedSource/Characters/Jobs/SkillPrefab.cs,51,new,0
Barotrauma/BarotraumaShared/SharedSource/Characters/Limb.cs,1528,done,1528
Barotrauma/BarotraumaShared/SharedSource/Characters/NPCPersonalityTrait.cs,47,new,0
Barotrauma/BarotraumaShared/SharedSource/Characters/Params/Animation/AnimationParams.cs,567,new,0
Barotrauma/BarotraumaShared/SharedSource/Characters/Params/Animation/FishAnimations.cs,218,new,0
Barotrauma/BarotraumaShared/SharedSource/Characters/Params/Animation/HumanoidAnimations.cs,193,new,0
Barotrauma/BarotraumaShared/SharedSource/Characters/Params/CharacterParams.cs,1113,partial,236
Barotrauma/BarotraumaShared/SharedSource/Characters/Params/EditableParams.cs,170,new,0
Barotrauma/BarotraumaShared/SharedSource/Characters/Params/Ragdoll/RagdollParams.cs,1487,done,1487
Barotrauma/BarotraumaShared/SharedSource/Characters/SkillSettings.cs,137,done,137
Barotrauma/BarotraumaShared/SharedSource/Characters/Talents/Abilities/AbilityConditionals/AbilityCondition.cs,89,new,0
Barotrauma/BarotraumaShared/SharedSource/Characters/Talents/Abilities/AbilityConditionals/AbilityConditionData/AbilityConditionAffliction.cs,26,new,0
Barotrauma/BarotraumaShared/SharedSource/Characters/Talents/Abilities/AbilityConditionals/AbilityConditionData/AbilityConditionAttackData.cs,123,new,0
Barotrauma/BarotraumaShared/SharedSource/Characters/Talents/Abilities/AbilityConditionals/AbilityConditionData/AbilityConditionAttackResult.cs,39,new,0
Barotrauma/BarotraumaShared/SharedSource/Characters/Talents/Abilities/AbilityConditionals/AbilityConditionData/AbilityConditionCharacter.cs,76,new,0
Barotrauma/BarotraumaShared/SharedSource/Characters/Talents/Abilities/AbilityConditionals/AbilityConditionData/AbilityConditionCharacterNotLooted.cs,17,new,0
Barotrauma/BarotraumaShared/SharedSource/Characters/Talents/Abilities/AbilityConditionals/AbilityConditionData/AbilityConditionCharacterUnconcious.cs,14,new,0
Barotrauma/BarotraumaShared/SharedSource/Characters/Talents/Abilities/AbilityConditionals/AbilityConditionData/AbilityConditionData.cs,37,new,0
Barotrauma/BarotraumaShared/SharedSource/Characters/Talents/Abilities/AbilityConditionals/AbilityConditionData/AbilityConditionEvasiveManeuvers.cs,22,new,0
Barotrauma/BarotraumaShared/SharedSource/Characters/Talents/Abilities/AbilityConditionals/AbilityConditionData/AbilityConditionGeneHarvester.cs,23,new,0
Barotrauma/BarotraumaShared/SharedSource/Characters/Talents/Abilities/AbilityConditionals/AbilityConditionData/AbilityConditionInSubmarine.cs,43,new,0
Barotrauma/BarotraumaShared/SharedSource/Characters/Talents/Abilities/AbilityConditionals/AbilityConditionData/AbilityConditionIsAiming.cs,60,new,0
Barotrauma/BarotraumaShared/SharedSource/Characters/Talents/Abilities/AbilityConditionals/AbilityConditionData/AbilityConditionItem.cs,67,new,0
Barotrauma/BarotraumaShared/SharedSource/Characters/Talents/Abilities/AbilityConditionals/AbilityConditionData/AbilityConditionItemIsStatic.cs,19,new,0
Barotrauma/BarotraumaShared/SharedSource/Characters/Talents/Abilities/AbilityConditionals/AbilityConditionData/AbilityConditionLocation.cs,51,new,0
Barotrauma/BarotraumaShared/SharedSource/Characters/Talents/Abilities/AbilityConditionals/AbilityConditionData/AbilityConditionMission.cs,50,new,0
Barotrauma/BarotraumaShared/SharedSource/Characters/Talents/Abilities/AbilityConditionals/AbilityConditionData/AbilityConditionReduceAffliction.cs,33,new,0
Barotrauma/BarotraumaShared/SharedSource/Characters/Talents/Abilities/AbilityConditionals/AbilityConditionData/AbilityConditionSkill.cs,32,new,0
Barotrauma/BarotraumaShared/SharedSource/Characters/Talents/Abilities/AbilityConditionals/AbilityConditionData/AbilityConditionStatusEffectIdentifier.cs,28,new,0
Barotrauma/BarotraumaShared/SharedSource/Characters/Talents/Abilities/AbilityConditionals/AbilityConditionDataless/AbilityConditionAboveVitality.cs,17,new,0
Barotrauma/BarotraumaShared/SharedSource/Characters/Talents/Abilities/AbilityConditionals/AbilityConditionDataless/AbilityConditionAlliesAboveVitality.cs,18,new,0
Barotrauma/BarotraumaShared/SharedSource/Characters/Talents/Abilities/AbilityConditionals/AbilityConditionDataless/AbilityConditionAllyHasTalent.cs,22,new,0
Barotrauma/BarotraumaShared/SharedSource/Characters/Talents/Abilities/AbilityConditionals/AbilityConditionDataless/AbilityConditionAllyNearby.cs,47,new,0
Barotrauma/BarotraumaShared/SharedSource/Characters/Talents/Abilities/AbilityConditionals/AbilityConditionDataless/AbilityConditionCoauthor.cs,23,new,0
Barotrauma/BarotraumaShared/SharedSource/Characters/Talents/Abilities/AbilityConditionals/AbilityConditionDataless/AbilityConditionCrewMemberUnconscious.cs,22,new,0
Barotrauma/BarotraumaShared/SharedSource/Characters/Talents/Abilities/AbilityConditionals/AbilityConditionDataless/AbilityConditionCrouched.cs,15,new,0
Barotrauma/BarotraumaShared/SharedSource/Characters/Talents/Abilities/AbilityConditionals/AbilityConditionDataless/AbilityConditionDataless.cs,18,new,0
Barotrauma/BarotraumaShared/SharedSource/Characters/Talents/Abilities/AbilityConditionals/AbilityConditionDataless/AbilityConditionHasAffliction.cs,25,new,0
Barotrauma/BarotraumaShared/SharedSource/Characters/Talents/Abilities/AbilityConditionals/AbilityConditionDataless/AbilityConditionHasDifferentJobs.cs,21,new,0
Barotrauma/BarotraumaShared/SharedSource/Characters/Talents/Abilities/AbilityConditionals/AbilityConditionDataless/AbilityConditionHasItem.cs,42,new,0
Barotrauma/BarotraumaShared/SharedSource/Characters/Talents/Abilities/AbilityConditionals/AbilityConditionDataless/AbilityConditionHasLevel.cs,54,new,0
Barotrauma/BarotraumaShared/SharedSource/Characters/Talents/Abilities/AbilityConditionals/AbilityConditionDataless/AbilityConditionHasPermanentStat.cs,37,new,0
Barotrauma/BarotraumaShared/SharedSource/Characters/Talents/Abilities/AbilityConditionals/AbilityConditionDataless/AbilityConditionHasSkill.cs,19,new,0
Barotrauma/BarotraumaShared/SharedSource/Characters/Talents/Abilities/AbilityConditionals/AbilityConditionDataless/AbilityConditionHasStatusTag.cs,32,new,0
Barotrauma/BarotraumaShared/SharedSource/Characters/Talents/Abilities/AbilityConditionals/AbilityConditionDataless/AbilityConditionHasTalent.cs,18,new,0
Barotrauma/BarotraumaShared/SharedSource/Characters/Talents/Abilities/AbilityConditionals/AbilityConditionDataless/AbilityConditionHasVelocity.cs,17,new,0
Barotrauma/BarotraumaShared/SharedSource/Characters/Talents/Abilities/AbilityConditionals/AbilityConditionDataless/AbilityConditionHoldingItem.cs,34,new,0
Barotrauma/BarotraumaShared/SharedSource/Characters/Talents/Abilities/AbilityConditionals/AbilityConditionDataless/AbilityConditionInFriendlySubmarine.cs,15,new,0
Barotrauma/BarotraumaShared/SharedSource/Characters/Talents/Abilities/AbilityConditionals/AbilityConditionDataless/AbilityConditionInHull.cs,12,new,0
Barotrauma/BarotraumaShared/SharedSource/Characters/Talents/Abilities/AbilityConditionals/AbilityConditionDataless/AbilityConditionInWater.cs,12,new,0
Barotrauma/BarotraumaShared/SharedSource/Characters/Talents/Abilities/AbilityConditionals/AbilityConditionDataless/AbilityConditionLevelsBehindHighest.cs,18,new,0
Barotrauma/BarotraumaShared/SharedSource/Characters/Talents/Abilities/AbilityConditionals/AbilityConditionDataless/AbilityConditionLowestLevel.cs,20,new,0
Barotrauma/BarotraumaShared/SharedSource/Characters/Talents/Abilities/AbilityConditionals/AbilityConditionDataless/AbilityConditionNearbyCharacterCount.cs,39,new,0
Barotrauma/BarotraumaShared/SharedSource/Characters/Talents/Abilities/AbilityConditionals/AbilityConditionDataless/AbilityConditionNoCrewDied.cs,32,new,0
Barotrauma/BarotraumaShared/SharedSource/Characters/Talents/Abilities/AbilityConditionals/AbilityConditionDataless/AbilityConditionOnMission.cs,17,new,0
Barotrauma/BarotraumaShared/SharedSource/Characters/Talents/Abilities/AbilityConditionals/AbilityConditionDataless/AbilityConditionRagdolled.cs,20,new,0
Barotrauma/BarotraumaShared/SharedSource/Characters/Talents/Abilities/AbilityConditionals/AbilityConditionDataless/AbilityConditionRunning.cs,15,new,0
Barotrauma/BarotraumaShared/SharedSource/Characters/Talents/Abilities/AbilityConditionals/AbilityConditionDataless/AbilityConditionServerRandom.cs,20,new,0
Barotrauma/BarotraumaShared/SharedSource/Characters/Talents/Abilities/AbilityConditionals/AbilityConditionDataless/AbilityConditionShipFlooded.cs,25,new,0
Barotrauma/BarotraumaShared/SharedSource/Characters/Talents/Abilities/AbilityInterfaces.cs,52,new,0
Barotrauma/BarotraumaShared/SharedSource/Characters/Talents/Abilities/AbilityObjects.cs,18,new,0
Barotrauma/BarotraumaShared/SharedSource/Characters/Talents/Abilities/CharacterAbility.cs,138,new,0
Barotrauma/BarotraumaShared/SharedSource/Characters/Talents/Abilities/CharacterAbilityApplyForce.cs,61,new,0
Barotrauma/BarotraumaShared/SharedSource/Characters/Talents/Abilities/CharacterAbilityApplyStatusEffectToNonHumans.cs,35,new,0
Barotrauma/BarotraumaShared/SharedSource/Characters/Talents/Abilities/CharacterAbilityApplyStatusEffects.cs,123,new,0
Barotrauma/BarotraumaShared/SharedSource/Characters/Talents/Abilities/CharacterAbilityApplyStatusEffectsToAllies.cs,65,new,0
Barotrauma/BarotraumaShared/SharedSource/Characters/Talents/Abilities/CharacterAbilityApplyStatusEffectsToApprenticeship.cs,64,new,0
Barotrauma/BarotraumaShared/SharedSource/Characters/Talents/Abilities/CharacterAbilityApplyStatusEffectsToAttacker.cs,17,new,0
Barotrauma/BarotraumaShared/SharedSource/Characters/Talents/Abilities/CharacterAbilityApplyStatusEffectsToLastOrderedCharacter.cs,28,new,0
Barotrauma/BarotraumaShared/SharedSource/Characters/Talents/Abilities/CharacterAbilityApplyStatusEffectsToNearestAlly.cs,34,new,0
Barotrauma/BarotraumaShared/SharedSource/Characters/Talents/Abilities/CharacterAbilityApplyStatusEffectsToRandomAlly.cs,54,new,0
Barotrauma/BarotraumaShared/SharedSource/Characters/Talents/Abilities/CharacterAbilityGainSimultaneousSkill.cs,47,new,0
Barotrauma/BarotraumaShared/SharedSource/Characters/Talents/Abilities/CharacterAbilityGiveAffliction.cs,62,new,0
Barotrauma/BarotraumaShared/SharedSource/Characters/Talents/Abilities/CharacterAbilityGiveExperience.cs,59,new,0
Barotrauma/BarotraumaShared/SharedSource/Characters/Talents/Abilities/CharacterAbilityGiveFlag.cs,18,done,20
Barotrauma/BarotraumaShared/SharedSource/Characters/Talents/Abilities/CharacterAbilityGiveItemStat.cs,35,new,0
Barotrauma/BarotraumaShared/SharedSource/Characters/Talents/Abilities/CharacterAbilityGiveItemStatToTags.cs,54,new,0
Barotrauma/BarotraumaShared/SharedSource/Characters/Talents/Abilities/CharacterAbilityGiveMoney.cs,52,new,0
Barotrauma/BarotraumaShared/SharedSource/Characters/Talents/Abilities/CharacterAbilityGivePermanentStat.cs,116,new,0
Barotrauma/BarotraumaShared/SharedSource/Characters/Talents/Abilities/CharacterAbilityGiveReputation.cs,41,new,0
Barotrauma/BarotraumaShared/SharedSource/Characters/Talents/Abilities/CharacterAbilityGiveResistance.cs,33,new,0
Barotrauma/BarotraumaShared/SharedSource/Characters/Talents/Abilities/CharacterAbilityGiveStat.cs,19,done,20
Barotrauma/BarotraumaShared/SharedSource/Characters/Talents/Abilities/CharacterAbilityGiveTalentPoints.cs,25,new,0
Barotrauma/BarotraumaShared/SharedSource/Characters/Talents/Abilities/CharacterAbilityGiveTalentPointsToAllies.cs,29,new,0
Barotrauma/BarotraumaShared/SharedSource/Characters/Talents/Abilities/CharacterAbilityIncreaseSkill.cs,60,new,0
Barotrauma/BarotraumaShared/SharedSource/Characters/Talents/Abilities/CharacterAbilityMarkAsLooted.cs,23,new,0
Barotrauma/BarotraumaShared/SharedSource/Characters/Talents/Abilities/CharacterAbilityModifyAffliction.cs,40,new,0
Barotrauma/BarotraumaShared/SharedSource/Characters/Talents/Abilities/CharacterAbilityModifyAttackData.cs,47,new,0
Barotrauma/BarotraumaShared/SharedSource/Characters/Talents/Abilities/CharacterAbilityModifyFlag.cs,32,done,35
Barotrauma/BarotraumaShared/SharedSource/Characters/Talents/Abilities/CharacterAbilityModifyResistance.cs,45,new,0
Barotrauma/BarotraumaShared/SharedSource/Characters/Talents/Abilities/CharacterAbilityModifyStat.cs,30,new,0
Barotrauma/BarotraumaShared/SharedSource/Characters/Talents/Abilities/CharacterAbilityModifyStatToFlooding.cs,38,new,0
Barotrauma/BarotraumaShared/SharedSource/Characters/Talents/Abilities/CharacterAbilityModifyStatToLevel.cs,35,new,0
Barotrauma/BarotraumaShared/SharedSource/Characters/Talents/Abilities/CharacterAbilityModifyStatToSkill.cs,53,new,0
Barotrauma/BarotraumaShared/SharedSource/Characters/Talents/Abilities/CharacterAbilityModifyValue.cs,30,new,0
Barotrauma/BarotraumaShared/SharedSource/Characters/Talents/Abilities/CharacterAbilityPutItem.cs,55,new,0
Barotrauma/BarotraumaShared/SharedSource/Characters/Talents/Abilities/CharacterAbilityReduceAffliction.cs,48,new,0
Barotrauma/BarotraumaShared/SharedSource/Characters/Talents/Abilities/CharacterAbilityRemoveRandomIngredient.cs,35,new,0
Barotrauma/BarotraumaShared/SharedSource/Characters/Talents/Abilities/CharacterAbilityReplaceAffliction.cs,47,new,0
Barotrauma/BarotraumaShared/SharedSource/Characters/Talents/Abilities/CharacterAbilityResetPermanentStat.cs,34,new,0
Barotrauma/BarotraumaShared/SharedSource/Characters/Talents/Abilities/CharacterAbilitySetMetadataInt.cs,39,new,0
Barotrauma/BarotraumaShared/SharedSource/Characters/Talents/Abilities/CharacterAbilitySpawnItemsToContainer.cs,43,new,0
Barotrauma/BarotraumaShared/SharedSource/Characters/Talents/Abilities/CharacterAbilityUpgradeSubmarine.cs,67,new,0
Barotrauma/BarotraumaShared/SharedSource/Characters/Talents/Abilities/CustomAbilities/CharacterAbilityAlienHoarder.cs,39,new,0
Barotrauma/BarotraumaShared/SharedSource/Characters/Talents/Abilities/CustomAbilities/CharacterAbilityApprenticeship.cs,21,new,0
Barotrauma/BarotraumaShared/SharedSource/Characters/Talents/Abilities/CustomAbilities/CharacterAbilityAtmosMachine.cs,40,new,0
Barotrauma/BarotraumaShared/SharedSource/Characters/Talents/Abilities/CustomAbilities/CharacterAbilityBountyHunter.cs,22,new,0
Barotrauma/BarotraumaShared/SharedSource/Characters/Talents/Abilities/CustomAbilities/CharacterAbilityByTheBook.cs,46,new,0
Barotrauma/BarotraumaShared/SharedSource/Characters/Talents/Abilities/CustomAbilities/CharacterAbilityInsurancePolicy.cs,24,new,0
Barotrauma/BarotraumaShared/SharedSource/Characters/Talents/Abilities/CustomAbilities/CharacterAbilityMultitasker.cs,23,new,0
Barotrauma/BarotraumaShared/SharedSource/Characters/Talents/Abilities/CustomAbilities/CharacterAbilityPsychoClown.cs,44,new,0
Barotrauma/BarotraumaShared/SharedSource/Characters/Talents/Abilities/CustomAbilities/CharacterAbilityRegenerateLoot.cs,47,new,0
Barotrauma/BarotraumaShared/SharedSource/Characters/Talents/Abilities/CustomAbilities/CharacterAbilityTandemFire.cs,45,new,0
Barotrauma/BarotraumaShared/SharedSource/Characters/Talents/Abilities/CustomAbilities/CharacterAbilityUnlockApprenticeshipTalentTree.cs,90,new,0
Barotrauma/BarotraumaShared/SharedSource/Characters/Talents/Abilities/CustomAbilities/CharacterAbilityWarStories.cs,74,new,0
Barotrauma/BarotraumaShared/SharedSource/Characters/Talents/AbilityGroups/CharacterAbilityGroup.cs,294,partial,108
Barotrauma/BarotraumaShared/SharedSource/Characters/Talents/AbilityGroups/CharacterAbilityGroupEffect.cs,47,new,0
Barotrauma/BarotraumaShared/SharedSource/Characters/Talents/AbilityGroups/CharacterAbilityGroupInterval.cs,82,new,0
Barotrauma/BarotraumaShared/SharedSource/Characters/Talents/CharacterTalent.cs,162,partial,41
Barotrauma/BarotraumaShared/SharedSource/Characters/Talents/TalentMigration.cs,109,new,0
Barotrauma/BarotraumaShared/SharedSource/Characters/Talents/TalentPrefab.cs,129,done,129
Barotrauma/BarotraumaShared/SharedSource/Characters/Talents/TalentTree.cs,335,partial,334
Barotrauma/BarotraumaShared/SharedSource/CircuitBox/CircuitBoxComponent.cs,84,new,0
Barotrauma/BarotraumaShared/SharedSource/CircuitBox/CircuitBoxConnection.cs,121,new,0
Barotrauma/BarotraumaShared/SharedSource/CircuitBox/CircuitBoxCursor.cs,109,new,0
Barotrauma/BarotraumaShared/SharedSource/CircuitBox/CircuitBoxInputOutputNode.cs,122,new,0
Barotrauma/BarotraumaShared/SharedSource/CircuitBox/CircuitBoxLabelNode.cs,83,new,0
Barotrauma/BarotraumaShared/SharedSource/CircuitBox/CircuitBoxNetStructs.cs,212,done,212
Barotrauma/BarotraumaShared/SharedSource/CircuitBox/CircuitBoxNode.cs,176,new,0
Barotrauma/BarotraumaShared/SharedSource/CircuitBox/CircuitBoxSelectable.cs,43,new,0
Barotrauma/BarotraumaShared/SharedSource/CircuitBox/CircuitBoxSizes.cs,18,new,0
Barotrauma/BarotraumaShared/SharedSource/CircuitBox/CircuitBoxWire.cs,195,new,0
Barotrauma/BarotraumaShared/SharedSource/CircuitBox/ICircuitBoxIdentifiable.cs,28,new,0
Barotrauma/BarotraumaShared/SharedSource/CircuitBox/ItemSlotIndexPair.cs,61,new,0
Barotrauma/BarotraumaShared/SharedSource/CommandPattern.cs,35,new,0
Barotrauma/BarotraumaShared/SharedSource/ContentManagement/ContentFile/AfflictionsFile.cs,114,new,0
Barotrauma/BarotraumaShared/SharedSource/ContentManagement/ContentFile/BackgroundCreaturePrefabsFile.cs,28,new,0
Barotrauma/BarotraumaShared/SharedSource/ContentManagement/ContentFile/BallastFloraFile.cs,19,new,0
Barotrauma/BarotraumaShared/SharedSource/ContentManagement/ContentFile/BeaconStationFile.cs,8,new,0
Barotrauma/BarotraumaShared/SharedSource/ContentManagement/ContentFile/CaveGenerationParametersFile.cs,18,new,0
Barotrauma/BarotraumaShared/SharedSource/ContentManagement/ContentFile/CharacterFile.cs,118,new,0
Barotrauma/BarotraumaShared/SharedSource/ContentManagement/ContentFile/ContainerTagFile.cs,16,new,0
Barotrauma/BarotraumaShared/SharedSource/ContentManagement/ContentFile/ContentFile.cs,152,new,0
Barotrauma/BarotraumaShared/SharedSource/ContentManagement/ContentFile/CorpsesFile.cs,18,new,0
Barotrauma/BarotraumaShared/SharedSource/ContentManagement/ContentFile/DecalsFile.cs,22,new,0
Barotrauma/BarotraumaShared/SharedSource/ContentManagement/ContentFile/DisembarkPerkFile.cs,17,new,0
Barotrauma/BarotraumaShared/SharedSource/ContentManagement/ContentFile/EnemySubmarineFile.cs,8,new,0
Barotrauma/BarotraumaShared/SharedSource/ContentManagement/ContentFile/EventManagerSettingsFile.cs,17,new,0
Barotrauma/BarotraumaShared/SharedSource/ContentManagement/ContentFile/FactionsFile.cs,18,new,0
Barotrauma/BarotraumaShared/SharedSource/ContentManagement/ContentFile/GenericPrefabFile.cs,81,new,0
Barotrauma/BarotraumaShared/SharedSource/ContentManagement/ContentFile/HashlessFile.cs,10,new,0
Barotrauma/BarotraumaShared/SharedSource/ContentManagement/ContentFile/ItemAssemblyFile.cs,18,new,0
Barotrauma/BarotraumaShared/SharedSource/ContentManagement/ContentFile/ItemFile.cs,18,new,0
Barotrauma/BarotraumaShared/SharedSource/ContentManagement/ContentFile/JobsFile.cs,56,new,0
Barotrauma/BarotraumaShared/SharedSource/ContentManagement/ContentFile/LevelGenerationParametersFile.cs,68,new,0
Barotrauma/BarotraumaShared/SharedSource/ContentManagement/ContentFile/LevelObjectPrefabsFile.cs,18,new,0
Barotrauma/BarotraumaShared/SharedSource/ContentManagement/ContentFile/LocationTypesFile.cs,18,new,0
Barotrauma/BarotraumaShared/SharedSource/ContentManagement/ContentFile/MapGenerationParametersFile.cs,34,new,0
Barotrauma/BarotraumaShared/SharedSource/ContentManagement/ContentFile/MissionsFile.cs,32,new,0
Barotrauma/BarotraumaShared/SharedSource/ContentManagement/ContentFile/NPCConversationsFile.cs,45,new,0
Barotrauma/BarotraumaShared/SharedSource/ContentManagement/ContentFile/NPCPersonalityTraitsFile.cs,12,new,0
Barotrauma/BarotraumaShared/SharedSource/ContentManagement/ContentFile/NPCSetsFile.cs,18,new,0
Barotrauma/BarotraumaShared/SharedSource/ContentManagement/ContentFile/OrdersFile.cs,71,new,0
Barotrauma/BarotraumaShared/SharedSource/ContentManagement/ContentFile/OtherFile.cs,14,new,0
Barotrauma/BarotraumaShared/SharedSource/ContentManagement/ContentFile/OutpostConfigFile.cs,18,new,0
Barotrauma/BarotraumaShared/SharedSource/ContentManagement/ContentFile/OutpostFile.cs,7,new,0
Barotrauma/BarotraumaShared/SharedSource/ContentManagement/ContentFile/OutpostModuleFIle.cs,7,new,0
Barotrauma/BarotraumaShared/SharedSource/ContentManagement/ContentFile/ParticlesFile.cs,31,new,0
Barotrauma/BarotraumaShared/SharedSource/ContentManagement/ContentFile/RandomEventsFile.cs,106,new,0
Barotrauma/BarotraumaShared/SharedSource/ContentManagement/ContentFile/RuinConfigFile.cs,19,new,0
Barotrauma/BarotraumaShared/SharedSource/ContentManagement/ContentFile/ServerExecutableFile.cs,28,new,0
Barotrauma/BarotraumaShared/SharedSource/ContentManagement/ContentFile/SkillSettingsFile.cs,33,new,0
Barotrauma/BarotraumaShared/SharedSource/ContentManagement/ContentFile/SlideshowsFile.cs,15,new,0
Barotrauma/BarotraumaShared/SharedSource/ContentManagement/ContentFile/SoundsFile.cs,38,new,0
Barotrauma/BarotraumaShared/SharedSource/ContentManagement/ContentFile/StartItemsFile.cs,12,new,0
Barotrauma/BarotraumaShared/SharedSource/ContentManagement/ContentFile/StructureFile.cs,18,new,0
Barotrauma/BarotraumaShared/SharedSource/ContentManagement/ContentFile/SubmarineFile.cs,42,new,0
Barotrauma/BarotraumaShared/SharedSource/ContentManagement/ContentFile/TalentTreesFile.cs,18,new,0
Barotrauma/BarotraumaShared/SharedSource/ContentManagement/ContentFile/TalentsFile.cs,18,new,0
Barotrauma/BarotraumaShared/SharedSource/ContentManagement/ContentFile/TextFile.cs,59,new,0
Barotrauma/BarotraumaShared/SharedSource/ContentManagement/ContentFile/TutorialsFile.cs,16,new,0
Barotrauma/BarotraumaShared/SharedSource/ContentManagement/ContentFile/UIStyleFile.cs,100,new,0
Barotrauma/BarotraumaShared/SharedSource/ContentManagement/ContentFile/UpgradeModulesFile.cs,31,new,0
Barotrauma/BarotraumaShared/SharedSource/ContentManagement/ContentFile/WreckAIConfigFile.cs,18,new,0
Barotrauma/BarotraumaShared/SharedSource/ContentManagement/ContentFile/WreckFile.cs,7,new,0
Barotrauma/BarotraumaShared/SharedSource/ContentManagement/ContentPackage/ContentPackage.cs,565,new,0
Barotrauma/BarotraumaShared/SharedSource/ContentManagement/ContentPackage/ContentPackageId/ContentPackageId.cs,19,new,0
Barotrauma/BarotraumaShared/SharedSource/ContentManagement/ContentPackage/ContentPackageId/SteamWorkshopId.cs,32,new,0
Barotrauma/BarotraumaShared/SharedSource/ContentManagement/ContentPackage/CorePackage.cs,47,new,0
Barotrauma/BarotraumaShared/SharedSource/ContentManagement/ContentPackage/RegularPackage.cs,12,new,0
Barotrauma/BarotraumaShared/SharedSource/ContentManagement/ContentPackageManager.cs,600,new,0
Barotrauma/BarotraumaShared/SharedSource/ContentManagement/ContentPath.cs,161,new,0
Barotrauma/BarotraumaShared/SharedSource/ContentManagement/ContentXElement.cs,161,new,0
Barotrauma/BarotraumaShared/SharedSource/ContentManagement/MissingContentPackageException.cs,17,new,0
Barotrauma/BarotraumaShared/SharedSource/CoroutineManager.cs,274,new,0
Barotrauma/BarotraumaShared/SharedSource/DebugConsole.cs,3677,done,3677
Barotrauma/BarotraumaShared/SharedSource/Decals/Decal.cs,178,new,0
Barotrauma/BarotraumaShared/SharedSource/Decals/DecalManager.cs,101,new,0
Barotrauma/BarotraumaShared/SharedSource/Decals/DecalPrefab.cs,48,new,0
Barotrauma/BarotraumaShared/SharedSource/DisembarkPerks/DisembarkPerkPrefab.cs,58,new,0
Barotrauma/BarotraumaShared/SharedSource/DisembarkPerks/PerkBehaviors/GiveTalentPointPerk.cs,20,new,0
Barotrauma/BarotraumaShared/SharedSource/DisembarkPerks/PerkBehaviors/PerkBase.cs,84,new,0
Barotrauma/BarotraumaShared/SharedSource/DisembarkPerks/PerkBehaviors/SpawnItemPerk.cs,210,new,0
Barotrauma/BarotraumaShared/SharedSource/DisembarkPerks/PerkBehaviors/SubItemSwapPerk.cs,61,new,0
Barotrauma/BarotraumaShared/SharedSource/DisembarkPerks/PerkBehaviors/UpgradeSubmarinePerk.cs,57,new,0
Barotrauma/BarotraumaShared/SharedSource/Enums.cs,779,partial,127
Barotrauma/BarotraumaShared/SharedSource/Eos/Session.cs,117,new,0
Barotrauma/BarotraumaShared/SharedSource/Events/ArtifactEvent.cs,136,new,0
Barotrauma/BarotraumaShared/SharedSource/Events/Event.cs,88,done,88
Barotrauma/BarotraumaShared/SharedSource/Events/EventActions/AddScoreAction.cs,84,done,84
Barotrauma/BarotraumaShared/SharedSource/Events/EventActions/AfflictionAction.cs,97,done,97
Barotrauma/BarotraumaShared/SharedSource/Events/EventActions/BinaryOptionAction.cs,117,done,117
Barotrauma/BarotraumaShared/SharedSource/Events/EventActions/CheckAfflictionAction.cs,71,done,71
Barotrauma/BarotraumaShared/SharedSource/Events/EventActions/CheckConditionalAction.cs,146,done,146
Barotrauma/BarotraumaShared/SharedSource/Events/EventActions/CheckConnectionAction.cs,62,done,62
Barotrauma/BarotraumaShared/SharedSource/Events/EventActions/CheckDataAction.cs,211,done,211
Barotrauma/BarotraumaShared/SharedSource/Events/EventActions/CheckDifficultyAction.cs,35,partial,34
Barotrauma/BarotraumaShared/SharedSource/Events/EventActions/CheckItemAction.cs,284,done,284
Barotrauma/BarotraumaShared/SharedSource/Events/EventActions/CheckMissionAction.cs,61,done,61
Barotrauma/BarotraumaShared/SharedSource/Events/EventActions/CheckMoneyAction.cs,61,partial,60
Barotrauma/BarotraumaShared/SharedSource/Events/EventActions/CheckObjectiveAction.cs,18,done,18
Barotrauma/BarotraumaShared/SharedSource/Events/EventActions/CheckOrderAction.cs,90,done,90
Barotrauma/BarotraumaShared/SharedSource/Events/EventActions/CheckPurchasedItemsAction.cs,90,done,90
Barotrauma/BarotraumaShared/SharedSource/Events/EventActions/CheckReputationAction.cs,64,partial,63
Barotrauma/BarotraumaShared/SharedSource/Events/EventActions/CheckSelectedAction.cs,109,done,109
Barotrauma/BarotraumaShared/SharedSource/Events/EventActions/CheckTalentAction.cs,52,done,52
Barotrauma/BarotraumaShared/SharedSource/Events/EventActions/CheckTraitorEventStateAction.cs,39,done,39
Barotrauma/BarotraumaShared/SharedSource/Events/EventActions/CheckTraitorVoteAction.cs,41,done,41
Barotrauma/BarotraumaShared/SharedSource/Events/EventActions/CheckVisibilityAction.cs,76,done,76
Barotrauma/BarotraumaShared/SharedSource/Events/EventActions/ClearTagAction.cs,39,done,39
Barotrauma/BarotraumaShared/SharedSource/Events/EventActions/CombatAction.cs,107,done,107
Barotrauma/BarotraumaShared/SharedSource/Events/EventActions/ConversationAction.cs,556,done,556
Barotrauma/BarotraumaShared/SharedSource/Events/EventActions/CountTargetsAction.cs,116,done,116
Barotrauma/BarotraumaShared/SharedSource/Events/EventActions/DamageBeaconStationAction.cs,55,done,55
Barotrauma/BarotraumaShared/SharedSource/Events/EventActions/EventAction.cs,226,partial,123
Barotrauma/BarotraumaShared/SharedSource/Events/EventActions/EventLogAction.cs,100,done,100
Barotrauma/BarotraumaShared/SharedSource/Events/EventActions/EventObjectiveAction.cs,118,done,118
Barotrauma/BarotraumaShared/SharedSource/Events/EventActions/FireAction.cs,49,done,49
Barotrauma/BarotraumaShared/SharedSource/Events/EventActions/ForceSayAction.cs,62,done,62
Barotrauma/BarotraumaShared/SharedSource/Events/EventActions/GiveExpAction.cs,53,done,53
Barotrauma/BarotraumaShared/SharedSource/Events/EventActions/GiveSkillExpAction.cs,56,done,56
Barotrauma/BarotraumaShared/SharedSource/Events/EventActions/GoTo.cs,43,done,43
Barotrauma/BarotraumaShared/SharedSource/Events/EventActions/GodModeAction.cs,66,done,66
Barotrauma/BarotraumaShared/SharedSource/Events/EventActions/HighlightAction.cs,46,done,46
Barotrauma/BarotraumaShared/SharedSource/Events/EventActions/InventoryHighlightAction.cs,36,new,0
Barotrauma/BarotraumaShared/SharedSource/Events/EventActions/Label.cs,30,done,30
Barotrauma/BarotraumaShared/SharedSource/Events/EventActions/LayerAction.cs,61,done,61
Barotrauma/BarotraumaShared/SharedSource/Events/EventActions/MessageBoxAction.cs,86,done,86
Barotrauma/BarotraumaShared/SharedSource/Events/EventActions/MissionAction.cs,236,done,236
Barotrauma/BarotraumaShared/SharedSource/Events/EventActions/MissionStateAction.cs,77,new,0
Barotrauma/BarotraumaShared/SharedSource/Events/EventActions/ModifyLocationAction.cs,97,done,97
Barotrauma/BarotraumaShared/SharedSource/Events/EventActions/MoneyAction.cs,82,done,82
Barotrauma/BarotraumaShared/SharedSource/Events/EventActions/NPCChangeTeamAction.cs,144,done,144
Barotrauma/BarotraumaShared/SharedSource/Events/EventActions/NPCFollowAction.cs,127,done,127
Barotrauma/BarotraumaShared/SharedSource/Events/EventActions/NPCOperateItemAction.cs,147,done,147
Barotrauma/BarotraumaShared/SharedSource/Events/EventActions/NPCWaitAction.cs,110,done,110
Barotrauma/BarotraumaShared/SharedSource/Events/EventActions/OnRoundEndAction.cs,45,done,45
Barotrauma/BarotraumaShared/SharedSource/Events/EventActions/RNGAction.cs,39,done,39
Barotrauma/BarotraumaShared/SharedSource/Events/EventActions/RemoveItemAction.cs,88,done,88
Barotrauma/BarotraumaShared/SharedSource/Events/EventActions/ReputationAction.cs,82,done,82
Barotrauma/BarotraumaShared/SharedSource/Events/EventActions/SetDataAction.cs,111,done,111
Barotrauma/BarotraumaShared/SharedSource/Events/EventActions/SetPriceMultiplierAction.cs,107,done,107
Barotrauma/BarotraumaShared/SharedSource/Events/EventActions/SetTraitorEventStateAction.cs,52,done,52
Barotrauma/BarotraumaShared/SharedSource/Events/EventActions/SkillCheckAction.cs,52,done,52
Barotrauma/BarotraumaShared/SharedSource/Events/EventActions/SpawnAction.cs,622,done,622
Barotrauma/BarotraumaShared/SharedSource/Events/EventActions/StatusEffectAction.cs,92,done,92
Barotrauma/BarotraumaShared/SharedSource/Events/EventActions/TagAction.cs,462,done,462
Barotrauma/BarotraumaShared/SharedSource/Events/EventActions/TeleportAction.cs,51,done,51
Barotrauma/BarotraumaShared/SharedSource/Events/EventActions/TriggerAction.cs,447,done,447
Barotrauma/BarotraumaShared/SharedSource/Events/EventActions/TriggerEventAction.cs,62,done,62
Barotrauma/BarotraumaShared/SharedSource/Events/EventActions/TutorialCompleteAction.cs,35,done,35
Barotrauma/BarotraumaShared/SharedSource/Events/EventActions/TutorialIconAction.cs,68,done,68
Barotrauma/BarotraumaShared/SharedSource/Events/EventActions/UIHighlightAction.cs,70,new,0
Barotrauma/BarotraumaShared/SharedSource/Events/EventActions/UnlockPathAction.cs,88,done,88
Barotrauma/BarotraumaShared/SharedSource/Events/EventActions/WaitAction.cs,38,done,38
Barotrauma/BarotraumaShared/SharedSource/Events/EventActions/WaitForItemFabricatedAction.cs,80,new,0
Barotrauma/BarotraumaShared/SharedSource/Events/EventActions/WaitForItemUsedAction.cs,161,done,161
Barotrauma/BarotraumaShared/SharedSource/Events/EventLog.cs,65,new,0
Barotrauma/BarotraumaShared/SharedSource/Events/EventManager.cs,1325,done,1325
Barotrauma/BarotraumaShared/SharedSource/Events/EventManagerSettings.cs,57,new,0
Barotrauma/BarotraumaShared/SharedSource/Events/EventPrefab.cs,196,done,196
Barotrauma/BarotraumaShared/SharedSource/Events/EventSet.cs,692,done,692
Barotrauma/BarotraumaShared/SharedSource/Events/MalfunctionEvent.cs,78,new,0
Barotrauma/BarotraumaShared/SharedSource/Events/Missions/AbandonedOutpostMission.cs,285,new,0
Barotrauma/BarotraumaShared/SharedSource/Events/Missions/BeaconMission.cs,216,new,0
Barotrauma/BarotraumaShared/SharedSource/Events/Missions/CargoMission.cs,364,done,364
Barotrauma/BarotraumaShared/SharedSource/Events/Missions/CombatMission.cs,212,new,0
Barotrauma/BarotraumaShared/SharedSource/Events/Missions/CustomMission.cs,18,new,0
Barotrauma/BarotraumaShared/SharedSource/Events/Missions/EliminateTargetsMission.cs,216,new,0
Barotrauma/BarotraumaShared/SharedSource/Events/Missions/EndMission.cs,309,new,0
Barotrauma/BarotraumaShared/SharedSource/Events/Missions/EscortMission.cs,406,done,406
Barotrauma/BarotraumaShared/SharedSource/Events/Missions/GoToMission.cs,32,new,0
Barotrauma/BarotraumaShared/SharedSource/Events/Missions/MineralMission.cs,316,done,316
Barotrauma/BarotraumaShared/SharedSource/Events/Missions/Mission.cs,921,done,921
Barotrauma/BarotraumaShared/SharedSource/Events/Missions/MissionPrefab.cs,572,partial,163
Barotrauma/BarotraumaShared/SharedSource/Events/Missions/MonsterMission.cs,269,new,0
Barotrauma/BarotraumaShared/SharedSource/Events/Missions/NestMission.cs,358,done,358
Barotrauma/BarotraumaShared/SharedSource/Events/Missions/PirateMission.cs,563,done,563
Barotrauma/BarotraumaShared/SharedSource/Events/Missions/SalvageMission.cs,790,done,790
Barotrauma/BarotraumaShared/SharedSource/Events/Missions/ScanMission.cs,266,new,0
Barotrauma/BarotraumaShared/SharedSource/Events/MonsterEvent.cs,782,done,782
Barotrauma/BarotraumaShared/SharedSource/Events/ScriptedEvent.cs,530,done,530
Barotrauma/BarotraumaShared/SharedSource/Extensions/IEnumerableExtensions.cs,233,new,0
Barotrauma/BarotraumaShared/SharedSource/Extensions/StringExtensions.cs,18,new,0
Barotrauma/BarotraumaShared/SharedSource/ForbiddenWordFilter.cs,72,new,0
Barotrauma/BarotraumaShared/SharedSource/GameAnalytics/GameAnalyticsConsent.cs,388,new,0
Barotrauma/BarotraumaShared/SharedSource/GameAnalytics/GameAnalyticsManager.cs,624,new,0
Barotrauma/BarotraumaShared/SharedSource/GameSession/AutoItemPlacer.cs,357,done,357
Barotrauma/BarotraumaShared/SharedSource/GameSession/CargoManager.cs,840,done,841
Barotrauma/BarotraumaShared/SharedSource/GameSession/CrewManager.cs,692,done,692
Barotrauma/BarotraumaShared/SharedSource/GameSession/Data/CampaignMetadata.cs,146,done,146
Barotrauma/BarotraumaShared/SharedSource/GameSession/Data/Factions.cs,206,done,206
Barotrauma/BarotraumaShared/SharedSource/GameSession/Data/Reputation.cs,220,done,220
Barotrauma/BarotraumaShared/SharedSource/GameSession/Data/Wallet.cs,237,done,237
Barotrauma/BarotraumaShared/SharedSource/GameSession/GameModes/CampaignMode.cs,1757,done,1757
Barotrauma/BarotraumaShared/SharedSource/GameSession/GameModes/CampaignModePresets.cs,77,new,0
Barotrauma/BarotraumaShared/SharedSource/GameSession/GameModes/CampaignSettings.cs,288,done,288
Barotrauma/BarotraumaShared/SharedSource/GameSession/GameModes/CharacterCampaignData.cs,20,new,0
Barotrauma/BarotraumaShared/SharedSource/GameSession/GameModes/CoOpMode.cs,11,new,0
Barotrauma/BarotraumaShared/SharedSource/GameSession/GameModes/GameMode.cs,79,new,0
Barotrauma/BarotraumaShared/SharedSource/GameSession/GameModes/GameModePreset.cs,60,new,0
Barotrauma/BarotraumaShared/SharedSource/GameSession/GameModes/MissionMode.cs,75,new,0
Barotrauma/BarotraumaShared/SharedSource/GameSession/GameModes/MultiPlayerCampaign.cs,357,done,400
Barotrauma/BarotraumaShared/SharedSource/GameSession/GameModes/PvPMode.cs,28,new,0
Barotrauma/BarotraumaShared/SharedSource/GameSession/GameModes/TestGameMode.cs,19,new,0
Barotrauma/BarotraumaShared/SharedSource/GameSession/GameModes/Tutorials/TutorialPrefab.cs,105,new,0
Barotrauma/BarotraumaShared/SharedSource/GameSession/GameSession.cs,1694,done,1694
Barotrauma/BarotraumaShared/SharedSource/GameSession/HireManager.cs,97,done,97
Barotrauma/BarotraumaShared/SharedSource/GameSession/MedicalClinic.cs,359,done,359
Barotrauma/BarotraumaShared/SharedSource/GameSession/ReadyCheck.cs,65,done,65
Barotrauma/BarotraumaShared/SharedSource/GameSession/SlideshowPrefab.cs,60,new,0
Barotrauma/BarotraumaShared/SharedSource/GameSession/UpgradeManager.cs,881,done,881
Barotrauma/BarotraumaShared/SharedSource/InputType.cs,31,new,0
Barotrauma/BarotraumaShared/SharedSource/Items/CharacterInventory.cs,647,new,0
Barotrauma/BarotraumaShared/SharedSource/Items/Components/DockingPort.cs,1354,done,1354
Barotrauma/BarotraumaShared/SharedSource/Items/Components/Door.cs,868,new,0
Barotrauma/BarotraumaShared/SharedSource/Items/Components/ElectricalDischarger.cs,615,new,0
Barotrauma/BarotraumaShared/SharedSource/Items/Components/EntitySpawnerComponent.cs,351,new,0
Barotrauma/BarotraumaShared/SharedSource/Items/Components/GeneticMaterial.cs,462,new,0
Barotrauma/BarotraumaShared/SharedSource/Items/Components/Growable.cs,954,new,0
Barotrauma/BarotraumaShared/SharedSource/Items/Components/Holdable/Holdable.cs,1331,done,1331
Barotrauma/BarotraumaShared/SharedSource/Items/Components/Holdable/IdCard.cs,146,new,0
Barotrauma/BarotraumaShared/SharedSource/Items/Components/Holdable/LevelResource.cs,167,new,0
Barotrauma/BarotraumaShared/SharedSource/Items/Components/Holdable/MeleeWeapon.cs,542,new,0
Barotrauma/BarotraumaShared/SharedSource/Items/Components/Holdable/Pickable.cs,352,done,352
Barotrauma/BarotraumaShared/SharedSource/Items/Components/Holdable/Propulsion.cs,114,new,0
Barotrauma/BarotraumaShared/SharedSource/Items/Components/Holdable/RangedWeapon.cs,398,new,0
Barotrauma/BarotraumaShared/SharedSource/Items/Components/Holdable/RepairTool.cs,964,done,964
Barotrauma/BarotraumaShared/SharedSource/Items/Components/Holdable/Sprayer.cs,64,new,0
Barotrauma/BarotraumaShared/SharedSource/Items/Components/Holdable/Throwable.cs,239,new,0
Barotrauma/BarotraumaShared/SharedSource/Items/Components/ItemComponent.cs,1248,done,1248
Barotrauma/BarotraumaShared/SharedSource/Items/Components/ItemContainer.cs,1308,done,1308
Barotrauma/BarotraumaShared/SharedSource/Items/Components/ItemLabel.cs,37,new,0
Barotrauma/BarotraumaShared/SharedSource/Items/Components/Ladder.cs,36,new,0
Barotrauma/BarotraumaShared/SharedSource/Items/Components/LinkedControllerCharacterComponent.cs,136,new,0
Barotrauma/BarotraumaShared/SharedSource/Items/Components/Machines/Controller.cs,1107,new,0
Barotrauma/BarotraumaShared/SharedSource/Items/Components/Machines/Deconstructor.cs,639,new,0
Barotrauma/BarotraumaShared/SharedSource/Items/Components/Machines/Engine.cs,296,new,0
Barotrauma/BarotraumaShared/SharedSource/Items/Components/Machines/Fabricator.cs,1110,done,1110
Barotrauma/BarotraumaShared/SharedSource/Items/Components/Machines/InheritConditionFromLinkedWall.cs,46,new,0
Barotrauma/BarotraumaShared/SharedSource/Items/Components/Machines/MiniMap.cs,108,new,0
Barotrauma/BarotraumaShared/SharedSource/Items/Components/Machines/OutpostTerminal.cs,14,new,0
Barotrauma/BarotraumaShared/SharedSource/Items/Components/Machines/OxygenGenerator.cs,153,new,0
Barotrauma/BarotraumaShared/SharedSource/Items/Components/Machines/Pump.cs,313,new,0
Barotrauma/BarotraumaShared/SharedSource/Items/Components/Machines/Reactor.cs,893,new,0
Barotrauma/BarotraumaShared/SharedSource/Items/Components/Machines/Sonar.cs,469,partial,62
Barotrauma/BarotraumaShared/SharedSource/Items/Components/Machines/SonarTransducer.cs,43,new,0
Barotrauma/BarotraumaShared/SharedSource/Items/Components/Machines/Steering.cs,860,new,0
Barotrauma/BarotraumaShared/SharedSource/Items/Components/Machines/Vent.cs,31,new,0
Barotrauma/BarotraumaShared/SharedSource/Items/Components/NameTag.cs,17,new,0
Barotrauma/BarotraumaShared/SharedSource/Items/Components/Planter.cs,337,new,0
Barotrauma/BarotraumaShared/SharedSource/Items/Components/Power/PowerContainer.cs,400,new,0
Barotrauma/BarotraumaShared/SharedSource/Items/Components/Power/PowerDistributor.cs,236,new,0
Barotrauma/BarotraumaShared/SharedSource/Items/Components/Power/PowerTransfer.cs,490,new,0
Barotrauma/BarotraumaShared/SharedSource/Items/Components/Power/Powered.cs,818,partial,206
Barotrauma/BarotraumaShared/SharedSource/Items/Components/Projectile.cs,1427,done,1427
Barotrauma/BarotraumaShared/SharedSource/Items/Components/Quality.cs,111,new,0
Barotrauma/BarotraumaShared/SharedSource/Items/Components/RemoteController.cs,96,new,0
Barotrauma/BarotraumaShared/SharedSource/Items/Components/Repairable.cs,806,partial,158
Barotrauma/BarotraumaShared/SharedSource/Items/Components/Rope.cs,569,new,0
Barotrauma/BarotraumaShared/SharedSource/Items/Components/Scanner.cs,91,new,0
Barotrauma/BarotraumaShared/SharedSource/Items/Components/Signal/AdderComponent.cs,17,new,0
Barotrauma/BarotraumaShared/SharedSource/Items/Components/Signal/ArithmeticComponent.cs,101,new,0
Barotrauma/BarotraumaShared/SharedSource/Items/Components/Signal/BooleanOperatorComponent/AndComponent.cs,10,new,0
Barotrauma/BarotraumaShared/SharedSource/Items/Components/Signal/BooleanOperatorComponent/BooleanOperatorComponent.cs,134,new,0
Barotrauma/BarotraumaShared/SharedSource/Items/Components/Signal/BooleanOperatorComponent/OrComponent.cs,10,new,0
Barotrauma/BarotraumaShared/SharedSource/Items/Components/Signal/BooleanOperatorComponent/XorComponent.cs,10,new,0
Barotrauma/BarotraumaShared/SharedSource/Items/Components/Signal/ButtonTerminal.cs,177,new,0
Barotrauma/BarotraumaShared/SharedSource/Items/Components/Signal/CircuitBox.cs,847,new,0
Barotrauma/BarotraumaShared/SharedSource/Items/Components/Signal/ColorComponent.cs,73,new,0
Barotrauma/BarotraumaShared/SharedSource/Items/Components/Signal/ConcatComponent.cs,46,new,0
Barotrauma/BarotraumaShared/SharedSource/Items/Components/Signal/Connection.cs,460,new,0
Barotrauma/BarotraumaShared/SharedSource/Items/Components/Signal/ConnectionPanel.cs,429,new,0
Barotrauma/BarotraumaShared/SharedSource/Items/Components/Signal/ConnectionSelectorComponent.cs,132,new,0
Barotrauma/BarotraumaShared/SharedSource/Items/Components/Signal/CustomInterface.cs,459,partial,100
Barotrauma/BarotraumaShared/SharedSource/Items/Components/Signal/DelayComponent.cs,141,new,0
Barotrauma/BarotraumaShared/SharedSource/Items/Components/Signal/DemultiplexerComponent.cs,57,new,0
Barotrauma/BarotraumaShared/SharedSource/Items/Components/Signal/DivideComponent.cs,18,new,0
Barotrauma/BarotraumaShared/SharedSource/Items/Components/Signal/EqualsComponent.cs,120,new,0
Barotrauma/BarotraumaShared/SharedSource/Items/Components/Signal/ExponentiationComponent.cs,44,new,0
Barotrauma/BarotraumaShared/SharedSource/Items/Components/Signal/FunctionComponent.cs,81,new,0
Barotrauma/BarotraumaShared/SharedSource/Items/Components/Signal/GreaterComponent.cs,53,new,0
Barotrauma/BarotraumaShared/SharedSource/Items/Components/Signal/LightComponent.cs,479,new,0
Barotrauma/BarotraumaShared/SharedSource/Items/Components/Signal/MemoryComponent.cs,79,new,0
Barotrauma/BarotraumaShared/SharedSource/Items/Components/Signal/ModuloComponent.cs,42,new,0
Barotrauma/BarotraumaShared/SharedSource/Items/Components/Signal/MotionSensor.cs,367,new,0
Barotrauma/BarotraumaShared/SharedSource/Items/Components/Signal/MultiplexerComponent.cs,59,new,0
Barotrauma/BarotraumaShared/SharedSource/Items/Components/Signal/MultiplyComponent.cs,17,new,0
Barotrauma/BarotraumaShared/SharedSource/Items/Components/Signal/NotComponent.cs,40,new,0
Barotrauma/BarotraumaShared/SharedSource/Items/Components/Signal/OscillatorComponent.cs,115,new,0
Barotrauma/BarotraumaShared/SharedSource/Items/Components/Signal/OxygenDetector.cs,32,new,0
Barotrauma/BarotraumaShared/SharedSource/Items/Components/Signal/RegExFindComponent.cs,210,new,0
Barotrauma/BarotraumaShared/SharedSource/Items/Components/Signal/RelayComponent.cs,384,new,0
Barotrauma/BarotraumaShared/SharedSource/Items/Components/Signal/Signal.cs,44,new,0
Barotrauma/BarotraumaShared/SharedSource/Items/Components/Signal/SignalCheckComponent.cs,78,new,0
Barotrauma/BarotraumaShared/SharedSource/Items/Components/Signal/SmokeDetector.cs,89,new,0
Barotrauma/BarotraumaShared/SharedSource/Items/Components/Signal/StringComponent.cs,76,new,0
Barotrauma/BarotraumaShared/SharedSource/Items/Components/Signal/SubtractComponent.cs,17,new,0
Barotrauma/BarotraumaShared/SharedSource/Items/Components/Signal/Terminal.cs,216,new,0
Barotrauma/BarotraumaShared/SharedSource/Items/Components/Signal/TrigonometricFunctionComponent.cs,137,new,0
Barotrauma/BarotraumaShared/SharedSource/Items/Components/Signal/WaterDetector.cs,129,new,0
Barotrauma/BarotraumaShared/SharedSource/Items/Components/Signal/WifiComponent.cs,395,new,0
Barotrauma/BarotraumaShared/SharedSource/Items/Components/Signal/Wire.cs,910,new,0
Barotrauma/BarotraumaShared/SharedSource/Items/Components/StatusHUD.cs,12,new,0
Barotrauma/BarotraumaShared/SharedSource/Items/Components/TriggerComponent.cs,556,partial,97
Barotrauma/BarotraumaShared/SharedSource/Items/Components/Turret.cs,2132,done,2132
Barotrauma/BarotraumaShared/SharedSource/Items/Components/Wearable.cs,623,partial,42
Barotrauma/BarotraumaShared/SharedSource/Items/ContainerTagPrefab.cs,167,new,0
Barotrauma/BarotraumaShared/SharedSource/Items/Inventory.cs,1177,partial,248
Barotrauma/BarotraumaShared/SharedSource/Items/Item.cs,4751,done,4751
Barotrauma/BarotraumaShared/SharedSource/Items/ItemEventData.cs,168,new,0
Barotrauma/BarotraumaShared/SharedSource/Items/ItemInventory.cs,173,done,173
Barotrauma/BarotraumaShared/SharedSource/Items/ItemPrefab.cs,1706,done,1706
Barotrauma/BarotraumaShared/SharedSource/Items/ItemStatManager.cs,149,new,0
Barotrauma/BarotraumaShared/SharedSource/Items/RelatedItem.cs,450,new,0
Barotrauma/BarotraumaShared/SharedSource/Items/StartItemSet.cs,44,new,0
Barotrauma/BarotraumaShared/SharedSource/Map/CoreEntityPrefab.cs,109,new,0
Barotrauma/BarotraumaShared/SharedSource/Map/Creatures/BallastFloraBehavior.cs,1353,partial,1352
Barotrauma/BarotraumaShared/SharedSource/Map/Creatures/BallastFloraEventData.cs,79,new,0
Barotrauma/BarotraumaShared/SharedSource/Map/Creatures/BallastFloraPrefab.cs,31,new,0
Barotrauma/BarotraumaShared/SharedSource/Map/Creatures/State/BallastFloraStateMachine.cs,49,partial,48
Barotrauma/BarotraumaShared/SharedSource/Map/Creatures/State/DefendWithPumpState.cs,126,partial,125
Barotrauma/BarotraumaShared/SharedSource/Map/Creatures/State/GrowIdleState.cs,188,partial,187
Barotrauma/BarotraumaShared/SharedSource/Map/Creatures/State/GrowToTargetState.cs,98,partial,97
Barotrauma/BarotraumaShared/SharedSource/Map/Creatures/State/IBallastFloraState.cs,21,partial,20
Barotrauma/BarotraumaShared/SharedSource/Map/DummyFireSource.cs,44,new,0
Barotrauma/BarotraumaShared/SharedSource/Map/Entity.cs,358,new,0
Barotrauma/BarotraumaShared/SharedSource/Map/EntityGrid.cs,156,new,0
Barotrauma/BarotraumaShared/SharedSource/Map/Explosion.cs,818,new,0
Barotrauma/BarotraumaShared/SharedSource/Map/FireSource.cs,537,new,0
Barotrauma/BarotraumaShared/SharedSource/Map/Gap.cs,1066,done,1066
Barotrauma/BarotraumaShared/SharedSource/Map/Hull.cs,1826,done,1826
Barotrauma/BarotraumaShared/SharedSource/Map/HullEventData.cs,66,new,0
Barotrauma/BarotraumaShared/SharedSource/Map/IDamageable.cs,30,new,0
Barotrauma/BarotraumaShared/SharedSource/Map/ISpatialEntity.cs,128,new,0
Barotrauma/BarotraumaShared/SharedSource/Map/ItemAssemblyPrefab.cs,197,done,197
Barotrauma/BarotraumaShared/SharedSource/Map/Levels/Biome.cs,120,new,0
Barotrauma/BarotraumaShared/SharedSource/Map/Levels/CaveGenerationParams.cs,182,new,0
Barotrauma/BarotraumaShared/SharedSource/Map/Levels/CaveGenerator.cs,533,done,533
Barotrauma/BarotraumaShared/SharedSource/Map/Levels/DestructibleLevelWall.cs,225,new,0
Barotrauma/BarotraumaShared/SharedSource/Map/Levels/Level.cs,5276,done,5276
Barotrauma/BarotraumaShared/SharedSource/Map/Levels/LevelData.cs,466,done,466
Barotrauma/BarotraumaShared/SharedSource/Map/Levels/LevelGenerationParams.cs,858,done,858
Barotrauma/BarotraumaShared/SharedSource/Map/Levels/LevelObjects/LevelObject.cs,254,done,254
Barotrauma/BarotraumaShared/SharedSource/Map/Levels/LevelObjects/LevelObjectManager.cs,678,done,678
Barotrauma/BarotraumaShared/SharedSource/Map/Levels/LevelObjects/LevelObjectPrefab.cs,470,done,470
Barotrauma/BarotraumaShared/SharedSource/Map/Levels/LevelObjects/LevelTrigger.cs,862,done,862
Barotrauma/BarotraumaShared/SharedSource/Map/Levels/LevelWall.cs,161,done,161
Barotrauma/BarotraumaShared/SharedSource/Map/Levels/Ruins/RuinGenerationParams.cs,70,new,0
Barotrauma/BarotraumaShared/SharedSource/Map/Levels/Ruins/RuinGenerator.cs,74,new,0
Barotrauma/BarotraumaShared/SharedSource/Map/LinkedSubmarine.cs,515,new,0
Barotrauma/BarotraumaShared/SharedSource/Map/Map/Location.cs,1828,done,1828
Barotrauma/BarotraumaShared/SharedSource/Map/Map/LocationConnection.cs,82,new,0
Barotrauma/BarotraumaShared/SharedSource/Map/Map/LocationType.cs,755,done,755
Barotrauma/BarotraumaShared/SharedSource/Map/Map/LocationTypeChange.cs,265,new,0
Barotrauma/BarotraumaShared/SharedSource/Map/Map/Map.cs,1840,done,1840
Barotrauma/BarotraumaShared/SharedSource/Map/Map/MapGenerationParams.cs,214,new,0
Barotrauma/BarotraumaShared/SharedSource/Map/Map/MapLocationTypeGenerator.cs,401,new,0
Barotrauma/BarotraumaShared/SharedSource/Map/Map/Radiation.cs,178,new,0
Barotrauma/BarotraumaShared/SharedSource/Map/Map/RadiationParams.cs,53,new,0
Barotrauma/BarotraumaShared/SharedSource/Map/MapEntity.cs,993,done,993
Barotrauma/BarotraumaShared/SharedSource/Map/MapEntityPrefab.cs,328,new,0
Barotrauma/BarotraumaShared/SharedSource/Map/OrderTarget.cs,22,new,0
Barotrauma/BarotraumaShared/SharedSource/Map/Outposts/ExtraSubmarineInfo.cs,168,new,0
Barotrauma/BarotraumaShared/SharedSource/Map/Outposts/NPCSet.cs,35,new,0
Barotrauma/BarotraumaShared/SharedSource/Map/Outposts/OutpostGenerationParams.cs,447,new,0
Barotrauma/BarotraumaShared/SharedSource/Map/Outposts/OutpostGenerator.cs,1998,done,1998
Barotrauma/BarotraumaShared/SharedSource/Map/Outposts/OutpostModuleInfo.cs,186,new,0
Barotrauma/BarotraumaShared/SharedSource/Map/PriceInfo.cs,207,partial,135
Barotrauma/BarotraumaShared/SharedSource/Map/Structure.cs,1884,done,1884
Barotrauma/BarotraumaShared/SharedSource/Map/StructurePrefab.cs,328,new,0
Barotrauma/BarotraumaShared/SharedSource/Map/Submarine.cs,2401,done,2401
Barotrauma/BarotraumaShared/SharedSource/Map/SubmarineBody.cs,1110,partial,185
Barotrauma/BarotraumaShared/SharedSource/Map/SubmarineInfo.cs,932,new,0
Barotrauma/BarotraumaShared/SharedSource/Map/WayPoint.cs,1239,done,1239
Barotrauma/BarotraumaShared/SharedSource/Map/WreckConverter.cs,193,new,0
Barotrauma/BarotraumaShared/SharedSource/Memento.cs,62,new,0
Barotrauma/BarotraumaShared/SharedSource/NetStructBitField.cs,150,done,150
Barotrauma/BarotraumaShared/SharedSource/Networking/BanList.cs,54,done,54
Barotrauma/BarotraumaShared/SharedSource/Networking/ChatMessage.cs,334,done,334
Barotrauma/BarotraumaShared/SharedSource/Networking/ChildServerRelay.cs,368,done,368
Barotrauma/BarotraumaShared/SharedSource/Networking/Client.cs,291,done,291
Barotrauma/BarotraumaShared/SharedSource/Networking/ClientPermissions.cs,106,done,106
Barotrauma/BarotraumaShared/SharedSource/Networking/EntitySpawner.cs,474,done,474
Barotrauma/BarotraumaShared/SharedSource/Networking/FileTransfer/FileTransfer.cs,17,done,17
Barotrauma/BarotraumaShared/SharedSource/Networking/INetSerializable.cs,43,done,43
Barotrauma/BarotraumaShared/SharedSource/Networking/INetSerializableStruct.cs,877,done,877
Barotrauma/BarotraumaShared/SharedSource/Networking/KarmaManager.cs,215,done,215
Barotrauma/BarotraumaShared/SharedSource/Networking/NetConfig.cs,110,done,110
Barotrauma/BarotraumaShared/SharedSource/Networking/NetEntityEvent/NetEntityEvent.cs,38,done,38
Barotrauma/BarotraumaShared/SharedSource/Networking/NetEntityEvent/NetEntityEventManager.cs,107,done,107
Barotrauma/BarotraumaShared/SharedSource/Networking/NetIdUtils.cs,104,done,104
Barotrauma/BarotraumaShared/SharedSource/Networking/NetworkMember.cs,265,done,265
Barotrauma/BarotraumaShared/SharedSource/Networking/OrderChatMessage.cs,228,done,230
Barotrauma/BarotraumaShared/SharedSource/Networking/Primitives/AccountInfo.cs,51,done,51
Barotrauma/BarotraumaShared/SharedSource/Networking/Primitives/Auth/AuthenticationTicket.cs,65,partial,64
Barotrauma/BarotraumaShared/SharedSource/Networking/Primitives/Auth/Authenticator.cs,38,partial,37
Barotrauma/BarotraumaShared/SharedSource/Networking/Primitives/Auth/EgsOwnershipTokenAuthenticator.cs,21,partial,20
Barotrauma/BarotraumaShared/SharedSource/Networking/Primitives/Auth/SteamAuthTicketForEosHostAuthenticator.cs,61,partial,60
Barotrauma/BarotraumaShared/SharedSource/Networking/Primitives/Auth/SteamAuthTicketForSteamHostAuthenticator.cs,77,partial,76
Barotrauma/BarotraumaShared/SharedSource/Networking/Primitives/Endpoint/Endpoint.cs,42,done,42
Barotrauma/BarotraumaShared/SharedSource/Networking/Primitives/Endpoint/EosP2PEndpoint.cs,32,done,32
Barotrauma/BarotraumaShared/SharedSource/Networking/Primitives/Endpoint/LidgrenEndpoint.cs,68,done,68
Barotrauma/BarotraumaShared/SharedSource/Networking/Primitives/Endpoint/P2PEndpoint.cs,12,done,12
Barotrauma/BarotraumaShared/SharedSource/Networking/Primitives/Endpoint/SteamP2PEndpoint.cs,28,done,28
Barotrauma/BarotraumaShared/SharedSource/Networking/Primitives/Message/Fragmentation/MessageDefragmenter.cs,40,done,40
Barotrauma/BarotraumaShared/SharedSource/Networking/Primitives/Message/Fragmentation/MessageFragment.cs,17,done,17
Barotrauma/BarotraumaShared/SharedSource/Networking/Primitives/Message/Fragmentation/MessageFragmenter.cs,38,done,38
Barotrauma/BarotraumaShared/SharedSource/Networking/Primitives/Message/IReadMessage.cs,38,done,38
Barotrauma/BarotraumaShared/SharedSource/Networking/Primitives/Message/IWriteMessage.cs,35,done,35
Barotrauma/BarotraumaShared/SharedSource/Networking/Primitives/Message/Message.cs,1034,partial,574
Barotrauma/BarotraumaShared/SharedSource/Networking/Primitives/NetworkConnection/EosP2PConnection.cs,10,done,10
Barotrauma/BarotraumaShared/SharedSource/Networking/Primitives/NetworkConnection/LidgrenConnection.cs,19,done,19
Barotrauma/BarotraumaShared/SharedSource/Networking/Primitives/NetworkConnection/NetworkConnection.cs,56,done,56
Barotrauma/BarotraumaShared/SharedSource/Networking/Primitives/NetworkConnection/P2PConnection.cs,30,done,30
Barotrauma/BarotraumaShared/SharedSource/Networking/Primitives/NetworkConnection/PipeConnection.cs,37,done,37
Barotrauma/BarotraumaShared/SharedSource/Networking/Primitives/NetworkConnection/SteamP2PConnection.cs,12,done,12
Barotrauma/BarotraumaShared/SharedSource/Networking/Primitives/NetworkExtensions.cs,66,partial,65
Barotrauma/BarotraumaShared/SharedSource/Networking/Primitives/NetworkPeerStructs.cs,340,done,340
Barotrauma/BarotraumaShared/SharedSource/Networking/RespawnManager.cs,540,done,540
Barotrauma/BarotraumaShared/SharedSource/Networking/ServerListContentPackageInfo.cs,23,done,23
Barotrauma/BarotraumaShared/SharedSource/Networking/ServerLog.cs,188,done,188
Barotrauma/BarotraumaShared/SharedSource/Networking/ServerSettings.cs,1577,done,1577
Barotrauma/BarotraumaShared/SharedSource/Networking/Voip/VoipConfig.cs,23,done,23
Barotrauma/BarotraumaShared/SharedSource/Networking/Voip/VoipQueue.cs,173,done,175
Barotrauma/BarotraumaShared/SharedSource/Networking/Voting.cs,65,done,65
Barotrauma/BarotraumaShared/SharedSource/PerformanceCounter.cs,128,new,0
Barotrauma/BarotraumaShared/SharedSource/Physics/Physics.cs,73,new,0
Barotrauma/BarotraumaShared/SharedSource/Physics/PhysicsBody.cs,1040,partial,120
Barotrauma/BarotraumaShared/SharedSource/PlayerInput.cs,123,new,0
Barotrauma/BarotraumaShared/SharedSource/Prefabs/IImplementsVariants.cs,184,new,0
Barotrauma/BarotraumaShared/SharedSource/Prefabs/Prefab.cs,63,new,0
Barotrauma/BarotraumaShared/SharedSource/Prefabs/PrefabCollection.cs,552,done,552
Barotrauma/BarotraumaShared/SharedSource/Prefabs/PrefabSelector.cs,174,new,0
Barotrauma/BarotraumaShared/SharedSource/Prefabs/PrefabWithUintIdentifier.cs,19,new,0
Barotrauma/BarotraumaShared/SharedSource/ProcGen/PerlinNoise.cs,183,new,0
Barotrauma/BarotraumaShared/SharedSource/ProcGen/Voronoi.cs,1014,new,0
Barotrauma/BarotraumaShared/SharedSource/ProcGen/VoronoiElements.cs,333,new,0
Barotrauma/BarotraumaShared/SharedSource/Screens/GameScreen.cs,342,new,0
Barotrauma/BarotraumaShared/SharedSource/Screens/NetLobbyScreen.cs,89,new,0
Barotrauma/BarotraumaShared/SharedSource/Screens/Screen.cs,56,new,0
Barotrauma/BarotraumaShared/SharedSource/Serialization/Editable/ConditionallyEditable.cs,96,done,96
Barotrauma/BarotraumaShared/SharedSource/Serialization/Editable/Editable.cs,62,new,0
Barotrauma/BarotraumaShared/SharedSource/Serialization/ISerializableEntity.cs,17,new,0
Barotrauma/BarotraumaShared/SharedSource/Serialization/SerializableProperty/SerializableProperty.cs,1202,partial,467
Barotrauma/BarotraumaShared/SharedSource/Serialization/StructSerialization.cs,233,new,0
Barotrauma/BarotraumaShared/SharedSource/Serialization/XMLExtensions.cs,1173,done,1173
Barotrauma/BarotraumaShared/SharedSource/Settings/CreatureMetrics.cs,134,new,0
Barotrauma/BarotraumaShared/SharedSource/Settings/GameSettings.cs,770,new,0
Barotrauma/BarotraumaShared/SharedSource/Settings/ServerLanguageOptions.cs,63,new,0
Barotrauma/BarotraumaShared/SharedSource/Sprite/ConditionalSprite.cs,45,new,0
Barotrauma/BarotraumaShared/SharedSource/Sprite/DeformableSprite.cs,29,new,0
Barotrauma/BarotraumaShared/SharedSource/Sprite/Sprite.cs,334,new,0
Barotrauma/BarotraumaShared/SharedSource/Sprite/SpriteSheet.cs,60,new,0
Barotrauma/BarotraumaShared/SharedSource/StatusEffects/DelayedEffect.cs,205,new,0
Barotrauma/BarotraumaShared/SharedSource/StatusEffects/PropertyConditional.cs,751,done,751
Barotrauma/BarotraumaShared/SharedSource/StatusEffects/StatusEffect.cs,3054,done,3054
Barotrauma/BarotraumaShared/SharedSource/Steam/AuthTicket.cs,98,new,0
Barotrauma/BarotraumaShared/SharedSource/Steam/RemoteStorageHelper.cs,105,new,0
Barotrauma/BarotraumaShared/SharedSource/Steam/SteamManager.cs,302,new,0
Barotrauma/BarotraumaShared/SharedSource/Steam/Workshop.cs,643,new,0
Barotrauma/BarotraumaShared/SharedSource/Tags.cs,173,new,0
Barotrauma/BarotraumaShared/SharedSource/Text/LocalizedString/AddedPunctuationLString.cs,35,new,0
Barotrauma/BarotraumaShared/SharedSource/Text/LocalizedString/CapitalizeLString.cs,25,new,0
Barotrauma/BarotraumaShared/SharedSource/Text/LocalizedString/ConcatLString.cs,22,new,0
Barotrauma/BarotraumaShared/SharedSource/Text/LocalizedString/FallbackLString.cs,61,new,0
Barotrauma/BarotraumaShared/SharedSource/Text/LocalizedString/FormattedLString.cs,33,new,0
Barotrauma/BarotraumaShared/SharedSource/Text/LocalizedString/InputTypeLString.cs,45,new,0
Barotrauma/BarotraumaShared/SharedSource/Text/LocalizedString/JoinLString.cs,24,new,0
Barotrauma/BarotraumaShared/SharedSource/Text/LocalizedString/LocalizedString.cs,195,new,0
Barotrauma/BarotraumaShared/SharedSource/Text/LocalizedString/LowerLString.cs,20,new,0
Barotrauma/BarotraumaShared/SharedSource/Text/LocalizedString/RawLString.cs,13,new,0
Barotrauma/BarotraumaShared/SharedSource/Text/LocalizedString/ReplaceLString.cs,75,new,0
Barotrauma/BarotraumaShared/SharedSource/Text/LocalizedString/ServerMsgLString.cs,185,new,0
Barotrauma/BarotraumaShared/SharedSource/Text/LocalizedString/SplitLString.cs,93,new,0
Barotrauma/BarotraumaShared/SharedSource/Text/LocalizedString/TagLString.cs,89,new,0
Barotrauma/BarotraumaShared/SharedSource/Text/LocalizedString/TrimLString.cs,30,new,0
Barotrauma/BarotraumaShared/SharedSource/Text/LocalizedString/UpperLString.cs,25,new,0
Barotrauma/BarotraumaShared/SharedSource/Text/RichString.cs,203,new,0
Barotrauma/BarotraumaShared/SharedSource/Text/TextManager.cs,635,new,0
Barotrauma/BarotraumaShared/SharedSource/Text/TextPack.cs,252,new,0
Barotrauma/BarotraumaShared/SharedSource/Timing.cs,60,new,0
Barotrauma/BarotraumaShared/SharedSource/Traitors/TraitorEvent.cs,125,done,125
Barotrauma/BarotraumaShared/SharedSource/Traitors/TraitorEventPrefab.cs,363,done,363
Barotrauma/BarotraumaShared/SharedSource/Traitors/TraitorManager.cs,49,partial,48
Barotrauma/BarotraumaShared/SharedSource/Upgrades/Upgrade.cs,401,new,0
Barotrauma/BarotraumaShared/SharedSource/Upgrades/UpgradePrefab.cs,717,new,0
Barotrauma/BarotraumaShared/SharedSource/Utils/AssemblyInfo.cs,69,new,0
Barotrauma/BarotraumaShared/SharedSource/Utils/CoordinateSpace2D.cs,26,new,0
Barotrauma/BarotraumaShared/SharedSource/Utils/CrossThread.cs,83,new,0
Barotrauma/BarotraumaShared/SharedSource/Utils/CursedDictionary.cs,231,new,0
Barotrauma/BarotraumaShared/SharedSource/Utils/Homoglyphs.cs,1897,done,1897
Barotrauma/BarotraumaShared/SharedSource/Utils/HttpUtility.cs,57,new,0
Barotrauma/BarotraumaShared/SharedSource/Utils/IdRemap.cs,136,new,0
Barotrauma/BarotraumaShared/SharedSource/Utils/LinkedPairSet.cs,79,new,0
Barotrauma/BarotraumaShared/SharedSource/Utils/ListDictionary.cs,55,new,0
Barotrauma/BarotraumaShared/SharedSource/Utils/MTRandom.cs,149,new,0
Barotrauma/BarotraumaShared/SharedSource/Utils/Md5Hash.cs,174,new,0
Barotrauma/BarotraumaShared/SharedSource/Utils/NetStructs/NetCollection.cs,17,new,0
Barotrauma/BarotraumaShared/SharedSource/Utils/NetStructs/NetDictionary.cs,42,new,0
Barotrauma/BarotraumaShared/SharedSource/Utils/NetStructs/NetLimitedString.cs,22,new,0
Barotrauma/BarotraumaShared/SharedSource/Utils/NetStructs/NetPair.cs,6,new,0
Barotrauma/BarotraumaShared/SharedSource/Utils/Rand.cs,138,new,0
Barotrauma/BarotraumaShared/SharedSource/Utils/ReadOnlyListExtensions.cs,26,new,0
Barotrauma/BarotraumaShared/SharedSource/Utils/RestFactory.cs,35,new,0
Barotrauma/BarotraumaShared/SharedSource/Utils/RichTextData.cs,88,new,0
Barotrauma/BarotraumaShared/SharedSource/Utils/SafeIO.cs,861,new,0
Barotrauma/BarotraumaShared/SharedSource/Utils/SaveUtil.cs,1044,done,1044
Barotrauma/BarotraumaShared/SharedSource/Utils/SegmentTable.cs,330,done,330
Barotrauma/BarotraumaShared/SharedSource/Utils/SerializableDateTime.cs,265,new,0
Barotrauma/BarotraumaShared/SharedSource/Utils/Shapes/Quad2D.cs,113,new,0
Barotrauma/BarotraumaShared/SharedSource/Utils/Shapes/Triangle2D.cs,21,new,0
Barotrauma/BarotraumaShared/SharedSource/Utils/TaskExtensions.cs,20,new,0
Barotrauma/BarotraumaShared/SharedSource/Utils/ToolBox.cs,941,new,0
Barotrauma/BarotraumaTest/ClientServer/ClientServerTests.cs,129,new,0
Barotrauma/BarotraumaTest/ClientServer/HeadlessNetworkClient.cs,62,new,0
Barotrauma/BarotraumaTest/CommonnessInfoTests.cs,86,new,0
Barotrauma/BarotraumaTest/CoordinateSpace2DTests.cs,56,new,0
Barotrauma/BarotraumaTest/EndpointComparisonTests.cs,15,new,0
Barotrauma/BarotraumaTest/EndpointParseTests.cs,67,new,0
Barotrauma/BarotraumaTest/EnumTests.cs,70,new,0
Barotrauma/BarotraumaTest/FabricatorQualityRollTests.cs,62,new,0
Barotrauma/BarotraumaTest/GenericToolBoxTests.cs,146,new,0
Barotrauma/BarotraumaTest/INetSerializableStructImplementationChecks.cs,119,new,0
Barotrauma/BarotraumaTest/INetSerializableStructTests.cs,333,new,0
Barotrauma/BarotraumaTest/MathUtilsTests.cs,123,new,0
Barotrauma/BarotraumaTest/NetIdUtilsTests.cs,20,new,0
Barotrauma/BarotraumaTest/PropertyConditionalTests.cs,69,new,0
Barotrauma/BarotraumaTest/SerializableDateTimeTests.cs,75,new,0
Barotrauma/BarotraumaTest/SplitEscapedTest.cs,63,new,0
Barotrauma/BarotraumaTest/TestExample.cs,122,new,0
Barotrauma/BarotraumaTest/TestProject.cs,40,new,0
Deploy/DeployAll/Deployables.cs,111,new,0
Deploy/DeployAll/DotnetCmd.cs,123,new,0
Deploy/DeployAll/EgsAssistant.cs,143,new,0
Deploy/DeployAll/GitCmd.cs,86,new,0
Deploy/DeployAll/Program.cs,67,new,0
Deploy/DeployAll/SteamPipeAssistant.cs,248,new,0
Deploy/DeployAll/Util.cs,155,new,0
Libraries/BarotraumaLibs/BarotraumaCore/Achievements/AchievementStats.cs,59,new,0
Libraries/BarotraumaLibs/BarotraumaCore/Debugging/DebugConsoleCore.cs,26,new,0
Libraries/BarotraumaLibs/BarotraumaCore/Extensions/ColorExtensions.cs,59,new,0
Libraries/BarotraumaLibs/BarotraumaCore/Extensions/EnumExtensions.cs,58,new,0
Libraries/BarotraumaLibs/BarotraumaCore/Extensions/EnumerableExtensionsCore.cs,26,new,0
Libraries/BarotraumaLibs/BarotraumaCore/Extensions/PointExtensions.cs,61,new,0
Libraries/BarotraumaLibs/BarotraumaCore/Extensions/RectangleExtensions.cs,108,new,0
Libraries/BarotraumaLibs/BarotraumaCore/Extensions/RngExtensions.cs,11,new,0
Libraries/BarotraumaLibs/BarotraumaCore/Extensions/StringExtensions.cs,66,new,0
Libraries/BarotraumaLibs/BarotraumaCore/Extensions/StringFormatter.cs,179,new,0
Libraries/BarotraumaLibs/BarotraumaCore/Extensions/StructExtensions.cs,16,new,0
Libraries/BarotraumaLibs/BarotraumaCore/Extensions/VectorExtensions.cs,103,new,0
Libraries/BarotraumaLibs/BarotraumaCore/Networking/Primitives/AccountId/AccountId.cs,27,new,0
Libraries/BarotraumaLibs/BarotraumaCore/Networking/Primitives/AccountId/EpicAccountId.cs,35,new,0
Libraries/BarotraumaLibs/BarotraumaCore/Networking/Primitives/AccountId/SteamId.cs,124,new,0
Libraries/BarotraumaLibs/BarotraumaCore/Networking/Primitives/AccountId/UnauthenticatedAccountId.cs,45,new,0
Libraries/BarotraumaLibs/BarotraumaCore/Networking/Primitives/Address/Address.cs,36,new,0
Libraries/BarotraumaLibs/BarotraumaCore/Networking/Primitives/Address/EosP2PAddress.cs,38,new,0
Libraries/BarotraumaLibs/BarotraumaCore/Networking/Primitives/Address/LidgrenAddress.cs,79,new,0
Libraries/BarotraumaLibs/BarotraumaCore/Networking/Primitives/Address/P2PAddress.cs,7,new,0
Libraries/BarotraumaLibs/BarotraumaCore/Networking/Primitives/Address/PipeAddress.cs,22,new,0
Libraries/BarotraumaLibs/BarotraumaCore/Networking/Primitives/Address/SteamP2PAddress.cs,33,new,0
Libraries/BarotraumaLibs/BarotraumaCore/Networking/Primitives/Address/UnknownAddress.cs,16,new,0
Libraries/BarotraumaLibs/BarotraumaCore/Networking/Primitives/NetworkEnums.cs,71,new,0
Libraries/BarotraumaLibs/BarotraumaCore/Social/FriendStatus.cs,9,new,0
Libraries/BarotraumaLibs/BarotraumaCore/Utils/CollectionConcat.cs,124,new,0
Libraries/BarotraumaLibs/BarotraumaCore/Utils/Either.cs,113,new,0
Libraries/BarotraumaLibs/BarotraumaCore/Utils/GameVersion.cs,9,new,0
Libraries/BarotraumaLibs/BarotraumaCore/Utils/IEnumerableExtensionsCore.cs,94,new,0
Libraries/BarotraumaLibs/BarotraumaCore/Utils/Identifier.cs,184,new,0
Libraries/BarotraumaLibs/BarotraumaCore/Utils/Janitor.cs,49,new,0
Libraries/BarotraumaLibs/BarotraumaCore/Utils/JsonWebToken.cs,74,new,0
Libraries/BarotraumaLibs/BarotraumaCore/Utils/MathUtils.cs,1218,new,0
Libraries/BarotraumaLibs/BarotraumaCore/Utils/NamedEvent.cs,50,new,0
Libraries/BarotraumaLibs/BarotraumaCore/Utils/OneOf.cs,49,new,0
Libraries/BarotraumaLibs/BarotraumaCore/Utils/Option/Option.cs,129,new,0
Libraries/BarotraumaLibs/BarotraumaCore/Utils/Range.cs,51,new,0
Libraries/BarotraumaLibs/BarotraumaCore/Utils/ReflectionUtils.cs,160,new,0
Libraries/BarotraumaLibs/BarotraumaCore/Utils/Result.cs,120,new,0
Libraries/BarotraumaLibs/BarotraumaCore/Utils/TaskExtensions.cs,40,new,0
Libraries/BarotraumaLibs/BarotraumaCore/Utils/TaskPool.cs,111,new,0
Libraries/BarotraumaLibs/BarotraumaCore/Utils/Threading.cs,34,new,0
Libraries/BarotraumaLibs/BarotraumaCore/Utils/ToolBoxCore.cs,102,new,0
Libraries/BarotraumaLibs/BarotraumaCore/Utils/TypePreviouslyKnownAs.cs,24,new,0
Libraries/BarotraumaLibs/BarotraumaCore/Utils/Unit.cs,8,new,0
Libraries/BarotraumaLibs/BarotraumaCore/Utils/UnreachableCodeException.cs,8,new,0
Libraries/BarotraumaLibs/EosInterface/Achievements/AchievementErrors.cs,45,new,0
Libraries/BarotraumaLibs/EosInterface/Achievements/Achievements.cs,55,new,0
Libraries/BarotraumaLibs/EosInterface/Core/ApplicationCredentials.cs,10,new,0
Libraries/BarotraumaLibs/EosInterface/Core/AssemblyInfo.cs,5,new,0
Libraries/BarotraumaLibs/EosInterface/Core/Core.cs,258,new,0
Libraries/BarotraumaLibs/EosInterface/Core/StatusExtensions.cs,13,new,0
Libraries/BarotraumaLibs/EosInterface/Friends/EgsFriend.cs,13,new,0
Libraries/BarotraumaLibs/EosInterface/Friends/Friends.cs,62,new,0
Libraries/BarotraumaLibs/EosInterface/Friends/Presence.cs,105,new,0
Libraries/BarotraumaLibs/EosInterface/IdAndAuth/EgsAuthContinuanceToken.cs,34,new,0
Libraries/BarotraumaLibs/EosInterface/IdAndAuth/EgsIdToken.cs,52,new,0
Libraries/BarotraumaLibs/EosInterface/IdAndAuth/EosConnectContinuanceToken.cs,37,new,0
Libraries/BarotraumaLibs/EosInterface/IdAndAuth/EosIdToken.cs,114,new,0
Libraries/BarotraumaLibs/EosInterface/IdAndAuth/IdQueries.cs,64,new,0
Libraries/BarotraumaLibs/EosInterface/IdAndAuth/Login.cs,206,new,0
Libraries/BarotraumaLibs/EosInterface/IdAndAuth/Ownership.cs,32,new,0
Libraries/BarotraumaLibs/EosInterface/IdAndAuth/ProductUserId.cs,13,new,0
Libraries/BarotraumaLibs/EosInterface/P2P/P2PSocket.cs,95,new,0
Libraries/BarotraumaLibs/EosInterface/P2P/SocketId.cs,6,new,0
Libraries/BarotraumaLibs/EosInterface/Sessions/Sessions.cs,167,new,0
Libraries/BarotraumaLibs/EosInterfacePrivate/InterfaceImpl/Achievements/AchievementsPrivate.cs,266,new,0
Libraries/BarotraumaLibs/EosInterfacePrivate/InterfaceImpl/Core/CorePrivate.cs,176,new,0
Libraries/BarotraumaLibs/EosInterfacePrivate/InterfaceImpl/Core/CustomTaskScheduler.cs,67,new,0
Libraries/BarotraumaLibs/EosInterfacePrivate/InterfaceImpl/Friends/FriendsPrivate.cs,249,new,0
Libraries/BarotraumaLibs/EosInterfacePrivate/InterfaceImpl/Friends/PresencePrivate.cs,465,new,0
Libraries/BarotraumaLibs/EosInterfacePrivate/InterfaceImpl/IdAndAuth/EgsIdTokenPrivate.cs,119,new,0
Libraries/BarotraumaLibs/EosInterfacePrivate/InterfaceImpl/IdAndAuth/EosIdTokenPrivate.cs,73,new,0
Libraries/BarotraumaLibs/EosInterfacePrivate/InterfaceImpl/IdAndAuth/IdQueriesPrivate.cs,222,new,0
Libraries/BarotraumaLibs/EosInterfacePrivate/InterfaceImpl/IdAndAuth/LoginPrivate.cs,708,new,0
Libraries/BarotraumaLibs/EosInterfacePrivate/InterfaceImpl/IdAndAuth/OwnershipPrivate.cs,158,new,0
Libraries/BarotraumaLibs/EosInterfacePrivate/InterfaceImpl/P2P/P2PSocketPrivate.cs,252,new,0
Libraries/BarotraumaLibs/EosInterfacePrivate/InterfaceImpl/Sessions/OwnedSessionsPrivate.cs,319,new,0
Libraries/BarotraumaLibs/EosInterfacePrivate/InterfaceImpl/Sessions/RemoteSessionsPrivate.cs,159,new,0
Libraries/BarotraumaLibs/EosInterfacePrivate/InterfaceImpl/Util/CallbackWaiter.cs,50,new,0
Libraries/BarotraumaLibs/EosInterfacePrivate/InterfaceImpl/Util/ResultExtension.cs,14,new,0
Libraries/Concentus/CSharp/Concentus/Celt/AutocorrelationUnsafe.cs,300,new,0
Libraries/Concentus/CSharp/Concentus/Celt/Bands.cs,1714,new,0
Libraries/Concentus/CSharp/Concentus/Celt/CWRS.cs,319,new,0
Libraries/Concentus/CSharp/Concentus/Celt/CeltCommon.cs,1406,new,0
Libraries/Concentus/CSharp/Concentus/Celt/CeltConstants.cs,93,new,0
Libraries/Concentus/CSharp/Concentus/Celt/CeltLPC.cs,159,new,0
Libraries/Concentus/CSharp/Concentus/Celt/CeltLPCUnsafe.cs,163,new,0
Libraries/Concentus/CSharp/Concentus/Celt/CeltPitchXCorr.cs,154,new,0
Libraries/Concentus/CSharp/Concentus/Celt/CeltPitchXCorrUnsafe.cs,255,new,0
Libraries/Concentus/CSharp/Concentus/Celt/Enums/Spread.cs,45,new,0
Libraries/Concentus/CSharp/Concentus/Celt/Kernels.cs,354,new,0
Libraries/Concentus/CSharp/Concentus/Celt/KernelsUnsafe.cs,352,new,0
Libraries/Concentus/CSharp/Concentus/Celt/KissFFT.cs,455,new,0
Libraries/Concentus/CSharp/Concentus/Celt/KissFFTUnsafe.cs,456,new,0
Libraries/Concentus/CSharp/Concentus/Celt/Laplace.cs,157,new,0
Libraries/Concentus/CSharp/Concentus/Celt/MDCT.cs,370,new,0
Libraries/Concentus/CSharp/Concentus/Celt/Pitch.cs,506,new,0
Libraries/Concentus/CSharp/Concentus/Celt/QuantizeBands.cs,524,new,0
Libraries/Concentus/CSharp/Concentus/Celt/Rate.cs,519,new,0
Libraries/Concentus/CSharp/Concentus/Celt/Structs/AnalysisInfo.cs,74,new,0
Libraries/Concentus/CSharp/Concentus/Celt/Structs/CELTDecoder.cs,873,new,0
Libraries/Concentus/CSharp/Concentus/Celt/Structs/CELTMode.cs,118,new,0
Libraries/Concentus/CSharp/Concentus/Celt/Structs/CeltEncoder.cs,1300,new,0
Libraries/Concentus/CSharp/Concentus/Celt/Structs/FFTState.cs,54,new,0
Libraries/Concentus/CSharp/Concentus/Celt/Structs/MDCTLookup.cs,59,new,0
Libraries/Concentus/CSharp/Concentus/Celt/Structs/PulseCache.cs,59,new,0
Libraries/Concentus/CSharp/Concentus/Celt/Tables.cs,1128,new,0
Libraries/Concentus/CSharp/Concentus/Celt/VQ.cs,430,new,0
Libraries/Concentus/CSharp/Concentus/Common/Autocorrelation.cs,284,new,0
Libraries/Concentus/CSharp/Concentus/Common/CPlusPlus/Arrays.cs,221,new,0
Libraries/Concentus/CSharp/Concentus/Common/CPlusPlus/BoxedValue.cs,97,new,0
Libraries/Concentus/CSharp/Concentus/Common/CPlusPlus/Pointer.cs,563,new,0
Libraries/Concentus/CSharp/Concentus/Common/EntropyCoder.cs,790,new,0
Libraries/Concentus/CSharp/Concentus/Common/Inlines.cs,2714,new,0
Libraries/Concentus/CSharp/Concentus/Common/Resampler.cs,1035,new,0
Libraries/Concentus/CSharp/Concentus/Opus/Analysis.cs,590,new,0
Libraries/Concentus/CSharp/Concentus/Opus/CodecHelpers.cs,712,new,0
Libraries/Concentus/CSharp/Concentus/Opus/Downmix.cs,125,new,0
Libraries/Concentus/CSharp/Concentus/Opus/Enums/OpusApplication.cs,57,new,0
Libraries/Concentus/CSharp/Concentus/Opus/Enums/OpusBandwidth.cs,70,new,0
Libraries/Concentus/CSharp/Concentus/Opus/Enums/OpusControl.cs,94,new,0
Libraries/Concentus/CSharp/Concentus/Opus/Enums/OpusError.cs,68,new,0
Libraries/Concentus/CSharp/Concentus/Opus/Enums/OpusFramesize.cs,80,new,0
Libraries/Concentus/CSharp/Concentus/Opus/Enums/OpusMode.cs,45,new,0
Libraries/Concentus/CSharp/Concentus/Opus/Enums/OpusSignal.cs,52,new,0
Libraries/Concentus/CSharp/Concentus/Opus/MultiLayerPerceptron.cs,111,new,0
Libraries/Concentus/CSharp/Concentus/Opus/OpusCompare.cs,340,new,0
Libraries/Concentus/CSharp/Concentus/Opus/OpusConstants.cs,66,new,0
Libraries/Concentus/CSharp/Concentus/Opus/OpusException.cs,46,new,0
Libraries/Concentus/CSharp/Concentus/Opus/OpusMultistream.cs,99,new,0
Libraries/Concentus/CSharp/Concentus/Opus/Structs/ChannelLayout.cs,60,new,0
Libraries/Concentus/CSharp/Concentus/Opus/Structs/MLP.cs,52,new,0
Libraries/Concentus/CSharp/Concentus/Opus/Structs/OpusDecoder.cs,933,new,0
Libraries/Concentus/CSharp/Concentus/Opus/Structs/OpusEncoder.cs,2050,new,0
Libraries/Concentus/CSharp/Concentus/Opus/Structs/OpusMSDecoder.cs,438,new,0
Libraries/Concentus/CSharp/Concentus/Opus/Structs/OpusMSEncoder.cs,1168,new,0
Libraries/Concentus/CSharp/Concentus/Opus/Structs/OpusPacketInfo.cs,470,new,0
Libraries/Concentus/CSharp/Concentus/Opus/Structs/OpusRepacketizer.cs,573,new,0
Libraries/Concentus/CSharp/Concentus/Opus/Structs/StereoWidthState.cs,61,new,0
Libraries/Concentus/CSharp/Concentus/Opus/Structs/TonalityAnalysisState.cs,140,new,0
Libraries/Concentus/CSharp/Concentus/Opus/Structs/VorbisLayout.cs,69,new,0
Libraries/Concentus/CSharp/Concentus/Opus/Tables.cs,298,new,0
Libraries/Concentus/CSharp/Concentus/Silk/ApplySineWindow.cs,118,new,0
Libraries/Concentus/CSharp/Concentus/Silk/BWExpander.cs,90,new,0
Libraries/Concentus/CSharp/Concentus/Silk/BurgModified.cs,326,new,0
Libraries/Concentus/CSharp/Concentus/Silk/BurgModifiedUnsafe.cs,336,new,0
Libraries/Concentus/CSharp/Concentus/Silk/CNG.cs,232,new,0
Libraries/Concentus/CSharp/Concentus/Silk/CodeSigns.cs,150,new,0
Libraries/Concentus/CSharp/Concentus/Silk/CorrelateMatrix.cs,186,new,0
Libraries/Concentus/CSharp/Concentus/Silk/DecodeAPI.cs,461,new,0
Libraries/Concentus/CSharp/Concentus/Silk/DecodeCore.cs,278,new,0
Libraries/Concentus/CSharp/Concentus/Silk/DecodeIndices.cs,179,new,0
Libraries/Concentus/CSharp/Concentus/Silk/DecodeParameters.cs,141,new,0
Libraries/Concentus/CSharp/Concentus/Silk/DecodePitch.cs,90,new,0
Libraries/Concentus/CSharp/Concentus/Silk/DecodePulses.cs,136,new,0
Libraries/Concentus/CSharp/Concentus/Silk/EncodeAPI.cs,740,new,0
Libraries/Concentus/CSharp/Concentus/Silk/EncodeIndices.cs,223,new,0
Libraries/Concentus/CSharp/Concentus/Silk/EncodePulses.cs,278,new,0
Libraries/Concentus/CSharp/Concentus/Silk/Enums/DecoderAPIFlag.cs,41,new,0
Libraries/Concentus/CSharp/Concentus/Silk/Enums/SilkError.cs,91,new,0
Libraries/Concentus/CSharp/Concentus/Silk/Filters.cs,714,new,0
Libraries/Concentus/CSharp/Concentus/Silk/FindLPC.cs,184,new,0
Libraries/Concentus/CSharp/Concentus/Silk/FindLTP.cs,295,new,0
Libraries/Concentus/CSharp/Concentus/Silk/FindPitchLags.cs,167,new,0
Libraries/Concentus/CSharp/Concentus/Silk/FindPredCoefs.cs,171,new,0
Libraries/Concentus/CSharp/Concentus/Silk/GainQuantization.cs,187,new,0
Libraries/Concentus/CSharp/Concentus/Silk/HPVariableCutoff.cs,90,new,0
Libraries/Concentus/CSharp/Concentus/Silk/K2A.cs,92,new,0
Libraries/Concentus/CSharp/Concentus/Silk/LPCInversePredGain.cs,169,new,0
Libraries/Concentus/CSharp/Concentus/Silk/LTPAnalysisFilter.cs,103,new,0
Libraries/Concentus/CSharp/Concentus/Silk/LTPScaleControl.cs,66,new,0
Libraries/Concentus/CSharp/Concentus/Silk/LinearAlgebra.cs,245,new,0
Libraries/Concentus/CSharp/Concentus/Silk/NLSF.cs,1272,new,0
Libraries/Concentus/CSharp/Concentus/Silk/NoiseShapeAnalysis.cs,498,new,0
Libraries/Concentus/CSharp/Concentus/Silk/PLC.cs,486,new,0
Libraries/Concentus/CSharp/Concentus/Silk/PitchAnalysisCore.cs,792,new,0
Libraries/Concentus/CSharp/Concentus/Silk/ProcessGains.cs,143,new,0
Libraries/Concentus/CSharp/Concentus/Silk/QuantizeLTPGains.cs,153,new,0
Libraries/Concentus/CSharp/Concentus/Silk/RegularizeCorrelations.cs,61,new,0
Libraries/Concentus/CSharp/Concentus/Silk/Resampler.cs,744,new,0
Libraries/Concentus/CSharp/Concentus/Silk/ResidualEnergy.cs,193,new,0
Libraries/Concentus/CSharp/Concentus/Silk/Schur.cs,198,new,0
Libraries/Concentus/CSharp/Concentus/Silk/ShellCoder.cs,206,new,0
Libraries/Concentus/CSharp/Concentus/Silk/Sigmoid.cs,93,new,0
Libraries/Concentus/CSharp/Concentus/Silk/SilkConstants.cs,311,new,0
Libraries/Concentus/CSharp/Concentus/Silk/Sort.cs,184,new,0
Libraries/Concentus/CSharp/Concentus/Silk/Stereo.cs,543,new,0
Libraries/Concentus/CSharp/Concentus/Silk/Structs/CNGState.cs,59,new,0
Libraries/Concentus/CSharp/Concentus/Silk/Structs/DecControlState.cs,72,new,0
Libraries/Concentus/CSharp/Concentus/Silk/Structs/EncControlState.cs,217,new,0
Libraries/Concentus/CSharp/Concentus/Silk/Structs/NLSFCodebook.cs,108,new,0
Libraries/Concentus/CSharp/Concentus/Silk/Structs/PLCStruct.cs,75,new,0
Libraries/Concentus/CSharp/Concentus/Silk/Structs/SideInfoIndices.cs,88,new,0
Libraries/Concentus/CSharp/Concentus/Silk/Structs/SilkChannelDecoder.cs,359,new,0
Libraries/Concentus/CSharp/Concentus/Silk/Structs/SilkChannelEncoder.cs,1264,new,0
Libraries/Concentus/CSharp/Concentus/Silk/Structs/SilkDecoder.cs,70,new,0
Libraries/Concentus/CSharp/Concentus/Silk/Structs/SilkDecoderControl.cs,63,new,0
Libraries/Concentus/CSharp/Concentus/Silk/Structs/SilkEncoder.cs,105,new,0
Libraries/Concentus/CSharp/Concentus/Silk/Structs/SilkEncoderControl.cs,105,new,0
Libraries/Concentus/CSharp/Concentus/Silk/Structs/SilkLPState.cs,108,new,0
Libraries/Concentus/CSharp/Concentus/Silk/Structs/SilkNSQState.cs,1742,new,0
Libraries/Concentus/CSharp/Concentus/Silk/Structs/SilkPrefilterState.cs,70,new,0
Libraries/Concentus/CSharp/Concentus/Silk/Structs/SilkResamplerState.cs,94,new,0
Libraries/Concentus/CSharp/Concentus/Silk/Structs/SilkShapeState.cs,57,new,0
Libraries/Concentus/CSharp/Concentus/Silk/Structs/SilkVADState.cs,108,new,0
Libraries/Concentus/CSharp/Concentus/Silk/Structs/StereoDecodeState.cs,52,new,0
Libraries/Concentus/CSharp/Concentus/Silk/Structs/StereoEncodeState.cs,71,new,0
Libraries/Concentus/CSharp/Concentus/Silk/Structs/TOCStruct.cs,66,new,0
Libraries/Concentus/CSharp/Concentus/Silk/SumSqrShift.cs,179,new,0
Libraries/Concentus/CSharp/Concentus/Silk/Tables.cs,1065,new,0
Libraries/Concentus/CSharp/Concentus/Silk/TuningParameters.cs,174,new,0
Libraries/Concentus/CSharp/Concentus/Silk/VQ_WMat_EC.cs,134,new,0
Libraries/Concentus/CSharp/Concentus/Silk/VoiceActivityDetection.cs,409,new,0
Libraries/Facepunch.Steamworks/Callbacks/CallResult.cs,102,new,0
Libraries/Facepunch.Steamworks/Callbacks/ICallbackData.cs,17,new,0
Libraries/Facepunch.Steamworks/Classes/AuthTicket.cs,33,new,0
Libraries/Facepunch.Steamworks/Classes/Dispatch.cs,342,new,0
Libraries/Facepunch.Steamworks/Classes/SteamApi.cs,54,new,0
Libraries/Facepunch.Steamworks/Classes/SteamGameServer.cs,40,new,0
Libraries/Facepunch.Steamworks/Classes/SteamInternal.cs,28,new,0
Libraries/Facepunch.Steamworks/Enum/LeaderboardDisplay.cs,20,new,0
Libraries/Facepunch.Steamworks/Enum/LeaderboardSort.cs,15,new,0
Libraries/Facepunch.Steamworks/Enum/SendType.cs,42,new,0
Libraries/Facepunch.Steamworks/Generated/CustomEnums.cs,454,new,0
Libraries/Facepunch.Steamworks/Generated/Interfaces/ISteamAppList.cs,83,new,0
Libraries/Facepunch.Steamworks/Generated/Interfaces/ISteamApps.cs,416,new,0
Libraries/Facepunch.Steamworks/Generated/Interfaces/ISteamClient.cs,428,new,0
Libraries/Facepunch.Steamworks/Generated/Interfaces/ISteamController.cs,396,new,0
Libraries/Facepunch.Steamworks/Generated/Interfaces/ISteamFriends.cs,924,new,0
Libraries/Facepunch.Steamworks/Generated/Interfaces/ISteamGameSearch.cs,186,new,0
Libraries/Facepunch.Steamworks/Generated/Interfaces/ISteamGameServer.cs,472,new,0
Libraries/Facepunch.Steamworks/Generated/Interfaces/ISteamGameServerStats.cs,151,new,0
Libraries/Facepunch.Steamworks/Generated/Interfaces/ISteamHTMLSurface.cs,413,new,0
Libraries/Facepunch.Steamworks/Generated/Interfaces/ISteamHTTP.cs,338,new,0
Libraries/Facepunch.Steamworks/Generated/Interfaces/ISteamInput.cs,529,new,0
Libraries/Facepunch.Steamworks/Generated/Interfaces/ISteamInventory.cs,488,new,0
Libraries/Facepunch.Steamworks/Generated/Interfaces/ISteamMatchmaking.cs,462,new,0
Libraries/Facepunch.Steamworks/Generated/Interfaces/ISteamMatchmakingPingResponse.cs,38,new,0
Libraries/Facepunch.Steamworks/Generated/Interfaces/ISteamMatchmakingPlayersResponse.cs,49,new,0
Libraries/Facepunch.Steamworks/Generated/Interfaces/ISteamMatchmakingRulesResponse.cs,50,new,0
Libraries/Facepunch.Steamworks/Generated/Interfaces/ISteamMatchmakingServerListResponse.cs,48,new,0
Libraries/Facepunch.Steamworks/Generated/Interfaces/ISteamMatchmakingServers.cs,208,new,0
Libraries/Facepunch.Steamworks/Generated/Interfaces/ISteamMusic.cs,121,new,0
Libraries/Facepunch.Steamworks/Generated/Interfaces/ISteamMusicRemote.cs,414,new,0
Libraries/Facepunch.Steamworks/Generated/Interfaces/ISteamNetworking.cs,135,new,0
Libraries/Facepunch.Steamworks/Generated/Interfaces/ISteamNetworkingFakeUDPPort.cs,60,new,0
Libraries/Facepunch.Steamworks/Generated/Interfaces/ISteamNetworkingMessages.cs,97,new,0
Libraries/Facepunch.Steamworks/Generated/Interfaces/ISteamNetworkingSockets.cs,561,new,0
Libraries/Facepunch.Steamworks/Generated/Interfaces/ISteamNetworkingUtils.cs,502,new,0
Libraries/Facepunch.Steamworks/Generated/Interfaces/ISteamParentalSettings.cs,97,new,0
Libraries/Facepunch.Steamworks/Generated/Interfaces/ISteamParties.cs,166,new,0
Libraries/Facepunch.Steamworks/Generated/Interfaces/ISteamRemotePlay.cs,116,new,0
Libraries/Facepunch.Steamworks/Generated/Interfaces/ISteamRemoteStorage.cs,441,new,0
Libraries/Facepunch.Steamworks/Generated/Interfaces/ISteamScreenshots.cs,131,new,0
Libraries/Facepunch.Steamworks/Generated/Interfaces/ISteamTimeline.cs,231,new,0
Libraries/Facepunch.Steamworks/Generated/Interfaces/ISteamUGC.cs,1158,new,0
Libraries/Facepunch.Steamworks/Generated/Interfaces/ISteamUser.cs,395,new,0
Libraries/Facepunch.Steamworks/Generated/Interfaces/ISteamUserStats.cs,561,new,0
Libraries/Facepunch.Steamworks/Generated/Interfaces/ISteamUtils.cs,454,new,0
Libraries/Facepunch.Steamworks/Generated/Interfaces/ISteamVideo.cs,72,new,0
Libraries/Facepunch.Steamworks/Generated/SteamCallbacks.cs,3124,new,0
Libraries/Facepunch.Steamworks/Generated/SteamConstants.cs,110,new,0
Libraries/Facepunch.Steamworks/Generated/SteamEnums.cs,2516,new,0
Libraries/Facepunch.Steamworks/Generated/SteamStructFunctions.cs,253,new,0
Libraries/Facepunch.Steamworks/Generated/SteamStructs.cs,197,new,0
Libraries/Facepunch.Steamworks/Generated/SteamTypes.cs,665,new,0
Libraries/Facepunch.Steamworks/Interfaces/ISteamMatchmakingServers.cs,42,new,0
Libraries/Facepunch.Steamworks/Networking/BroadcastBufferManager.cs,282,new,0
Libraries/Facepunch.Steamworks/Networking/Connection.cs,172,new,0
Libraries/Facepunch.Steamworks/Networking/ConnectionInfo.cs,45,new,0
Libraries/Facepunch.Steamworks/Networking/ConnectionLaneStatus.cs,34,new,0
Libraries/Facepunch.Steamworks/Networking/ConnectionManager.cs,277,new,0
Libraries/Facepunch.Steamworks/Networking/ConnectionStatus.cs,77,new,0
Libraries/Facepunch.Steamworks/Networking/Delegates.cs,28,new,0
Libraries/Facepunch.Steamworks/Networking/IConnectionManager.cs,28,new,0
Libraries/Facepunch.Steamworks/Networking/ISocketManager.cs,28,new,0
Libraries/Facepunch.Steamworks/Networking/NetAddress.cs,183,new,0
Libraries/Facepunch.Steamworks/Networking/NetErrorMessage.cs,10,new,0
Libraries/Facepunch.Steamworks/Networking/NetIdentity.cs,127,new,0
Libraries/Facepunch.Steamworks/Networking/NetKeyValue.cs,31,new,0
Libraries/Facepunch.Steamworks/Networking/NetMsg.cs,24,new,0
Libraries/Facepunch.Steamworks/Networking/NetPingLocation.cs,68,new,0
Libraries/Facepunch.Steamworks/Networking/Socket.cs,31,new,0
Libraries/Facepunch.Steamworks/Networking/SocketManager.cs,176,new,0
Libraries/Facepunch.Steamworks/Networking/SteamDatagramRelayAuthTicket.cs,12,new,0
Libraries/Facepunch.Steamworks/ServerList/Base.cs,218,new,0
Libraries/Facepunch.Steamworks/ServerList/Favourites.cs,14,new,0
Libraries/Facepunch.Steamworks/ServerList/Friends.cs,14,new,0
Libraries/Facepunch.Steamworks/ServerList/History.cs,14,new,0
Libraries/Facepunch.Steamworks/ServerList/Internet.cs,14,new,0
Libraries/Facepunch.Steamworks/ServerList/IpList.cs,75,new,0
Libraries/Facepunch.Steamworks/ServerList/LocalNetwork.cs,13,new,0
Libraries/Facepunch.Steamworks/ServerList/ServerFilterMarshaler.cs,58,new,0
Libraries/Facepunch.Steamworks/SteamApps.cs,321,new,0
Libraries/Facepunch.Steamworks/SteamClient.cs,222,new,0
Libraries/Facepunch.Steamworks/SteamFriends.cs,463,new,0
Libraries/Facepunch.Steamworks/SteamInput.cs,150,new,0
Libraries/Facepunch.Steamworks/SteamInventory.cs,373,new,0
Libraries/Facepunch.Steamworks/SteamMatchmaking.cs,247,new,0
Libraries/Facepunch.Steamworks/SteamMatchmakingServers.cs,25,new,0
Libraries/Facepunch.Steamworks/SteamMusic.cs,89,new,0
Libraries/Facepunch.Steamworks/SteamNetworking.cs,174,new,0
Libraries/Facepunch.Steamworks/SteamNetworkingSockets.cs,370,new,0
Libraries/Facepunch.Steamworks/SteamNetworkingUtils.cs,513,new,0
Libraries/Facepunch.Steamworks/SteamParental.cs,68,new,0
Libraries/Facepunch.Steamworks/SteamParties.cs,68,new,0
Libraries/Facepunch.Steamworks/SteamRemotePlay.cs,61,new,0
Libraries/Facepunch.Steamworks/SteamRemoteStorage.cs,205,new,0
Libraries/Facepunch.Steamworks/SteamScreenshots.cs,110,new,0
Libraries/Facepunch.Steamworks/SteamServer.cs,482,new,0
Libraries/Facepunch.Steamworks/SteamServerStats.cs,148,new,0
Libraries/Facepunch.Steamworks/SteamTimeline.cs,221,new,0
Libraries/Facepunch.Steamworks/SteamUgc.cs,253,new,0
Libraries/Facepunch.Steamworks/SteamUser.cs,600,new,0
Libraries/Facepunch.Steamworks/SteamUserStats.cs,270,new,0
Libraries/Facepunch.Steamworks/SteamUtils.cs,309,new,0
Libraries/Facepunch.Steamworks/SteamVideo.cs,59,new,0
Libraries/Facepunch.Steamworks/Steamworks.NET/SteamMatchmakingResponses.cs,175,new,0
Libraries/Facepunch.Steamworks/Structs/Achievement.cs,166,new,0
Libraries/Facepunch.Steamworks/Structs/AppId.cs,33,new,0
Libraries/Facepunch.Steamworks/Structs/Clan.cs,54,new,0
Libraries/Facepunch.Steamworks/Structs/Controller.cs,97,new,0
Libraries/Facepunch.Steamworks/Structs/DepotId.cs,30,new,0
Libraries/Facepunch.Steamworks/Structs/DlcInformation.cs,29,new,0
Libraries/Facepunch.Steamworks/Structs/DownloadProgress.cs,34,new,0
Libraries/Facepunch.Steamworks/Structs/DurationControl.cs,42,new,0
Libraries/Facepunch.Steamworks/Structs/FileDetails.cs,21,new,0
Libraries/Facepunch.Steamworks/Structs/Friend.cs,283,new,0
Libraries/Facepunch.Steamworks/Structs/GameId.cs,86,new,0
Libraries/Facepunch.Steamworks/Structs/GamePhaseRecordingInfo.cs,10,new,0
Libraries/Facepunch.Steamworks/Structs/Image.cs,51,new,0
Libraries/Facepunch.Steamworks/Structs/InventoryDef.cs,241,new,0
Libraries/Facepunch.Steamworks/Structs/InventoryItem.cs,178,new,0
Libraries/Facepunch.Steamworks/Structs/InventoryPurchaseResult.cs,16,new,0
Libraries/Facepunch.Steamworks/Structs/InventoryRecipe.cs,104,new,0
Libraries/Facepunch.Steamworks/Structs/InventoryResult.cs,118,new,0
Libraries/Facepunch.Steamworks/Structs/Leaderboard.cs,170,new,0
Libraries/Facepunch.Steamworks/Structs/LeaderboardEntry.cs,31,new,0
Libraries/Facepunch.Steamworks/Structs/LeaderboardUpdate.cs,22,new,0
Libraries/Facepunch.Steamworks/Structs/Lobby.cs,285,new,0
Libraries/Facepunch.Steamworks/Structs/LobbyQuery.cs,279,new,0
Libraries/Facepunch.Steamworks/Structs/MatchMakingKeyValuePair.cs,16,new,0
Libraries/Facepunch.Steamworks/Structs/NumericalFilter.cs,16,new,0
Libraries/Facepunch.Steamworks/Structs/OutgoingPacket.cs,30,new,0
Libraries/Facepunch.Steamworks/Structs/P2PSessionState.cs,31,new,0
Libraries/Facepunch.Steamworks/Structs/P2Packet.cs,8,new,0
Libraries/Facepunch.Steamworks/Structs/PartyBeacon.cs,83,new,0
Libraries/Facepunch.Steamworks/Structs/RemotePlaySession.cs,38,new,0
Libraries/Facepunch.Steamworks/Structs/Screenshot.cs,37,new,0
Libraries/Facepunch.Steamworks/Structs/Server.cs,145,new,0
Libraries/Facepunch.Steamworks/Structs/ServerInit.cs,77,new,0
Libraries/Facepunch.Steamworks/Structs/Stat.cs,154,new,0
Libraries/Facepunch.Steamworks/Structs/SteamId.cs,32,new,0
Libraries/Facepunch.Steamworks/Structs/SteamIpAddress.cs,26,new,0
Libraries/Facepunch.Steamworks/Structs/SteamParamStringArray.cs,45,new,0
Libraries/Facepunch.Steamworks/Structs/Ugc.cs,13,new,0
Libraries/Facepunch.Steamworks/Structs/UgcAdditionalPreview.cs,22,new,0
Libraries/Facepunch.Steamworks/Structs/UgcEditor.cs,315,new,0
Libraries/Facepunch.Steamworks/Structs/UgcItem.cs,439,new,0
Libraries/Facepunch.Steamworks/Structs/UgcQuery.cs,329,new,0
Libraries/Facepunch.Steamworks/Structs/UgcResultPage.cs,135,new,0
Libraries/Facepunch.Steamworks/Structs/UserItemVote.cs,21,new,0
Libraries/Facepunch.Steamworks/Utility/Epoch.cs,24,new,0
Libraries/Facepunch.Steamworks/Utility/Helpers.cs,128,new,0
Libraries/Facepunch.Steamworks/Utility/Platform.cs,24,new,0
Libraries/Facepunch.Steamworks/Utility/SourceServerQuery.cs,79,new,0
Libraries/Facepunch.Steamworks/Utility/SteamInterface.cs,146,new,0
Libraries/Facepunch.Steamworks/Utility/Utf8String.cs,78,new,0
Libraries/Facepunch.Steamworks/Utility/Utility.cs,120,new,0
Libraries/Farseer Physics Engine 3.5/Collision/Collision.cs,1871,new,0
Libraries/Farseer Physics Engine 3.5/Collision/Distance.cs,803,new,0
Libraries/Farseer Physics Engine 3.5/Collision/DynamicTree.cs,1140,new,0
Libraries/Farseer Physics Engine 3.5/Collision/DynamicTreeBroadPhase.cs,364,new,0
Libraries/Farseer Physics Engine 3.5/Collision/IBroadPhase.cs,39,new,0
Libraries/Farseer Physics Engine 3.5/Collision/QuadTree.cs,276,new,0
Libraries/Farseer Physics Engine 3.5/Collision/QuadTreeBroadPhase.cs,261,new,0
Libraries/Farseer Physics Engine 3.5/Collision/Shapes/ChainShape.cs,267,new,0
Libraries/Farseer Physics Engine 3.5/Collision/Shapes/CircleShape.cs,211,new,0
Libraries/Farseer Physics Engine 3.5/Collision/Shapes/EdgeShape.cs,286,new,0
Libraries/Farseer Physics Engine 3.5/Collision/Shapes/PolygonShape.cs,494,new,0
Libraries/Farseer Physics Engine 3.5/Collision/Shapes/Shape.cs,238,new,0
Libraries/Farseer Physics Engine 3.5/Collision/TimeOfImpact.cs,500,new,0
Libraries/Farseer Physics Engine 3.5/Common/ConvexHull/ChainHull.cs,148,new,0
Libraries/Farseer Physics Engine 3.5/Common/ConvexHull/GiftWrap.cs,93,new,0
Libraries/Farseer Physics Engine 3.5/Common/ConvexHull/Melkman.cs,137,new,0
Libraries/Farseer Physics Engine 3.5/Common/Curve.cs,273,new,0
Libraries/Farseer Physics Engine 3.5/Common/CurveKey.cs,167,new,0
Libraries/Farseer Physics Engine 3.5/Common/CurveKeyCollection.cs,176,new,0
Libraries/Farseer Physics Engine 3.5/Common/Decomposition/BayazitDecomposer.cs,248,new,0
Libraries/Farseer Physics Engine 3.5/Common/Decomposition/CDT/Delaunay/DelaunayTriangle.cs,422,new,0
Libraries/Farseer Physics Engine 3.5/Common/Decomposition/CDT/Delaunay/Sweep/AdvancingFront.cs,185,new,0
Libraries/Farseer Physics Engine 3.5/Common/Decomposition/CDT/Delaunay/Sweep/AdvancingFrontNode.cs,69,new,0
Libraries/Farseer Physics Engine 3.5/Common/Decomposition/CDT/Delaunay/Sweep/DTSweep.cs,1144,new,0
Libraries/Farseer Physics Engine 3.5/Common/Decomposition/CDT/Delaunay/Sweep/DTSweepConstraint.cs,71,new,0
Libraries/Farseer Physics Engine 3.5/Common/Decomposition/CDT/Delaunay/Sweep/DTSweepContext.cs,241,new,0
Libraries/Farseer Physics Engine 3.5/Common/Decomposition/CDT/Delaunay/Sweep/DTSweepPointComparator.cs,74,new,0
Libraries/Farseer Physics Engine 3.5/Common/Decomposition/CDT/Delaunay/Sweep/PointOnEdgeException.cs,48,new,0
Libraries/Farseer Physics Engine 3.5/Common/Decomposition/CDT/ITriangulatable.cs,53,new,0
Libraries/Farseer Physics Engine 3.5/Common/Decomposition/CDT/Orientation.cs,45,new,0
Libraries/Farseer Physics Engine 3.5/Common/Decomposition/CDT/Polygon/Polygon.cs,274,new,0
Libraries/Farseer Physics Engine 3.5/Common/Decomposition/CDT/Polygon/PolygonPoint.cs,53,new,0
Libraries/Farseer Physics Engine 3.5/Common/Decomposition/CDT/Polygon/PolygonSet.cs,70,new,0
Libraries/Farseer Physics Engine 3.5/Common/Decomposition/CDT/Sets/ConstrainedPointSet.cs,119,new,0
Libraries/Farseer Physics Engine 3.5/Common/Decomposition/CDT/Sets/PointSet.cs,89,new,0
Libraries/Farseer Physics Engine 3.5/Common/Decomposition/CDT/TriangulationConstraint.cs,51,new,0
Libraries/Farseer Physics Engine 3.5/Common/Decomposition/CDT/TriangulationContext.cs,83,new,0
Libraries/Farseer Physics Engine 3.5/Common/Decomposition/CDT/TriangulationMode.cs,45,new,0
Libraries/Farseer Physics Engine 3.5/Common/Decomposition/CDT/TriangulationPoint.cs,87,new,0
Libraries/Farseer Physics Engine 3.5/Common/Decomposition/CDT/TriangulationUtil.cs,180,new,0
Libraries/Farseer Physics Engine 3.5/Common/Decomposition/CDT/Util/FixedArray3.cs,123,new,0
Libraries/Farseer Physics Engine 3.5/Common/Decomposition/CDT/Util/FixedBitArray3.cs,123,new,0
Libraries/Farseer Physics Engine 3.5/Common/Decomposition/CDT/Util/PointGenerator.cs,43,new,0
Libraries/Farseer Physics Engine 3.5/Common/Decomposition/CDT/Util/PolygonGenerator.cs,103,new,0
Libraries/Farseer Physics Engine 3.5/Common/Decomposition/CDTDecomposer.cs,80,new,0
Libraries/Farseer Physics Engine 3.5/Common/Decomposition/EarclipDecomposer.cs,408,new,0
Libraries/Farseer Physics Engine 3.5/Common/Decomposition/FlipcodeDecomposer.cs,157,new,0
Libraries/Farseer Physics Engine 3.5/Common/Decomposition/Seidel/Edge.cs,65,new,0
Libraries/Farseer Physics Engine 3.5/Common/Decomposition/Seidel/MonotoneMountain.cs,171,new,0
Libraries/Farseer Physics Engine 3.5/Common/Decomposition/Seidel/Node.cs,46,new,0
Libraries/Farseer Physics Engine 3.5/Common/Decomposition/Seidel/Point.cs,66,new,0
Libraries/Farseer Physics Engine 3.5/Common/Decomposition/Seidel/QueryGraph.cs,83,new,0
Libraries/Farseer Physics Engine 3.5/Common/Decomposition/Seidel/Sink.cs,32,new,0
Libraries/Farseer Physics Engine 3.5/Common/Decomposition/Seidel/Trapezoid.cs,128,new,0
Libraries/Farseer Physics Engine 3.5/Common/Decomposition/Seidel/TrapezoidalMap.cs,200,new,0
Libraries/Farseer Physics Engine 3.5/Common/Decomposition/Seidel/Triangulator.cs,208,new,0
Libraries/Farseer Physics Engine 3.5/Common/Decomposition/Seidel/XNode.cs,26,new,0
Libraries/Farseer Physics Engine 3.5/Common/Decomposition/Seidel/YNode.cs,34,new,0
Libraries/Farseer Physics Engine 3.5/Common/Decomposition/SeidelDecomposer.cs,114,new,0
Libraries/Farseer Physics Engine 3.5/Common/Decomposition/Triangulate.cs,170,new,0
Libraries/Farseer Physics Engine 3.5/Common/FixedArray.cs,229,new,0
Libraries/Farseer Physics Engine 3.5/Common/HashSet.cs,78,new,0
Libraries/Farseer Physics Engine 3.5/Common/LineTools.cs,292,new,0
Libraries/Farseer Physics Engine 3.5/Common/Math.cs,717,new,0
Libraries/Farseer Physics Engine 3.5/Common/Maths/Complex.cs,155,new,0
Libraries/Farseer Physics Engine 3.5/Common/Path.cs,339,new,0
Libraries/Farseer Physics Engine 3.5/Common/PathManager.cs,185,new,0
Libraries/Farseer Physics Engine 3.5/Common/PhysicsLogic/BreakableBody.cs,178,new,0
Libraries/Farseer Physics Engine 3.5/Common/PhysicsLogic/ControllerFilter.cs,90,new,0
Libraries/Farseer Physics Engine 3.5/Common/PhysicsLogic/FilterData.cs,138,new,0
Libraries/Farseer Physics Engine 3.5/Common/PhysicsLogic/PhysicsLogic.cs,29,new,0
Libraries/Farseer Physics Engine 3.5/Common/PhysicsLogic/RealExplosion.cs,422,new,0
Libraries/Farseer Physics Engine 3.5/Common/PhysicsLogic/SimpleExplosion.cs,96,new,0
Libraries/Farseer Physics Engine 3.5/Common/PolygonManipulation/CuttingTools.cs,221,new,0
Libraries/Farseer Physics Engine 3.5/Common/PolygonManipulation/SimpleCombiner.cs,231,new,0
Libraries/Farseer Physics Engine 3.5/Common/PolygonManipulation/SimplifyTools.cs,307,new,0
Libraries/Farseer Physics Engine 3.5/Common/PolygonManipulation/YuPengClipper.cs,519,new,0
Libraries/Farseer Physics Engine 3.5/Common/PolygonTools.cs,364,new,0
Libraries/Farseer Physics Engine 3.5/Common/Serialization.cs,1441,new,0
Libraries/Farseer Physics Engine 3.5/Common/Stopwatch.cs,117,new,0
Libraries/Farseer Physics Engine 3.5/Common/TextureTools/MarchingSquares.cs,805,new,0
Libraries/Farseer Physics Engine 3.5/Common/TextureTools/Terrain.cs,268,new,0
Libraries/Farseer Physics Engine 3.5/Common/TextureTools/TextureConverter.cs,1263,new,0
Libraries/Farseer Physics Engine 3.5/Common/Vertices.cs,585,new,0
Libraries/Farseer Physics Engine 3.5/Content/BodyContainer.cs,53,new,0
Libraries/Farseer Physics Engine 3.5/Content/PolygonContainer.cs,54,new,0
Libraries/Farseer Physics Engine 3.5/ContentReaders/BodyContainerReader.cs,94,new,0
Libraries/Farseer Physics Engine 3.5/ContentReaders/PolygonContainerReader.cs,34,new,0
Libraries/Farseer Physics Engine 3.5/Controllers/AbstractForceController.cs,325,new,0
Libraries/Farseer Physics Engine 3.5/Controllers/BuoyancyController.cs,137,new,0
Libraries/Farseer Physics Engine 3.5/Controllers/Controller.cs,33,new,0
Libraries/Farseer Physics Engine 3.5/Controllers/GravityController.cs,114,new,0
Libraries/Farseer Physics Engine 3.5/Controllers/SimpleWindForce.cs,80,new,0
Libraries/Farseer Physics Engine 3.5/Controllers/VelocityLimitController.cs,133,new,0
Libraries/Farseer Physics Engine 3.5/ConvertUnits.cs,108,new,0
Libraries/Farseer Physics Engine 3.5/DebugViewBase.cs,165,new,0
Libraries/Farseer Physics Engine 3.5/Diagnostics/DebugViewBase.cs,99,new,0
Libraries/Farseer Physics Engine 3.5/Diagnostics/DebugViewFlags.cs,73,new,0
Libraries/Farseer Physics Engine 3.5/Dynamics/Body.Factory.cs,154,new,0
Libraries/Farseer Physics Engine 3.5/Dynamics/Body.cs,1412,new,0
Libraries/Farseer Physics Engine 3.5/Dynamics/BodyType.cs,49,new,0
Libraries/Farseer Physics Engine 3.5/Dynamics/Category.cs,76,new,0
Libraries/Farseer Physics Engine 3.5/Dynamics/ContactManager.cs,613,new,0
Libraries/Farseer Physics Engine 3.5/Dynamics/Contacts/Contact.cs,499,new,0
Libraries/Farseer Physics Engine 3.5/Dynamics/Contacts/ContactListHead.cs,69,new,0
Libraries/Farseer Physics Engine 3.5/Dynamics/Contacts/ContactSolver.cs,1166,new,0
Libraries/Farseer Physics Engine 3.5/Dynamics/Fixture.cs,399,new,0
Libraries/Farseer Physics Engine 3.5/Dynamics/FixtureProxy.cs,50,new,0
Libraries/Farseer Physics Engine 3.5/Dynamics/Island.cs,459,new,0
Libraries/Farseer Physics Engine 3.5/Dynamics/Joints/AngleJoint.cs,133,new,0
Libraries/Farseer Physics Engine 3.5/Dynamics/Joints/DistanceJoint.cs,339,new,0
Libraries/Farseer Physics Engine 3.5/Dynamics/Joints/FixedMouseJoint.cs,267,new,0
Libraries/Farseer Physics Engine 3.5/Dynamics/Joints/FrictionJoint.cs,279,new,0
Libraries/Farseer Physics Engine 3.5/Dynamics/Joints/GearJoint.cs,490,new,0
Libraries/Farseer Physics Engine 3.5/Dynamics/Joints/Joint.cs,258,new,0
Libraries/Farseer Physics Engine 3.5/Dynamics/Joints/JointFactory.cs,124,new,0
Libraries/Farseer Physics Engine 3.5/Dynamics/Joints/MotorJoint.cs,326,new,0
Libraries/Farseer Physics Engine 3.5/Dynamics/Joints/PrismaticJoint.cs,776,new,0
Libraries/Farseer Physics Engine 3.5/Dynamics/Joints/PulleyJoint.cs,404,new,0
Libraries/Farseer Physics Engine 3.5/Dynamics/Joints/RevoluteJoint.cs,625,new,0
Libraries/Farseer Physics Engine 3.5/Dynamics/Joints/RopeJoint.cs,299,new,0
Libraries/Farseer Physics Engine 3.5/Dynamics/Joints/WeldJoint.cs,417,new,0
Libraries/Farseer Physics Engine 3.5/Dynamics/Joints/WheelJoint.cs,522,new,0
Libraries/Farseer Physics Engine 3.5/Dynamics/SolverIterations.cs,19,new,0
Libraries/Farseer Physics Engine 3.5/Dynamics/TimeStep.cs,78,new,0
Libraries/Farseer Physics Engine 3.5/Dynamics/World.Factory.cs,263,new,0
Libraries/Farseer Physics Engine 3.5/Dynamics/World.cs,1729,new,0
Libraries/Farseer Physics Engine 3.5/Dynamics/WorldCallbacks.cs,70,new,0
Libraries/Farseer Physics Engine 3.5/Fluids/1/FluidDefinition.cs,121,new,0
Libraries/Farseer Physics Engine 3.5/Fluids/1/FluidParticle.cs,80,new,0
Libraries/Farseer Physics Engine 3.5/Fluids/1/FluidSystem1.cs,413,new,0
Libraries/Farseer Physics Engine 3.5/Fluids/1/HashGrid.cs,95,new,0
Libraries/Farseer Physics Engine 3.5/Fluids/1/Spring.cs,57,new,0
Libraries/Farseer Physics Engine 3.5/Fluids/1/SpringHash.cs,26,new,0
Libraries/Farseer Physics Engine 3.5/Fluids/2/FluidSystem2.cs,445,new,0
Libraries/Farseer Physics Engine 3.5/Fluids/2/SpartialTable.cs,179,new,0
Libraries/Farseer Physics Engine 3.5/Settings.cs,237,new,0
Libraries/GameAnalytics/GA-SDK-MONO-SHARED/Device/GADevice.cs,514,new,0
Libraries/GameAnalytics/GA-SDK-MONO-SHARED/EGAErrorSeverity.cs,13,new,0
Libraries/GameAnalytics/GA-SDK-MONO-SHARED/EGAGender.cs,10,new,0
Libraries/GameAnalytics/GA-SDK-MONO-SHARED/EGALoggerMessageType.cs,11,new,0
Libraries/GameAnalytics/GA-SDK-MONO-SHARED/EGAProgressionStatus.cs,11,new,0
Libraries/GameAnalytics/GA-SDK-MONO-SHARED/EGAResourceFlowType.cs,10,new,0
Libraries/GameAnalytics/GA-SDK-MONO-SHARED/Events/GAEvents.cs,853,new,0
Libraries/GameAnalytics/GA-SDK-MONO-SHARED/Foundation/Tasks/Task.cs,407,new,0
Libraries/GameAnalytics/GA-SDK-MONO-SHARED/Foundation/Tasks/TaskExtensions.cs,68,new,0
Libraries/GameAnalytics/GA-SDK-MONO-SHARED/Foundation/Tasks/TaskFactory.cs,211,new,0
Libraries/GameAnalytics/GA-SDK-MONO-SHARED/Foundation/Tasks/TaskManager.Net.cs,32,new,0
Libraries/GameAnalytics/GA-SDK-MONO-SHARED/Foundation/Tasks/TaskManager.WSA.cs,30,new,0
Libraries/GameAnalytics/GA-SDK-MONO-SHARED/Foundation/Tasks/TaskManager.cs,308,new,0
Libraries/GameAnalytics/GA-SDK-MONO-SHARED/Foundation/Tasks/TaskTResult.cs,173,new,0
Libraries/GameAnalytics/GA-SDK-MONO-SHARED/GameAnalytics.cs,839,new,0
Libraries/GameAnalytics/GA-SDK-MONO-SHARED/Http/EGAHTTPApiResponse.cs,19,new,0
Libraries/GameAnalytics/GA-SDK-MONO-SHARED/Http/EGASdkErrorType.cs,9,new,0
Libraries/GameAnalytics/GA-SDK-MONO-SHARED/Http/GAHTTPApi.cs,553,new,0
Libraries/GameAnalytics/GA-SDK-MONO-SHARED/ICommandCenterListener.cs,11,new,0
Libraries/GameAnalytics/GA-SDK-MONO-SHARED/Logging/GALogger.cs,233,new,0
Libraries/GameAnalytics/GA-SDK-MONO-SHARED/State/GAState.cs,1341,new,0
Libraries/GameAnalytics/GA-SDK-MONO-SHARED/Store/GAStore.cs,472,new,0
Libraries/GameAnalytics/GA-SDK-MONO-SHARED/Tasks/SdkErrorTask.cs,152,new,0
Libraries/GameAnalytics/GA-SDK-MONO-SHARED/Threading/GAThreading.cs,232,new,0
Libraries/GameAnalytics/GA-SDK-MONO-SHARED/Threading/PriorityQueue.cs,71,new,0
Libraries/GameAnalytics/GA-SDK-MONO-SHARED/Threading/TimedBlock.cs,29,new,0
Libraries/GameAnalytics/GA-SDK-MONO-SHARED/Utilities/GAUtilities.cs,154,new,0
Libraries/GameAnalytics/GA-SDK-MONO-SHARED/Utilities/SimpleJSON.cs,1347,new,0
Libraries/GameAnalytics/GA-SDK-MONO-SHARED/Utilities/SimpleJSONBinary.cs,297,new,0
Libraries/GameAnalytics/GA-SDK-MONO-SHARED/Validators/GAValidator.cs,631,new,0
Libraries/Hyper.ComponentModel/ChainingPropertyDescriptor.cs,146,new,0
Libraries/Hyper.ComponentModel/HyperTypeDescriptionProvider.cs,125,new,0
Libraries/Hyper.ComponentModel/HyperTypeDescriptor.cs,265,new,0
Libraries/Lidgren.Network/Encryption/NetAESEncryption.cs,26,new,0
Libraries/Lidgren.Network/Encryption/NetBlockEncryptionBase.cs,89,new,0
Libraries/Lidgren.Network/Encryption/NetCryptoProviderBase.cs,77,new,0
Libraries/Lidgren.Network/Encryption/NetCryptoProviderEncryption.cs,59,new,0
Libraries/Lidgren.Network/Encryption/NetDESEncryption.cs,26,new,0
Libraries/Lidgren.Network/Encryption/NetEncryption.cs,45,new,0
Libraries/Lidgren.Network/Encryption/NetRC2Encryption.cs,26,new,0
Libraries/Lidgren.Network/Encryption/NetTripleDESEncryption.cs,26,new,0
Libraries/Lidgren.Network/Encryption/NetXorEncryption.cs,66,new,0
Libraries/Lidgren.Network/Encryption/NetXteaEncryption.cs,154,new,0
Libraries/Lidgren.Network/NamespaceDoc.cs,14,new,0
Libraries/Lidgren.Network/NetBigInteger.cs,2352,new,0
Libraries/Lidgren.Network/NetBitVector.cs,172,new,0
Libraries/Lidgren.Network/NetBitWriter.cs,513,new,0
Libraries/Lidgren.Network/NetBuffer.Peek.cs,312,new,0
Libraries/Lidgren.Network/NetBuffer.Read.Reflection.cs,103,new,0
Libraries/Lidgren.Network/NetBuffer.Read.cs,679,partial,64
Libraries/Lidgren.Network/NetBuffer.Write.Reflection.cs,94,new,0
Libraries/Lidgren.Network/NetBuffer.Write.cs,676,new,0
Libraries/Lidgren.Network/NetBuffer.cs,98,new,0
Libraries/Lidgren.Network/NetClient.cs,176,new,0
Libraries/Lidgren.Network/NetConnection.Handshake.cs,501,new,0
Libraries/Lidgren.Network/NetConnection.Latency.cs,149,new,0
Libraries/Lidgren.Network/NetConnection.MTU.cs,182,done,182
Libraries/Lidgren.Network/NetConnection.cs,592,partial,76
Libraries/Lidgren.Network/NetConnectionStatistics.cs,213,new,0
Libraries/Lidgren.Network/NetConnectionStatus.cs,68,new,0
Libraries/Lidgren.Network/NetConstants.cs,57,new,0
Libraries/Lidgren.Network/NetDeliveryMethod.cs,46,new,0
Libraries/Lidgren.Network/NetException.cs,74,new,0
Libraries/Lidgren.Network/NetFragmentationHelper.cs,175,done,175
Libraries/Lidgren.Network/NetFragmentationInfo.cs,12,new,0
Libraries/Lidgren.Network/NetIncomingMessage.cs,119,new,0
Libraries/Lidgren.Network/NetIncomingMessageType.cs,105,new,0
Libraries/Lidgren.Network/NetMessageType.cs,175,new,0
Libraries/Lidgren.Network/NetNatIntroduction.cs,123,new,0
Libraries/Lidgren.Network/NetOutgoingMessage.cs,142,new,0
Libraries/Lidgren.Network/NetPeer.Discovery.cs,69,new,0
Libraries/Lidgren.Network/NetPeer.Fragmentation.cs,169,done,169
Libraries/Lidgren.Network/NetPeer.Internal.cs,768,partial,156
Libraries/Lidgren.Network/NetPeer.LatencySimulation.cs,322,new,0
Libraries/Lidgren.Network/NetPeer.Logging.cs,63,new,0
Libraries/Lidgren.Network/NetPeer.MessagePools.cs,232,new,0
Libraries/Lidgren.Network/NetPeer.Send.cs,255,new,0
Libraries/Lidgren.Network/NetPeer.cs,387,new,0
Libraries/Lidgren.Network/NetPeerConfiguration.cs,571,new,0
Libraries/Lidgren.Network/NetPeerStatistics.cs,158,new,0
Libraries/Lidgren.Network/NetPeerStatus.cs,49,new,0
Libraries/Lidgren.Network/NetQueue.cs,356,new,0
Libraries/Lidgren.Network/NetRandom.Implementations.cs,281,new,0
Libraries/Lidgren.Network/NetRandom.cs,177,new,0
Libraries/Lidgren.Network/NetRandomSeed.cs,45,new,0
Libraries/Lidgren.Network/NetReceiverChannelBase.cs,18,new,0
Libraries/Lidgren.Network/NetReliableOrderedReceiver.cs,89,done,89
Libraries/Lidgren.Network/NetReliableSenderChannel.cs,290,partial,147
Libraries/Lidgren.Network/NetReliableSequencedReceiver.cs,65,done,65
Libraries/Lidgren.Network/NetReliableUnorderedReceiver.cs,97,new,0
Libraries/Lidgren.Network/NetSRP.cs,179,new,0
Libraries/Lidgren.Network/NetSendResult.cs,30,new,0
Libraries/Lidgren.Network/NetSenderChannelBase.cs,28,new,0
Libraries/Lidgren.Network/NetServer.cs,100,new,0
Libraries/Lidgren.Network/NetStoredReliableMessage.cs,19,new,0
Libraries/Lidgren.Network/NetTime.cs,42,new,0
Libraries/Lidgren.Network/NetTuple.cs,19,new,0
Libraries/Lidgren.Network/NetUPnP.cs,276,new,0
Libraries/Lidgren.Network/NetUnreliableSenderChannel.cs,142,new,0
Libraries/Lidgren.Network/NetUnreliableSequencedReceiver.cs,33,done,33
Libraries/Lidgren.Network/NetUnreliableUnorderedReceiver.cs,23,done,23
Libraries/Lidgren.Network/NetUtility.cs,493,new,0
Libraries/Lidgren.Network/Platform/PlatformAndroid.cs,88,new,0
Libraries/Lidgren.Network/Platform/PlatformConstrained.cs,86,new,0
Libraries/Lidgren.Network/Platform/PlatformWin32.cs,156,new,0
Libraries/Lidgren.Network/Platform/PlatformWinRT.cs,102,new,0
Libraries/MonoGame.Framework/Src/MonoGame.Framework/Clipboard.cs,17,new,0
Libraries/MonoGame.Framework/Src/MonoGame.Framework/Content/ContentExtensions.cs,68,new,0
Libraries/MonoGame.Framework/Src/MonoGame.Framework/Content/ContentLoadException.cs,60,new,0
Libraries/MonoGame.Framework/Src/MonoGame.Framework/Content/ContentManager.cs,505,new,0
Libraries/MonoGame.Framework/Src/MonoGame.Framework/Content/ContentReader.cs,308,new,0
Libraries/MonoGame.Framework/Src/MonoGame.Framework/Content/ContentReaders/AlphaTestEffectReader.cs,24,new,0
Libraries/MonoGame.Framework/Src/MonoGame.Framework/Content/ContentReaders/ArrayReader.cs,49,new,0
Libraries/MonoGame.Framework/Src/MonoGame.Framework/Content/ContentReaders/BasicEffectReader.cs,30,new,0
Libraries/MonoGame.Framework/Src/MonoGame.Framework/Content/ContentReaders/BooleanReader.cs,25,new,0
Libraries/MonoGame.Framework/Src/MonoGame.Framework/Content/ContentReaders/BoundingBoxReader.cs,17,new,0
Libraries/MonoGame.Framework/Src/MonoGame.Framework/Content/ContentReaders/BoundingFrustumReader.cs,21,new,0
Libraries/MonoGame.Framework/Src/MonoGame.Framework/Content/ContentReaders/BoundingSphereReader.cs,23,new,0
Libraries/MonoGame.Framework/Src/MonoGame.Framework/Content/ContentReaders/ByteReader.cs,20,new,0
Libraries/MonoGame.Framework/Src/MonoGame.Framework/Content/ContentReaders/CharReader.cs,25,new,0
Libraries/MonoGame.Framework/Src/MonoGame.Framework/Content/ContentReaders/ColorReader.cs,28,new,0
Libraries/MonoGame.Framework/Src/MonoGame.Framework/Content/ContentReaders/CurveReader.cs,36,new,0
Libraries/MonoGame.Framework/Src/MonoGame.Framework/Content/ContentReaders/DateTimeReader.cs,24,new,0
Libraries/MonoGame.Framework/Src/MonoGame.Framework/Content/ContentReaders/DecimalReader.cs,20,new,0
Libraries/MonoGame.Framework/Src/MonoGame.Framework/Content/ContentReaders/DictionaryReader.cs,78,new,0
Libraries/MonoGame.Framework/Src/MonoGame.Framework/Content/ContentReaders/DoubleReader.cs,21,new,0
Libraries/MonoGame.Framework/Src/MonoGame.Framework/Content/ContentReaders/DualTextureEffectReader.cs,25,new,0
Libraries/MonoGame.Framework/Src/MonoGame.Framework/Content/ContentReaders/EffectMaterialReader.cs,81,new,0
Libraries/MonoGame.Framework/Src/MonoGame.Framework/Content/ContentReaders/EffectReader.cs,25,new,0
Libraries/MonoGame.Framework/Src/MonoGame.Framework/Content/ContentReaders/EnumReader.cs,29,new,0
Libraries/MonoGame.Framework/Src/MonoGame.Framework/Content/ContentReaders/EnvironmentMapEffectReader.cs,26,new,0
Libraries/MonoGame.Framework/Src/MonoGame.Framework/Content/ContentReaders/ExternalReferenceReader.cs,23,new,0
Libraries/MonoGame.Framework/Src/MonoGame.Framework/Content/ContentReaders/IndexBufferReader.cs,31,new,0
Libraries/MonoGame.Framework/Src/MonoGame.Framework/Content/ContentReaders/Int16Reader.cs,22,new,0
Libraries/MonoGame.Framework/Src/MonoGame.Framework/Content/ContentReaders/Int32Reader.cs,20,new,0
Libraries/MonoGame.Framework/Src/MonoGame.Framework/Content/ContentReaders/Int64Reader.cs,22,new,0
Libraries/MonoGame.Framework/Src/MonoGame.Framework/Content/ContentReaders/ListReader.cs,51,new,0
Libraries/MonoGame.Framework/Src/MonoGame.Framework/Content/ContentReaders/MatrixReader.cs,30,new,0
Libraries/MonoGame.Framework/Src/MonoGame.Framework/Content/ContentReaders/ModelReader.cs,199,new,0
Libraries/MonoGame.Framework/Src/MonoGame.Framework/Content/ContentReaders/MultiArrayReader.cs,83,new,0
Libraries/MonoGame.Framework/Src/MonoGame.Framework/Content/ContentReaders/NullableReader.cs,32,new,0
Libraries/MonoGame.Framework/Src/MonoGame.Framework/Content/ContentReaders/PlaneReader.cs,22,new,0
Libraries/MonoGame.Framework/Src/MonoGame.Framework/Content/ContentReaders/PointReader.cs,27,new,0
Libraries/MonoGame.Framework/Src/MonoGame.Framework/Content/ContentReaders/QuaternionReader.cs,20,new,0
Libraries/MonoGame.Framework/Src/MonoGame.Framework/Content/ContentReaders/RayReader.cs,23,new,0
Libraries/MonoGame.Framework/Src/MonoGame.Framework/Content/ContentReaders/RectangleReader.cs,30,new,0
Libraries/MonoGame.Framework/Src/MonoGame.Framework/Content/ContentReaders/ReflectiveReader.cs,191,new,0
Libraries/MonoGame.Framework/Src/MonoGame.Framework/Content/ContentReaders/SByteReader.cs,20,new,0
Libraries/MonoGame.Framework/Src/MonoGame.Framework/Content/ContentReaders/SingleReader.cs,20,new,0
Libraries/MonoGame.Framework/Src/MonoGame.Framework/Content/ContentReaders/SkinnedEffectReader.cs,26,new,0
Libraries/MonoGame.Framework/Src/MonoGame.Framework/Content/ContentReaders/SpriteFontReader.cs,59,new,0
Libraries/MonoGame.Framework/Src/MonoGame.Framework/Content/ContentReaders/StringReader.cs,22,new,0
Libraries/MonoGame.Framework/Src/MonoGame.Framework/Content/ContentReaders/Texture2DReader.cs,181,new,0
Libraries/MonoGame.Framework/Src/MonoGame.Framework/Content/ContentReaders/Texture3DReader.cs,50,new,0
Libraries/MonoGame.Framework/Src/MonoGame.Framework/Content/ContentReaders/TextureCubeReader.cs,47,new,0
Libraries/MonoGame.Framework/Src/MonoGame.Framework/Content/ContentReaders/TextureReader.cs,17,new,0
Libraries/MonoGame.Framework/Src/MonoGame.Framework/Content/ContentReaders/TimeSpanReader.cs,28,new,0
Libraries/MonoGame.Framework/Src/MonoGame.Framework/Content/ContentReaders/UInt16Reader.cs,20,new,0
Libraries/MonoGame.Framework/Src/MonoGame.Framework/Content/ContentReaders/UInt32Reader.cs,20,new,0
Libraries/MonoGame.Framework/Src/MonoGame.Framework/Content/ContentReaders/UInt64Reader.cs,20,new,0
Libraries/MonoGame.Framework/Src/MonoGame.Framework/Content/ContentReaders/Vector2Reader.cs,22,new,0
Libraries/MonoGame.Framework/Src/MonoGame.Framework/Content/ContentReaders/Vector3Reader.cs,22,new,0
Libraries/MonoGame.Framework/Src/MonoGame.Framework/Content/ContentReaders/Vector4Reader.cs,20,new,0
Libraries/MonoGame.Framework/Src/MonoGame.Framework/Content/ContentReaders/VertexBufferReader.cs,25,new,0
Libraries/MonoGame.Framework/Src/MonoGame.Framework/Content/ContentReaders/VertexDeclarationReader.cs,27,new,0
Libraries/MonoGame.Framework/Src/MonoGame.Framework/Content/ContentSerializerAttribute.cs,74,new,0
Libraries/MonoGame.Framework/Src/MonoGame.Framework/Content/ContentSerializerCollectionItemNameAttribute.cs,30,new,0
Libraries/MonoGame.Framework/Src/MonoGame.Framework/Content/ContentSerializerIgnoreAttribute.cs,57,new,0
Libraries/MonoGame.Framework/Src/MonoGame.Framework/Content/ContentSerializerRuntimeTypeAttribute.cs,30,new,0
Libraries/MonoGame.Framework/Src/MonoGame.Framework/Content/ContentSerializerTypeVersionAttribute.cs,30,new,0
Libraries/MonoGame.Framework/Src/MonoGame.Framework/Content/ContentTypeReader.cs,64,new,0
Libraries/MonoGame.Framework/Src/MonoGame.Framework/Content/ContentTypeReaderManager.cs,248,new,0
Libraries/MonoGame.Framework/Src/MonoGame.Framework/Content/LzxDecoder.cs,780,new,0
Libraries/MonoGame.Framework/Src/MonoGame.Framework/Content/ResourceContentManager.cs,36,new,0
Libraries/MonoGame.Framework/Src/MonoGame.Framework/Curve.cs,338,new,0
Libraries/MonoGame.Framework/Src/MonoGame.Framework/CurveContinuity.cs,21,new,0
Libraries/MonoGame.Framework/Src/MonoGame.Framework/CurveKey.cs,201,new,0
Libraries/MonoGame.Framework/Src/MonoGame.Framework/CurveKeyCollection.cs,200,new,0
Libraries/MonoGame.Framework/Src/MonoGame.Framework/CurveLoopType.cs,35,new,0
Libraries/MonoGame.Framework/Src/MonoGame.Framework/CurveTangent.cs,25,new,0
Libraries/MonoGame.Framework/Src/MonoGame.Framework/Design/Vector2TypeConverter.cs,72,new,0
Libraries/MonoGame.Framework/Src/MonoGame.Framework/Design/Vector3TypeConverter.cs,74,new,0
Libraries/MonoGame.Framework/Src/MonoGame.Framework/Design/Vector4TypeConverter.cs,76,new,0
Libraries/MonoGame.Framework/Src/MonoGame.Framework/Design/VectorConversion.cs,46,new,0
Libraries/MonoGame.Framework/Src/MonoGame.Framework/Display.cs,11,new,0
Libraries/MonoGame.Framework/Src/MonoGame.Framework/DisplayOrientation.cs,40,new,0
Libraries/MonoGame.Framework/Src/MonoGame.Framework/DrawableGameComponent.cs,79,new,0
Libraries/MonoGame.Framework/Src/MonoGame.Framework/EventHelpers.cs,45,new,0
Libraries/MonoGame.Framework/Src/MonoGame.Framework/FileDropEventArgs.cs,13,new,0
Libraries/MonoGame.Framework/Src/MonoGame.Framework/FrameworkDispatcher.cs,43,new,0
Libraries/MonoGame.Framework/Src/MonoGame.Framework/FrameworkResources.cs,15,new,0
Libraries/MonoGame.Framework/Src/MonoGame.Framework/Game.cs,1032,new,0
Libraries/MonoGame.Framework/Src/MonoGame.Framework/GameComponent.cs,92,new,0
Libraries/MonoGame.Framework/Src/MonoGame.Framework/GameComponentCollection.cs,76,new,0
Libraries/MonoGame.Framework/Src/MonoGame.Framework/GameComponentCollectionEventArgs.cs,27,new,0
Libraries/MonoGame.Framework/Src/MonoGame.Framework/GamePlatform.Desktop.cs,24,new,0
Libraries/MonoGame.Framework/Src/MonoGame.Framework/GamePlatform.cs,296,new,0
Libraries/MonoGame.Framework/Src/MonoGame.Framework/GameRunBehavior.cs,21,new,0
Libraries/MonoGame.Framework/Src/MonoGame.Framework/GameServiceContainer.cs,67,new,0
Libraries/MonoGame.Framework/Src/MonoGame.Framework/GameTime.cs,39,new,0
Libraries/MonoGame.Framework/Src/MonoGame.Framework/GameUpdateRequiredException.cs,14,new,0
Libraries/MonoGame.Framework/Src/MonoGame.Framework/GameWindow.cs,187,new,0
Libraries/MonoGame.Framework/Src/MonoGame.Framework/Graphics/ClearOptions.cs,29,new,0
Libraries/MonoGame.Framework/Src/MonoGame.Framework/Graphics/ColorWriteChannels.cs,40,new,0
Libraries/MonoGame.Framework/Src/MonoGame.Framework/Graphics/CubeMapFace.cs,38,new,0
Libraries/MonoGame.Framework/Src/MonoGame.Framework/Graphics/DeviceLostException.cs,27,new,0
Libraries/MonoGame.Framework/Src/MonoGame.Framework/Graphics/DeviceNotResetException.cs,27,new,0
Libraries/MonoGame.Framework/Src/MonoGame.Framework/Graphics/DirectionalLight.cs,142,new,0
Libraries/MonoGame.Framework/Src/MonoGame.Framework/Graphics/DisplayMode.cs,126,new,0
Libraries/MonoGame.Framework/Src/MonoGame.Framework/Graphics/DisplayModeCollection.cs,81,new,0
Libraries/MonoGame.Framework/Src/MonoGame.Framework/Graphics/DxtUtil.cs,443,new,0
Libraries/MonoGame.Framework/Src/MonoGame.Framework/Graphics/Effect/AlphaTestEffect.cs,441,new,0
Libraries/MonoGame.Framework/Src/MonoGame.Framework/Graphics/Effect/BasicEffect.cs,501,new,0
Libraries/MonoGame.Framework/Src/MonoGame.Framework/Graphics/Effect/DualTextureEffect.cs,327,new,0
Libraries/MonoGame.Framework/Src/MonoGame.Framework/Graphics/Effect/Effect.cs,459,new,0
Libraries/MonoGame.Framework/Src/MonoGame.Framework/Graphics/Effect/EffectAnnotation.cs,44,new,0
Libraries/MonoGame.Framework/Src/MonoGame.Framework/Graphics/Effect/EffectAnnotationCollection.cs,50,new,0
Libraries/MonoGame.Framework/Src/MonoGame.Framework/Graphics/Effect/EffectHelpers.cs,241,new,0
Libraries/MonoGame.Framework/Src/MonoGame.Framework/Graphics/Effect/EffectMaterial.cs,51,new,0
Libraries/MonoGame.Framework/Src/MonoGame.Framework/Graphics/Effect/EffectParameter.cs,886,new,0
Libraries/MonoGame.Framework/Src/MonoGame.Framework/Graphics/Effect/EffectParameterClass.cs,34,new,0
Libraries/MonoGame.Framework/Src/MonoGame.Framework/Graphics/Effect/EffectParameterCollection.cs,73,new,0
Libraries/MonoGame.Framework/Src/MonoGame.Framework/Graphics/Effect/EffectParameterType.cs,53,new,0
Libraries/MonoGame.Framework/Src/MonoGame.Framework/Graphics/Effect/EffectPass.cs,133,new,0
Libraries/MonoGame.Framework/Src/MonoGame.Framework/Graphics/Effect/EffectPassCollection.cs,116,new,0
Libraries/MonoGame.Framework/Src/MonoGame.Framework/Graphics/Effect/EffectResource.DirectX.cs,16,new,0
Libraries/MonoGame.Framework/Src/MonoGame.Framework/Graphics/Effect/EffectResource.OpenGL.cs,16,new,0
Libraries/MonoGame.Framework/Src/MonoGame.Framework/Graphics/Effect/EffectResource.cs,58,new,0
Libraries/MonoGame.Framework/Src/MonoGame.Framework/Graphics/Effect/EffectTechnique.cs,32,new,0
Libraries/MonoGame.Framework/Src/MonoGame.Framework/Graphics/Effect/EffectTechniqueCollection.cs,55,new,0
Libraries/MonoGame.Framework/Src/MonoGame.Framework/Graphics/Effect/EnvironmentMapEffect.cs,510,new,0
Libraries/MonoGame.Framework/Src/MonoGame.Framework/Graphics/Effect/IEffectFog.cs,79,new,0
Libraries/MonoGame.Framework/Src/MonoGame.Framework/Graphics/Effect/IEffectLights.cs,81,new,0
Libraries/MonoGame.Framework/Src/MonoGame.Framework/Graphics/Effect/IEffectMatrices.cs,52,new,0
Libraries/MonoGame.Framework/Src/MonoGame.Framework/Graphics/Effect/SkinnedEffect.cs,538,new,0
Libraries/MonoGame.Framework/Src/MonoGame.Framework/Graphics/Effect/SpriteEffect.cs,79,new,0
Libraries/MonoGame.Framework/Src/MonoGame.Framework/Graphics/GraphicsAdapter.DirectX.cs,142,new,0
Libraries/MonoGame.Framework/Src/MonoGame.Framework/Graphics/GraphicsAdapter.Legacy.cs,408,new,0
Libraries/MonoGame.Framework/Src/MonoGame.Framework/Graphics/GraphicsAdapter.cs,180,new,0
Libraries/MonoGame.Framework/Src/MonoGame.Framework/Graphics/GraphicsCapabilities.DirectX.cs,56,new,0
Libraries/MonoGame.Framework/Src/MonoGame.Framework/Graphics/GraphicsCapabilities.OpenGL.cs,120,new,0
Libraries/MonoGame.Framework/Src/MonoGame.Framework/Graphics/GraphicsCapabilities.Web.cs,17,new,0
Libraries/MonoGame.Framework/Src/MonoGame.Framework/Graphics/GraphicsCapabilities.cs,120,new,0
Libraries/MonoGame.Framework/Src/MonoGame.Framework/Graphics/GraphicsContext.SDL.cs,94,new,0
Libraries/MonoGame.Framework/Src/MonoGame.Framework/Graphics/GraphicsDebug.Default.cs,15,new,0
Libraries/MonoGame.Framework/Src/MonoGame.Framework/Graphics/GraphicsDebug.DirectX.cs,82,new,0
Libraries/MonoGame.Framework/Src/MonoGame.Framework/Graphics/GraphicsDebug.cs,24,new,0
Libraries/MonoGame.Framework/Src/MonoGame.Framework/Graphics/GraphicsDebugMessage.cs,19,new,0
Libraries/MonoGame.Framework/Src/MonoGame.Framework/Graphics/GraphicsDevice.DirectX.cs,1585,new,0
Libraries/MonoGame.Framework/Src/MonoGame.Framework/Graphics/GraphicsDevice.OpenGL.FramebufferHelper.cs,175,new,0
Libraries/MonoGame.Framework/Src/MonoGame.Framework/Graphics/GraphicsDevice.OpenGL.cs,1293,new,0
Libraries/MonoGame.Framework/Src/MonoGame.Framework/Graphics/GraphicsDevice.Web.cs,118,new,0
Libraries/MonoGame.Framework/Src/MonoGame.Framework/Graphics/GraphicsDevice.cs,1393,new,0
Libraries/MonoGame.Framework/Src/MonoGame.Framework/Graphics/GraphicsDeviceStatus.cs,26,new,0
Libraries/MonoGame.Framework/Src/MonoGame.Framework/Graphics/GraphicsExtensions.cs,947,new,0
Libraries/MonoGame.Framework/Src/MonoGame.Framework/Graphics/GraphicsMetrics.cs,103,new,0
Libraries/MonoGame.Framework/Src/MonoGame.Framework/Graphics/GraphicsProfile.cs,21,new,0
Libraries/MonoGame.Framework/Src/MonoGame.Framework/Graphics/GraphicsResource.cs,168,new,0
Libraries/MonoGame.Framework/Src/MonoGame.Framework/Graphics/IGraphicsContext.cs,17,new,0
Libraries/MonoGame.Framework/Src/MonoGame.Framework/Graphics/IGraphicsDeviceService.cs,55,new,0
Libraries/MonoGame.Framework/Src/MonoGame.Framework/Graphics/IRenderTarget.cs,102,new,0
Libraries/MonoGame.Framework/Src/MonoGame.Framework/Graphics/IWindowInfo.cs,13,new,0
Libraries/MonoGame.Framework/Src/MonoGame.Framework/Graphics/Model.cs,219,new,0
Libraries/MonoGame.Framework/Src/MonoGame.Framework/Graphics/ModelBone.cs,102,new,0
Libraries/MonoGame.Framework/Src/MonoGame.Framework/Graphics/ModelBoneCollection.cs,126,new,0
Libraries/MonoGame.Framework/Src/MonoGame.Framework/Graphics/ModelEffectCollection.cs,88,new,0
Libraries/MonoGame.Framework/Src/MonoGame.Framework/Graphics/ModelMesh.cs,131,new,0
Libraries/MonoGame.Framework/Src/MonoGame.Framework/Graphics/ModelMeshCollection.cs,126,new,0
Libraries/MonoGame.Framework/Src/MonoGame.Framework/Graphics/ModelMeshPart.cs,131,new,0
Libraries/MonoGame.Framework/Src/MonoGame.Framework/Graphics/ModelMeshPartCollection.cs,63,new,0
Libraries/MonoGame.Framework/Src/MonoGame.Framework/Graphics/NoSuitableGraphicsDeviceException.cs,27,new,0
Libraries/MonoGame.Framework/Src/MonoGame.Framework/Graphics/OcclusionQuery.DirectX.cs,65,new,0
Libraries/MonoGame.Framework/Src/MonoGame.Framework/Graphics/OcclusionQuery.Null.cs,28,new,0
Libraries/MonoGame.Framework/Src/MonoGame.Framework/Graphics/OcclusionQuery.OpenGL.cs,64,new,0
Libraries/MonoGame.Framework/Src/MonoGame.Framework/Graphics/OcclusionQuery.cs,114,new,0
Libraries/MonoGame.Framework/Src/MonoGame.Framework/Graphics/OpenGL.Android.cs,105,new,0
Libraries/MonoGame.Framework/Src/MonoGame.Framework/Graphics/OpenGL.Common.cs,12,new,0
Libraries/MonoGame.Framework/Src/MonoGame.Framework/Graphics/OpenGL.MacOS.cs,128,new,0
Libraries/MonoGame.Framework/Src/MonoGame.Framework/Graphics/OpenGL.SDL.cs,42,new,0
Libraries/MonoGame.Framework/Src/MonoGame.Framework/Graphics/OpenGL.cs,1552,new,0
Libraries/MonoGame.Framework/Src/MonoGame.Framework/Graphics/OpenGL.iOS.cs,88,new,0
Libraries/MonoGame.Framework/Src/MonoGame.Framework/Graphics/PackedVector/Alpha8.cs,128,new,0
Libraries/MonoGame.Framework/Src/MonoGame.Framework/Graphics/PackedVector/Bgr565.cs,141,new,0
Libraries/MonoGame.Framework/Src/MonoGame.Framework/Graphics/PackedVector/Bgra4444.cs,134,new,0
Libraries/MonoGame.Framework/Src/MonoGame.Framework/Graphics/PackedVector/Bgra5551.cs,137,new,0
Libraries/MonoGame.Framework/Src/MonoGame.Framework/Graphics/PackedVector/Byte4.cs,159,new,0
Libraries/MonoGame.Framework/Src/MonoGame.Framework/Graphics/PackedVector/HalfSingle.cs,81,new,0
Libraries/MonoGame.Framework/Src/MonoGame.Framework/Graphics/PackedVector/HalfTypeHelper.cs,117,new,0
Libraries/MonoGame.Framework/Src/MonoGame.Framework/Graphics/PackedVector/HalfVector2.cs,90,new,0
Libraries/MonoGame.Framework/Src/MonoGame.Framework/Graphics/PackedVector/HalfVector4.cs,151,new,0
Libraries/MonoGame.Framework/Src/MonoGame.Framework/Graphics/PackedVector/IPackedVector.cs,65,new,0
Libraries/MonoGame.Framework/Src/MonoGame.Framework/Graphics/PackedVector/NormalizedByte2.cs,93,new,0
Libraries/MonoGame.Framework/Src/MonoGame.Framework/Graphics/PackedVector/NormalizedByte4.cs,92,new,0
Libraries/MonoGame.Framework/Src/MonoGame.Framework/Graphics/PackedVector/NormalizedShort2.cs,105,new,0
Libraries/MonoGame.Framework/Src/MonoGame.Framework/Graphics/PackedVector/NormalizedShort4.cs,99,new,0
Libraries/MonoGame.Framework/Src/MonoGame.Framework/Graphics/PackedVector/Rg32.cs,139,new,0
Libraries/MonoGame.Framework/Src/MonoGame.Framework/Graphics/PackedVector/Rgba1010102.cs,137,new,0
Libraries/MonoGame.Framework/Src/MonoGame.Framework/Graphics/PackedVector/Rgba64.cs,136,new,0
Libraries/MonoGame.Framework/Src/MonoGame.Framework/Graphics/PackedVector/Short2.cs,102,new,0
Libraries/MonoGame.Framework/Src/MonoGame.Framework/Graphics/PackedVector/Short4.cs,159,new,0
Libraries/MonoGame.Framework/Src/MonoGame.Framework/Graphics/PresentInterval.cs,29,new,0
Libraries/MonoGame.Framework/Src/MonoGame.Framework/Graphics/PresentationEventArgs.cs,18,new,0
Libraries/MonoGame.Framework/Src/MonoGame.Framework/Graphics/PresentationParameters.cs,239,new,0
Libraries/MonoGame.Framework/Src/MonoGame.Framework/Graphics/RenderTarget2D.DirectX.cs,203,new,0
Libraries/MonoGame.Framework/Src/MonoGame.Framework/Graphics/RenderTarget2D.OpenGL.cs,63,new,0
Libraries/MonoGame.Framework/Src/MonoGame.Framework/Graphics/RenderTarget2D.Web.cs,36,new,0
Libraries/MonoGame.Framework/Src/MonoGame.Framework/Graphics/RenderTarget2D.cs,94,new,0
Libraries/MonoGame.Framework/Src/MonoGame.Framework/Graphics/RenderTarget3D.DirectX.cs,101,new,0
Libraries/MonoGame.Framework/Src/MonoGame.Framework/Graphics/RenderTarget3D.cs,63,new,0
Libraries/MonoGame.Framework/Src/MonoGame.Framework/Graphics/RenderTargetBinding.cs,145,new,0
Libraries/MonoGame.Framework/Src/MonoGame.Framework/Graphics/RenderTargetCube.DirectX.cs,101,new,0
Libraries/MonoGame.Framework/Src/MonoGame.Framework/Graphics/RenderTargetCube.OpenGL.cs,54,new,0
Libraries/MonoGame.Framework/Src/MonoGame.Framework/Graphics/RenderTargetCube.Web.cs,23,new,0
Libraries/MonoGame.Framework/Src/MonoGame.Framework/Graphics/RenderTargetCube.cs,95,new,0
Libraries/MonoGame.Framework/Src/MonoGame.Framework/Graphics/RenderTargetUsage.cs,26,new,0
Libraries/MonoGame.Framework/Src/MonoGame.Framework/Graphics/ResourceCreatedEventArgs.cs,12,new,0
Libraries/MonoGame.Framework/Src/MonoGame.Framework/Graphics/ResourceDestroyedEventArgs.cs,17,new,0
Libraries/MonoGame.Framework/Src/MonoGame.Framework/Graphics/SamplerStateCollection.DirectX.cs,77,new,0
Libraries/MonoGame.Framework/Src/MonoGame.Framework/Graphics/SamplerStateCollection.OpenGL.cs,52,new,0
Libraries/MonoGame.Framework/Src/MonoGame.Framework/Graphics/SamplerStateCollection.Web.cs,43,new,0
Libraries/MonoGame.Framework/Src/MonoGame.Framework/Graphics/SamplerStateCollection.cs,109,new,0
Libraries/MonoGame.Framework/Src/MonoGame.Framework/Graphics/SetDataOptions.cs,25,new,0
Libraries/MonoGame.Framework/Src/MonoGame.Framework/Graphics/Shader/ConstantBuffer.DirectX.cs,60,new,0
Libraries/MonoGame.Framework/Src/MonoGame.Framework/Graphics/Shader/ConstantBuffer.OpenGL.cs,85,new,0
Libraries/MonoGame.Framework/Src/MonoGame.Framework/Graphics/Shader/ConstantBuffer.Web.cs,26,new,0
Libraries/MonoGame.Framework/Src/MonoGame.Framework/Graphics/Shader/ConstantBuffer.cs,181,new,0
Libraries/MonoGame.Framework/Src/MonoGame.Framework/Graphics/Shader/ConstantBufferCollection.cs,86,new,0
Libraries/MonoGame.Framework/Src/MonoGame.Framework/Graphics/Shader/Shader.DirectX.cs,100,new,0
Libraries/MonoGame.Framework/Src/MonoGame.Framework/Graphics/Shader/Shader.OpenGL.cs,116,new,0
Libraries/MonoGame.Framework/Src/MonoGame.Framework/Graphics/Shader/Shader.Web.cs,27,new,0
Libraries/MonoGame.Framework/Src/MonoGame.Framework/Graphics/Shader/Shader.cs,125,new,0
Libraries/MonoGame.Framework/Src/MonoGame.Framework/Graphics/Shader/ShaderProgramCache.cs,144,new,0
Libraries/MonoGame.Framework/Src/MonoGame.Framework/Graphics/Shader/ShaderStage.cs,8,new,0
Libraries/MonoGame.Framework/Src/MonoGame.Framework/Graphics/SpriteBatch.cs,1370,new,0
Libraries/MonoGame.Framework/Src/MonoGame.Framework/Graphics/SpriteBatchItem.cs,100,new,0
Libraries/MonoGame.Framework/Src/MonoGame.Framework/Graphics/SpriteBatcher.cs,292,new,0
Libraries/MonoGame.Framework/Src/MonoGame.Framework/Graphics/SpriteEffects.cs,28,new,0
Libraries/MonoGame.Framework/Src/MonoGame.Framework/Graphics/SpriteFont.cs,404,new,0
Libraries/MonoGame.Framework/Src/MonoGame.Framework/Graphics/SpriteSortMode.cs,33,new,0
Libraries/MonoGame.Framework/Src/MonoGame.Framework/Graphics/States/Blend.cs,74,new,0
Libraries/MonoGame.Framework/Src/MonoGame.Framework/Graphics/States/BlendFunction.cs,33,new,0
Libraries/MonoGame.Framework/Src/MonoGame.Framework/Graphics/States/BlendState.DirectX.cs,51,new,0
Libraries/MonoGame.Framework/Src/MonoGame.Framework/Graphics/States/BlendState.OpenGL.cs,72,new,0
Libraries/MonoGame.Framework/Src/MonoGame.Framework/Graphics/States/BlendState.Web.cs,18,new,0
Libraries/MonoGame.Framework/Src/MonoGame.Framework/Graphics/States/BlendState.cs,261,new,0
Libraries/MonoGame.Framework/Src/MonoGame.Framework/Graphics/States/CompareFunction.cs,45,new,0
Libraries/MonoGame.Framework/Src/MonoGame.Framework/Graphics/States/CullMode.cs,25,new,0
Libraries/MonoGame.Framework/Src/MonoGame.Framework/Graphics/States/DepthFormat.cs,29,new,0
Libraries/MonoGame.Framework/Src/MonoGame.Framework/Graphics/States/DepthStencilState.DirectX.cs,111,new,0
Libraries/MonoGame.Framework/Src/MonoGame.Framework/Graphics/States/DepthStencilState.OpenGL.cs,218,new,0
Libraries/MonoGame.Framework/Src/MonoGame.Framework/Graphics/States/DepthStencilState.Web.cs,17,new,0
Libraries/MonoGame.Framework/Src/MonoGame.Framework/Graphics/States/DepthStencilState.cs,285,new,0
Libraries/MonoGame.Framework/Src/MonoGame.Framework/Graphics/States/FillMode.cs,21,new,0
Libraries/MonoGame.Framework/Src/MonoGame.Framework/Graphics/States/RasterizerState.DirectX.cs,100,new,0
Libraries/MonoGame.Framework/Src/MonoGame.Framework/Graphics/States/RasterizerState.OpenGL.cs,122,new,0
Libraries/MonoGame.Framework/Src/MonoGame.Framework/Graphics/States/RasterizerState.Web.cs,16,new,0
Libraries/MonoGame.Framework/Src/MonoGame.Framework/Graphics/States/RasterizerState.cs,166,new,0
Libraries/MonoGame.Framework/Src/MonoGame.Framework/Graphics/States/SamplerState.DirectX.cs,163,new,0
Libraries/MonoGame.Framework/Src/MonoGame.Framework/Graphics/States/SamplerState.OpenGL.cs,201,new,0
Libraries/MonoGame.Framework/Src/MonoGame.Framework/Graphics/States/SamplerState.Web.cs,11,new,0
Libraries/MonoGame.Framework/Src/MonoGame.Framework/Graphics/States/SamplerState.cs,217,new,0
Libraries/MonoGame.Framework/Src/MonoGame.Framework/Graphics/States/StencilOperation.cs,45,new,0
Libraries/MonoGame.Framework/Src/MonoGame.Framework/Graphics/States/TargetBlendState.cs,220,new,0
Libraries/MonoGame.Framework/Src/MonoGame.Framework/Graphics/States/TextureAddressMode.cs,29,new,0
Libraries/MonoGame.Framework/Src/MonoGame.Framework/Graphics/States/TextureFilter.cs,49,new,0
Libraries/MonoGame.Framework/Src/MonoGame.Framework/Graphics/States/TextureFilterMode.cs,15,new,0
Libraries/MonoGame.Framework/Src/MonoGame.Framework/Graphics/SurfaceFormat.cs,165,new,0
Libraries/MonoGame.Framework/Src/MonoGame.Framework/Graphics/SwapChainRenderTarget.cs,180,new,0
Libraries/MonoGame.Framework/Src/MonoGame.Framework/Graphics/Texture.DirectX.cs,70,new,0
Libraries/MonoGame.Framework/Src/MonoGame.Framework/Graphics/Texture.OpenGL.cs,46,new,0
Libraries/MonoGame.Framework/Src/MonoGame.Framework/Graphics/Texture.Web.cs,33,new,0
Libraries/MonoGame.Framework/Src/MonoGame.Framework/Graphics/Texture.cs,127,new,0
Libraries/MonoGame.Framework/Src/MonoGame.Framework/Graphics/Texture2D.DirectX.cs,457,new,0
Libraries/MonoGame.Framework/Src/MonoGame.Framework/Graphics/Texture2D.OpenGL.cs,560,new,0
Libraries/MonoGame.Framework/Src/MonoGame.Framework/Graphics/Texture2D.Web.cs,54,new,0
Libraries/MonoGame.Framework/Src/MonoGame.Framework/Graphics/Texture2D.cs,424,new,0
Libraries/MonoGame.Framework/Src/MonoGame.Framework/Graphics/Texture3D.DirectX.cs,153,new,0
Libraries/MonoGame.Framework/Src/MonoGame.Framework/Graphics/Texture3D.OpenGL.cs,72,new,0
Libraries/MonoGame.Framework/Src/MonoGame.Framework/Graphics/Texture3D.Web.cs,57,new,0
Libraries/MonoGame.Framework/Src/MonoGame.Framework/Graphics/Texture3D.cs,165,new,0
Libraries/MonoGame.Framework/Src/MonoGame.Framework/Graphics/TextureCollection.DirectX.cs,101,new,0
Libraries/MonoGame.Framework/Src/MonoGame.Framework/Graphics/TextureCollection.OpenGL.cs,70,new,0
Libraries/MonoGame.Framework/Src/MonoGame.Framework/Graphics/TextureCollection.Web.cs,26,new,0
Libraries/MonoGame.Framework/Src/MonoGame.Framework/Graphics/TextureCollection.cs,73,new,0
Libraries/MonoGame.Framework/Src/MonoGame.Framework/Graphics/TextureCube.DirectX.cs,175,new,0
Libraries/MonoGame.Framework/Src/MonoGame.Framework/Graphics/TextureCube.OpenGL.cs,199,new,0
Libraries/MonoGame.Framework/Src/MonoGame.Framework/Graphics/TextureCube.Web.cs,27,new,0
Libraries/MonoGame.Framework/Src/MonoGame.Framework/Graphics/TextureCube.cs,140,new,0
Libraries/MonoGame.Framework/Src/MonoGame.Framework/Graphics/Vertices/BufferUsage.cs,21,new,0
Libraries/MonoGame.Framework/Src/MonoGame.Framework/Graphics/Vertices/DynamicIndexBuffer.cs,39,new,0
Libraries/MonoGame.Framework/Src/MonoGame.Framework/Graphics/Vertices/DynamicVertexBuffer.cs,41,new,0
Libraries/MonoGame.Framework/Src/MonoGame.Framework/Graphics/Vertices/IVertexType.cs,10,new,0
Libraries/MonoGame.Framework/Src/MonoGame.Framework/Graphics/Vertices/ImmutableVertexInputLayout.cs,48,new,0
Libraries/MonoGame.Framework/Src/MonoGame.Framework/Graphics/Vertices/IndexBuffer.DirectX.cs,172,new,0
Libraries/MonoGame.Framework/Src/MonoGame.Framework/Graphics/Vertices/IndexBuffer.OpenGL.cs,148,new,0
Libraries/MonoGame.Framework/Src/MonoGame.Framework/Graphics/Vertices/IndexBuffer.Web.cs,35,new,0
Libraries/MonoGame.Framework/Src/MonoGame.Framework/Graphics/Vertices/IndexBuffer.cs,125,new,0
Libraries/MonoGame.Framework/Src/MonoGame.Framework/Graphics/Vertices/IndexElementSize.cs,21,new,0
Libraries/MonoGame.Framework/Src/MonoGame.Framework/Graphics/Vertices/InputLayoutCache.cs,181,new,0
Libraries/MonoGame.Framework/Src/MonoGame.Framework/Graphics/Vertices/PrimitiveType.cs,32,new,0
Libraries/MonoGame.Framework/Src/MonoGame.Framework/Graphics/Vertices/VertexBuffer.DirectX.cs,225,new,0
Libraries/MonoGame.Framework/Src/MonoGame.Framework/Graphics/Vertices/VertexBuffer.OpenGL.cs,183,new,0
Libraries/MonoGame.Framework/Src/MonoGame.Framework/Graphics/Vertices/VertexBuffer.Web.cs,48,new,0
Libraries/MonoGame.Framework/Src/MonoGame.Framework/Graphics/Vertices/VertexBuffer.cs,217,new,0
Libraries/MonoGame.Framework/Src/MonoGame.Framework/Graphics/Vertices/VertexBufferBinding.cs,103,new,0
Libraries/MonoGame.Framework/Src/MonoGame.Framework/Graphics/Vertices/VertexBufferBindings.DirectX.cs,30,new,0
Libraries/MonoGame.Framework/Src/MonoGame.Framework/Graphics/Vertices/VertexBufferBindings.cs,169,new,0
Libraries/MonoGame.Framework/Src/MonoGame.Framework/Graphics/Vertices/VertexDeclaration.OpenGL.cs,95,new,0
Libraries/MonoGame.Framework/Src/MonoGame.Framework/Graphics/Vertices/VertexDeclaration.Web.cs,16,new,0
Libraries/MonoGame.Framework/Src/MonoGame.Framework/Graphics/Vertices/VertexDeclaration.cs,316,new,0
Libraries/MonoGame.Framework/Src/MonoGame.Framework/Graphics/Vertices/VertexDeclarationCache.cs,24,new,0
Libraries/MonoGame.Framework/Src/MonoGame.Framework/Graphics/Vertices/VertexElement.DirectX.cs,117,new,0
Libraries/MonoGame.Framework/Src/MonoGame.Framework/Graphics/Vertices/VertexElement.cs,179,new,0
Libraries/MonoGame.Framework/Src/MonoGame.Framework/Graphics/Vertices/VertexElementFormat.cs,61,new,0
Libraries/MonoGame.Framework/Src/MonoGame.Framework/Graphics/Vertices/VertexElementUsage.cs,65,new,0
Libraries/MonoGame.Framework/Src/MonoGame.Framework/Graphics/Vertices/VertexInputLayout.DirectX.cs,48,new,0
Libraries/MonoGame.Framework/Src/MonoGame.Framework/Graphics/Vertices/VertexInputLayout.cs,165,new,0
Libraries/MonoGame.Framework/Src/MonoGame.Framework/Graphics/Vertices/VertexPosition.cs,69,new,0
Libraries/MonoGame.Framework/Src/MonoGame.Framework/Graphics/Vertices/VertexPositionColor.cs,74,new,0
Libraries/MonoGame.Framework/Src/MonoGame.Framework/Graphics/Vertices/VertexPositionColorTexture.cs,76,new,0
Libraries/MonoGame.Framework/Src/MonoGame.Framework/Graphics/Vertices/VertexPositionNormalTexture.cs,73,new,0
Libraries/MonoGame.Framework/Src/MonoGame.Framework/Graphics/Vertices/VertexPositionTexture.cs,69,new,0
Libraries/MonoGame.Framework/Src/MonoGame.Framework/Graphics/Viewport.cs,263,new,0
Libraries/MonoGame.Framework/Src/MonoGame.Framework/Graphics/WindowInfo.SDL.cs,14,new,0
Libraries/MonoGame.Framework/Src/MonoGame.Framework/GraphicsDeviceInformation.cs,35,new,0
Libraries/MonoGame.Framework/Src/MonoGame.Framework/GraphicsDeviceManager.SDL.cs,51,new,0
Libraries/MonoGame.Framework/Src/MonoGame.Framework/GraphicsDeviceManager.cs,579,new,0
Libraries/MonoGame.Framework/Src/MonoGame.Framework/IDrawable.cs,20,new,0
Libraries/MonoGame.Framework/Src/MonoGame.Framework/IGameComponent.cs,12,new,0
Libraries/MonoGame.Framework/Src/MonoGame.Framework/IGraphicsDeviceManager.cs,30,new,0
Libraries/MonoGame.Framework/Src/MonoGame.Framework/IUpdateable.cs,27,new,0
Libraries/MonoGame.Framework/Src/MonoGame.Framework/Input/ButtonState.cs,22,new,0
Libraries/MonoGame.Framework/Src/MonoGame.Framework/Input/Buttons.cs,140,new,0
Libraries/MonoGame.Framework/Src/MonoGame.Framework/Input/GamePad.Android.cs,356,new,0
Libraries/MonoGame.Framework/Src/MonoGame.Framework/Input/GamePad.IOS.cs,229,new,0
Libraries/MonoGame.Framework/Src/MonoGame.Framework/Input/GamePad.MacOS.cs,35,new,0
Libraries/MonoGame.Framework/Src/MonoGame.Framework/Input/GamePad.SDL.cs,309,new,0
Libraries/MonoGame.Framework/Src/MonoGame.Framework/Input/GamePad.UWP.cs,170,new,0
Libraries/MonoGame.Framework/Src/MonoGame.Framework/Input/GamePad.Web.cs,135,new,0
Libraries/MonoGame.Framework/Src/MonoGame.Framework/Input/GamePad.XInput.cs,314,new,0
Libraries/MonoGame.Framework/Src/MonoGame.Framework/Input/GamePad.cs,147,new,0
Libraries/MonoGame.Framework/Src/MonoGame.Framework/Input/GamePad.tvOS.cs,224,new,0
Libraries/MonoGame.Framework/Src/MonoGame.Framework/Input/GamePadButtons.cs,221,new,0
Libraries/MonoGame.Framework/Src/MonoGame.Framework/Input/GamePadCapabilities.cs,297,new,0
Libraries/MonoGame.Framework/Src/MonoGame.Framework/Input/GamePadDPad.cs,132,new,0
Libraries/MonoGame.Framework/Src/MonoGame.Framework/Input/GamePadDeadZone.cs,31,new,0
Libraries/MonoGame.Framework/Src/MonoGame.Framework/Input/GamePadState.cs,227,new,0
Libraries/MonoGame.Framework/Src/MonoGame.Framework/Input/GamePadThumbSticks.cs,192,new,0
Libraries/MonoGame.Framework/Src/MonoGame.Framework/Input/GamePadTriggers.cs,89,new,0
Libraries/MonoGame.Framework/Src/MonoGame.Framework/Input/GamePadType.cs,62,new,0
Libraries/MonoGame.Framework/Src/MonoGame.Framework/Input/GamepadUtil.Web.cs,97,new,0
Libraries/MonoGame.Framework/Src/MonoGame.Framework/Input/Joystick.Default.cs,37,new,0
Libraries/MonoGame.Framework/Src/MonoGame.Framework/Input/Joystick.SDL.cs,123,new,0
Libraries/MonoGame.Framework/Src/MonoGame.Framework/Input/Joystick.Web.cs,90,new,0
Libraries/MonoGame.Framework/Src/MonoGame.Framework/Input/Joystick.cs,41,new,0
Libraries/MonoGame.Framework/Src/MonoGame.Framework/Input/JoystickCapabilities.cs,108,new,0
Libraries/MonoGame.Framework/Src/MonoGame.Framework/Input/JoystickHat.cs,105,new,0
Libraries/MonoGame.Framework/Src/MonoGame.Framework/Input/JoystickState.cs,135,new,0
Libraries/MonoGame.Framework/Src/MonoGame.Framework/Input/KeyState.cs,58,new,0
Libraries/MonoGame.Framework/Src/MonoGame.Framework/Input/Keyboard.Default.cs,23,new,0
Libraries/MonoGame.Framework/Src/MonoGame.Framework/Input/Keyboard.SDL.cs,64,new,0
Libraries/MonoGame.Framework/Src/MonoGame.Framework/Input/Keyboard.WinRT.cs,40,new,0
Libraries/MonoGame.Framework/Src/MonoGame.Framework/Input/Keyboard.Windows.cs,69,new,0
Libraries/MonoGame.Framework/Src/MonoGame.Framework/Input/Keyboard.cs,34,new,0
Libraries/MonoGame.Framework/Src/MonoGame.Framework/Input/KeyboardInput.Android.cs,64,new,0
Libraries/MonoGame.Framework/Src/MonoGame.Framework/Input/KeyboardInput.WinRT.cs,764,new,0
Libraries/MonoGame.Framework/Src/MonoGame.Framework/Input/KeyboardInput.Windows.cs,97,new,0
Libraries/MonoGame.Framework/Src/MonoGame.Framework/Input/KeyboardInput.cs,58,new,0
Libraries/MonoGame.Framework/Src/MonoGame.Framework/Input/KeyboardInput.iOS.cs,56,new,0
Libraries/MonoGame.Framework/Src/MonoGame.Framework/Input/KeyboardState.cs,303,new,0
Libraries/MonoGame.Framework/Src/MonoGame.Framework/Input/KeyboardUtil.SDL.cs,201,new,0
Libraries/MonoGame.Framework/Src/MonoGame.Framework/Input/KeyboardUtil.Web.cs,209,new,0
Libraries/MonoGame.Framework/Src/MonoGame.Framework/Input/Keys.cs,653,new,0
Libraries/MonoGame.Framework/Src/MonoGame.Framework/Input/MessageBox.Android.cs,65,new,0
Libraries/MonoGame.Framework/Src/MonoGame.Framework/Input/MessageBox.WinRT.cs,62,new,0
Libraries/MonoGame.Framework/Src/MonoGame.Framework/Input/MessageBox.Windows.cs,81,new,0
Libraries/MonoGame.Framework/Src/MonoGame.Framework/Input/MessageBox.cs,63,new,0
Libraries/MonoGame.Framework/Src/MonoGame.Framework/Input/MessageBox.iOS.cs,44,new,0
Libraries/MonoGame.Framework/Src/MonoGame.Framework/Input/Mouse.Default.cs,36,new,0
Libraries/MonoGame.Framework/Src/MonoGame.Framework/Input/Mouse.MacOS.cs,77,new,0
Libraries/MonoGame.Framework/Src/MonoGame.Framework/Input/Mouse.SDL.cs,64,new,0
Libraries/MonoGame.Framework/Src/MonoGame.Framework/Input/Mouse.Windows.cs,48,new,0
Libraries/MonoGame.Framework/Src/MonoGame.Framework/Input/Mouse.cs,70,new,0
Libraries/MonoGame.Framework/Src/MonoGame.Framework/Input/MouseCursor.Default.cs,37,new,0
Libraries/MonoGame.Framework/Src/MonoGame.Framework/Input/MouseCursor.SDL.cs,69,new,0
Libraries/MonoGame.Framework/Src/MonoGame.Framework/Input/MouseCursor.Windows.cs,97,new,0
Libraries/MonoGame.Framework/Src/MonoGame.Framework/Input/MouseCursor.cs,112,new,0
Libraries/MonoGame.Framework/Src/MonoGame.Framework/Input/MouseState.cs,258,new,0
Libraries/MonoGame.Framework/Src/MonoGame.Framework/Input/Touch/GestureSample.cs,148,new,0
Libraries/MonoGame.Framework/Src/MonoGame.Framework/Input/Touch/GestureType.cs,103,new,0
Libraries/MonoGame.Framework/Src/MonoGame.Framework/Input/Touch/TouchCollection.cs,278,new,0
Libraries/MonoGame.Framework/Src/MonoGame.Framework/Input/Touch/TouchLocation.cs,348,new,0
Libraries/MonoGame.Framework/Src/MonoGame.Framework/Input/Touch/TouchLocationState.cs,70,new,0
Libraries/MonoGame.Framework/Src/MonoGame.Framework/Input/Touch/TouchPanel.cs,156,new,0
Libraries/MonoGame.Framework/Src/MonoGame.Framework/Input/Touch/TouchPanelCapabilities.cs,112,new,0
Libraries/MonoGame.Framework/Src/MonoGame.Framework/Input/Touch/TouchPanelState.cs,734,new,0
Libraries/MonoGame.Framework/Src/MonoGame.Framework/Input/Touch/TouchQueue.cs,42,new,0
Libraries/MonoGame.Framework/Src/MonoGame.Framework/LaunchParameters.cs,12,new,0
Libraries/MonoGame.Framework/Src/MonoGame.Framework/MessageBox.cs,47,new,0
Libraries/MonoGame.Framework/Src/MonoGame.Framework/NamespaceDocs.cs,36,new,0
Libraries/MonoGame.Framework/Src/MonoGame.Framework/PlayerIndex.cs,29,new,0
Libraries/MonoGame.Framework/Src/MonoGame.Framework/PreparingDeviceSettingsEventArgs.cs,29,new,0
Libraries/MonoGame.Framework/Src/MonoGame.Framework/Properties/AssemblyInfo.Android.cs,7,new,0
Libraries/MonoGame.Framework/Src/MonoGame.Framework/Properties/AssemblyInfo.Angle.cs,7,new,0
Libraries/MonoGame.Framework/Src/MonoGame.Framework/Properties/AssemblyInfo.DesktopGL.cs,7,new,0
Libraries/MonoGame.Framework/Src/MonoGame.Framework/Properties/AssemblyInfo.Mac.cs,7,new,0
Libraries/MonoGame.Framework/Src/MonoGame.Framework/Properties/AssemblyInfo.TVOS.cs,7,new,0
Libraries/MonoGame.Framework/Src/MonoGame.Framework/Properties/AssemblyInfo.UniversalWindowsPlatform.cs,7,new,0
Libraries/MonoGame.Framework/Src/MonoGame.Framework/Properties/AssemblyInfo.Web.cs,7,new,0
Libraries/MonoGame.Framework/Src/MonoGame.Framework/Properties/AssemblyInfo.Windows.cs,7,new,0
Libraries/MonoGame.Framework/Src/MonoGame.Framework/Properties/AssemblyInfo.cs,43,new,0
Libraries/MonoGame.Framework/Src/MonoGame.Framework/Properties/AssemblyInfo.iOS.cs,7,new,0
Libraries/MonoGame.Framework/Src/MonoGame.Framework/ReusableItemList.cs,170,new,0
Libraries/MonoGame.Framework/Src/MonoGame.Framework/SDL/SDL2.cs,1202,new,0
Libraries/MonoGame.Framework/Src/MonoGame.Framework/SDL/SDLGamePlatform.cs,285,new,0
Libraries/MonoGame.Framework/Src/MonoGame.Framework/SDL/SDLGameWindow.cs,394,new,0
Libraries/MonoGame.Framework/Src/MonoGame.Framework/TextEditingEventArgs.cs,17,new,0
Libraries/MonoGame.Framework/Src/MonoGame.Framework/TextInput.cs,34,new,0
Libraries/MonoGame.Framework/Src/MonoGame.Framework/TextInputEventArgs.cs,32,new,0
Libraries/MonoGame.Framework/Src/MonoGame.Framework/Threading.cs,137,new,0
Libraries/MonoGame.Framework/Src/MonoGame.Framework/TitleContainer.Desktop.cs,34,new,0
Libraries/MonoGame.Framework/Src/MonoGame.Framework/TitleContainer.cs,75,new,0
Libraries/MonoGame.Framework/Src/MonoGame.Framework/Utilities/AssemblyHelper.cs,41,new,0
Libraries/MonoGame.Framework/Src/MonoGame.Framework/Utilities/ByteBufferPool.cs,88,new,0
Libraries/MonoGame.Framework/Src/MonoGame.Framework/Utilities/CurrentPlatform.cs,86,new,0
Libraries/MonoGame.Framework/Src/MonoGame.Framework/Utilities/Deflate/CRC32.cs,808,new,0
Libraries/MonoGame.Framework/Src/MonoGame.Framework/Utilities/Deflate/Deflate.cs,1879,new,0
Libraries/MonoGame.Framework/Src/MonoGame.Framework/Utilities/Deflate/DeflateStream.cs,740,new,0
Libraries/MonoGame.Framework/Src/MonoGame.Framework/Utilities/Deflate/GZipStream.cs,1033,new,0
Libraries/MonoGame.Framework/Src/MonoGame.Framework/Utilities/Deflate/InfTree.cs,436,new,0
Libraries/MonoGame.Framework/Src/MonoGame.Framework/Utilities/Deflate/Inflate.cs,1796,new,0
Libraries/MonoGame.Framework/Src/MonoGame.Framework/Utilities/Deflate/Tree.cs,423,new,0
Libraries/MonoGame.Framework/Src/MonoGame.Framework/Utilities/Deflate/Zlib.cs,546,new,0
Libraries/MonoGame.Framework/Src/MonoGame.Framework/Utilities/Deflate/ZlibBaseStream.cs,627,new,0
Libraries/MonoGame.Framework/Src/MonoGame.Framework/Utilities/Deflate/ZlibCodec.cs,712,new,0
Libraries/MonoGame.Framework/Src/MonoGame.Framework/Utilities/Deflate/ZlibConstants.cs,128,new,0
Libraries/MonoGame.Framework/Src/MonoGame.Framework/Utilities/Deflate/ZlibStream.cs,725,new,0
Libraries/MonoGame.Framework/Src/MonoGame.Framework/Utilities/FileHelpers.cs,90,new,0
Libraries/MonoGame.Framework/Src/MonoGame.Framework/Utilities/FuncLoader.Android.cs,40,new,0
Libraries/MonoGame.Framework/Src/MonoGame.Framework/Utilities/FuncLoader.Desktop.cs,74,new,0
Libraries/MonoGame.Framework/Src/MonoGame.Framework/Utilities/FuncLoader.iOS.cs,33,new,0
Libraries/MonoGame.Framework/Src/MonoGame.Framework/Utilities/Hash.cs,76,new,0
Libraries/MonoGame.Framework/Src/MonoGame.Framework/Utilities/Imaging/ImageReader.cs,59,new,0
Libraries/MonoGame.Framework/Src/MonoGame.Framework/Utilities/Imaging/ImageWriter.cs,74,new,0
Libraries/MonoGame.Framework/Src/MonoGame.Framework/Utilities/Imaging/Operations.cs,94,new,0
Libraries/MonoGame.Framework/Src/MonoGame.Framework/Utilities/Imaging/PinnedArray.cs,143,new,0
Libraries/MonoGame.Framework/Src/MonoGame.Framework/Utilities/Imaging/Stb.Image.Generated.cs,4792,new,0
Libraries/MonoGame.Framework/Src/MonoGame.Framework/Utilities/Imaging/Stb.Image.cs,318,new,0
Libraries/MonoGame.Framework/Src/MonoGame.Framework/Utilities/Imaging/Stb.ImageWrite.Generated.cs,1398,new,0
Libraries/MonoGame.Framework/Src/MonoGame.Framework/Utilities/Imaging/Stb.ImageWrite.cs,138,new,0
Libraries/MonoGame.Framework/Src/MonoGame.Framework/Utilities/InteropHelpers.cs,35,new,0
Libraries/MonoGame.Framework/Src/MonoGame.Framework/Utilities/Lz4Stream/Lz4DecoderStream.cs,549,new,0
Libraries/MonoGame.Framework/Src/MonoGame.Framework/Utilities/LzxStream/LzxDecoderStream.cs,148,new,0
Libraries/MonoGame.Framework/Src/MonoGame.Framework/Utilities/Png/PngCommon.cs,667,new,0
Libraries/MonoGame.Framework/Src/MonoGame.Framework/Utilities/Png/PngReader.cs,347,new,0
Libraries/MonoGame.Framework/Src/MonoGame.Framework/Utilities/Png/PngWriter.cs,369,new,0
Libraries/MonoGame.Framework/Src/MonoGame.Framework/Utilities/ReflectionHelpers.Default.cs,36,new,0
Libraries/MonoGame.Framework/Src/MonoGame.Framework/Utilities/ReflectionHelpers.Legacy.cs,37,new,0
Libraries/MonoGame.Framework/Src/MonoGame.Framework/Utilities/ReflectionHelpers.cs,178,new,0
Libraries/MonoGame.Framework/Src/MonoGame.Framework/Utilities/TimerHelper.cs,47,new,0
Libraries/MonoGame.Framework/Src/MonoGame.Framework/Utilities/ZLibStream/ZlibStream.cs,9319,new,0
Libraries/MonoGame.Framework/Src/MonoGame.Framework/Windows/GamerServices/Guide.cs,427,new,0
Libraries/MonoGame.Framework/Src/MonoGame.Framework/Windows/GamerServices/MonoGameGamerServicesHelper.cs,151,new,0
Libraries/MonoGame.Framework/Src/MonoGame.Framework/Windows/GamerServices/SignedInGamer.cs,327,new,0
Libraries/MonoGame.Framework/Src/MonoGame.Framework/Windows/HorizontalMouseWheelEventArgs.cs,14,new,0
Libraries/MonoGame.Framework/Src/MonoGame.Framework/Windows/SharpDXHelper.cs,184,new,0
Libraries/SharpFont/Source/SharpFontShared/AutoHinterScript.cs,138,new,0
Libraries/SharpFont/Source/SharpFontShared/BBox.cs,190,new,0
Libraries/SharpFont/Source/SharpFontShared/Bdf/Internal/PropertyRec.cs,45,new,0
Libraries/SharpFont/Source/SharpFontShared/Bdf/Property.cs,121,new,0
Libraries/SharpFont/Source/SharpFontShared/Bdf/PropertyType.cs,46,new,0
Libraries/SharpFont/Source/SharpFontShared/BitmapGlyph.cs,207,new,0
Libraries/SharpFont/Source/SharpFontShared/BitmapSize.cs,145,new,0
Libraries/SharpFont/Source/SharpFontShared/Cache/CMapCache.cs,100,new,0
Libraries/SharpFont/Source/SharpFontShared/Cache/FaceRequester.cs,47,new,0
Libraries/SharpFont/Source/SharpFontShared/Cache/ImageCache.cs,173,new,0
Libraries/SharpFont/Source/SharpFontShared/Cache/ImageType.cs,116,new,0
Libraries/SharpFont/Source/SharpFontShared/Cache/Internal/CMapCacheRec.cs,34,new,0
Libraries/SharpFont/Source/SharpFontShared/Cache/Internal/ImageCacheRec.cs,34,new,0
Libraries/SharpFont/Source/SharpFontShared/Cache/Internal/ImageTypeRec.cs,38,new,0
Libraries/SharpFont/Source/SharpFontShared/Cache/Internal/ManagerRec.cs,34,new,0
Libraries/SharpFont/Source/SharpFontShared/Cache/Internal/NodeRec.cs,34,new,0
Libraries/SharpFont/Source/SharpFontShared/Cache/Internal/SBitCacheRec.cs,34,new,0
Libraries/SharpFont/Source/SharpFontShared/Cache/Internal/SBitRec.cs,46,new,0
Libraries/SharpFont/Source/SharpFontShared/Cache/Internal/ScalerRec.cs,40,new,0
Libraries/SharpFont/Source/SharpFontShared/Cache/Manager.cs,274,new,0
Libraries/SharpFont/Source/SharpFontShared/Cache/Node.cs,87,new,0
Libraries/SharpFont/Source/SharpFontShared/Cache/SBit.cs,185,new,0
Libraries/SharpFont/Source/SharpFontShared/Cache/SBitCache.cs,173,new,0
Libraries/SharpFont/Source/SharpFontShared/Cache/Scaler.cs,146,new,0
Libraries/SharpFont/Source/SharpFontShared/Cff/HintingEngine.cs,40,new,0
Libraries/SharpFont/Source/SharpFontShared/CharMap.cs,170,new,0
Libraries/SharpFont/Source/SharpFontShared/ClassicKernValidationFlags.cs,47,new,0
Libraries/SharpFont/Source/SharpFontShared/Data.cs,89,new,0
Libraries/SharpFont/Source/SharpFontShared/EmbeddingTypes.cs,88,new,0
Libraries/SharpFont/Source/SharpFontShared/Encoding.cs,135,new,0
Libraries/SharpFont/Source/SharpFontShared/Error.cs,298,new,0
Libraries/SharpFont/Source/SharpFontShared/FT.Internal.cs,770,new,0
Libraries/SharpFont/Source/SharpFontShared/FT.Public.cs,262,new,0
Libraries/SharpFont/Source/SharpFontShared/FTBitmap.cs,546,new,0
Libraries/SharpFont/Source/SharpFontShared/FTList.cs,195,new,0
Libraries/SharpFont/Source/SharpFontShared/FTMatrix.cs,250,new,0
Libraries/SharpFont/Source/SharpFontShared/FTSize.cs,269,new,0
Libraries/SharpFont/Source/SharpFontShared/FTStream.cs,315,new,0
Libraries/SharpFont/Source/SharpFontShared/FTUnitVector.cs,46,new,0
Libraries/SharpFont/Source/SharpFontShared/FTVector.cs,240,new,0
Libraries/SharpFont/Source/SharpFontShared/FTVector26Dot6.cs,164,new,0
Libraries/SharpFont/Source/SharpFontShared/Face.cs,2412,new,0
Libraries/SharpFont/Source/SharpFontShared/FaceFlags.cs,145,new,0
Libraries/SharpFont/Source/SharpFontShared/Fixed16Dot16.cs,752,new,0
Libraries/SharpFont/Source/SharpFontShared/Fixed26Dot6.cs,579,new,0
Libraries/SharpFont/Source/SharpFontShared/Fixed2Dot14.cs,546,new,0
Libraries/SharpFont/Source/SharpFontShared/Fnt/Header.cs,594,new,0
Libraries/SharpFont/Source/SharpFontShared/Fnt/Internal/HeaderRec.cs,77,new,0
Libraries/SharpFont/Source/SharpFontShared/Fnt/WinFntID.cs,148,new,0
Libraries/SharpFont/Source/SharpFontShared/FreeTypeException.cs,153,new,0
Libraries/SharpFont/Source/SharpFontShared/Gasp.cs,70,new,0
Libraries/SharpFont/Source/SharpFontShared/Generic.cs,156,new,0
Libraries/SharpFont/Source/SharpFontShared/Glyph.cs,444,new,0
Libraries/SharpFont/Source/SharpFontShared/GlyphBBoxMode.cs,50,new,0
Libraries/SharpFont/Source/SharpFontShared/GlyphFormat.cs,67,new,0
Libraries/SharpFont/Source/SharpFontShared/GlyphMetrics.cs,180,new,0
Libraries/SharpFont/Source/SharpFontShared/GlyphSlot.cs,475,new,0
Libraries/SharpFont/Source/SharpFontShared/GlyphToScriptMapProperty.cs,96,new,0
Libraries/SharpFont/Source/SharpFontShared/IncreaseXHeightProperty.cs,97,new,0
Libraries/SharpFont/Source/SharpFontShared/Internal/BitmapGlyphRec.cs,38,new,0
Libraries/SharpFont/Source/SharpFontShared/Internal/BitmapRec.cs,48,new,0
Libraries/SharpFont/Source/SharpFontShared/Internal/BitmapSizeRec.cs,52,new,0
Libraries/SharpFont/Source/SharpFontShared/Internal/CharMapRec.cs,46,new,0
Libraries/SharpFont/Source/SharpFontShared/Internal/FaceRec.cs,90,new,0
Libraries/SharpFont/Source/SharpFontShared/Internal/GenericRec.cs,36,new,0
Libraries/SharpFont/Source/SharpFontShared/Internal/GlyphMetricsRec.cs,53,new,0
Libraries/SharpFont/Source/SharpFontShared/Internal/GlyphRec.cs,38,new,0
Libraries/SharpFont/Source/SharpFontShared/Internal/GlyphSlotRec.cs,74,new,0
Libraries/SharpFont/Source/SharpFontShared/Internal/GlyphToScriptMapPropertyRec.cs,36,new,0
Libraries/SharpFont/Source/SharpFontShared/Internal/IncreaseXHeightPropertyRec.cs,36,new,0
Libraries/SharpFont/Source/SharpFontShared/Internal/ListNodeRec.cs,39,new,0
Libraries/SharpFont/Source/SharpFontShared/Internal/ListRec.cs,36,new,0
Libraries/SharpFont/Source/SharpFontShared/Internal/MemoryRec.cs,40,new,0
Libraries/SharpFont/Source/SharpFontShared/Internal/ModuleClassRec.cs,50,new,0
Libraries/SharpFont/Source/SharpFontShared/Internal/NativeObject.cs,33,new,0
Libraries/SharpFont/Source/SharpFontShared/Internal/NativeReference.cs,58,new,0
Libraries/SharpFont/Source/SharpFontShared/Internal/OpenArgsRec.cs,48,new,0
Libraries/SharpFont/Source/SharpFontShared/Internal/OutlineFuncsRec.cs,43,new,0
Libraries/SharpFont/Source/SharpFontShared/Internal/OutlineGlyphRec.cs,36,new,0
Libraries/SharpFont/Source/SharpFontShared/Internal/OutlineRec.cs,42,new,0
Libraries/SharpFont/Source/SharpFontShared/Internal/ParameterRec.cs,41,new,0
Libraries/SharpFont/Source/SharpFontShared/Internal/RasterFuncsRec.cs,40,new,0
Libraries/SharpFont/Source/SharpFontShared/Internal/RasterParamsRec.cs,50,new,0
Libraries/SharpFont/Source/SharpFontShared/Internal/RendererClassRec.cs,44,new,0
Libraries/SharpFont/Source/SharpFontShared/Internal/SizeMetricsRec.cs,46,new,0
Libraries/SharpFont/Source/SharpFontShared/Internal/SizeRec.cs,39,new,0
Libraries/SharpFont/Source/SharpFontShared/Internal/SizeRequestRec.cs,48,new,0
Libraries/SharpFont/Source/SharpFontShared/Internal/SpanRec.cs,39,new,0
Libraries/SharpFont/Source/SharpFontShared/Internal/StreamDescRec.cs,42,new,0
Libraries/SharpFont/Source/SharpFontShared/Internal/StreamRec.cs,51,new,0
Libraries/SharpFont/Source/SharpFontShared/KerningMode.cs,49,new,0
Libraries/SharpFont/Source/SharpFontShared/LcdFilter.cs,61,new,0
Libraries/SharpFont/Source/SharpFontShared/Library.cs,897,new,0
Libraries/SharpFont/Source/SharpFontShared/ListNode.cs,108,new,0
Libraries/SharpFont/Source/SharpFontShared/LoadFlags.cs,196,new,0
Libraries/SharpFont/Source/SharpFontShared/LoadTarget.cs,88,new,0
Libraries/SharpFont/Source/SharpFontShared/Memory.cs,174,new,0
Libraries/SharpFont/Source/SharpFontShared/Module.cs,43,new,0
Libraries/SharpFont/Source/SharpFontShared/ModuleClass.cs,194,new,0
Libraries/SharpFont/Source/SharpFontShared/MultipleMasters/Internal/MMAxisRec.cs,42,new,0
Libraries/SharpFont/Source/SharpFontShared/MultipleMasters/Internal/MMVarRec.cs,39,new,0
Libraries/SharpFont/Source/SharpFontShared/MultipleMasters/Internal/MultiMasterRec.cs,39,new,0
Libraries/SharpFont/Source/SharpFontShared/MultipleMasters/Internal/VarAxisRec.cs,46,new,0
Libraries/SharpFont/Source/SharpFontShared/MultipleMasters/Internal/VarNamedStyleRec.cs,36,new,0
Libraries/SharpFont/Source/SharpFontShared/MultipleMasters/MMAxis.cs,111,new,0
Libraries/SharpFont/Source/SharpFontShared/MultipleMasters/MMVar.cs,134,new,0
Libraries/SharpFont/Source/SharpFontShared/MultipleMasters/MultiMaster.cs,114,new,0
Libraries/SharpFont/Source/SharpFontShared/MultipleMasters/VarAxis.cs,140,new,0
Libraries/SharpFont/Source/SharpFontShared/MultipleMasters/VarNamedStyle.cs,96,new,0
Libraries/SharpFont/Source/SharpFontShared/OpenArgs.cs,204,new,0
Libraries/SharpFont/Source/SharpFontShared/OpenFlags.cs,54,new,0
Libraries/SharpFont/Source/SharpFontShared/OpenTypeValidationFlags.cs,58,new,0
Libraries/SharpFont/Source/SharpFontShared/Orientation.cs,66,new,0
Libraries/SharpFont/Source/SharpFontShared/Outline.cs,698,new,0
Libraries/SharpFont/Source/SharpFontShared/OutlineFlags.cs,102,new,0
Libraries/SharpFont/Source/SharpFontShared/OutlineFuncs.cs,404,new,0
Libraries/SharpFont/Source/SharpFontShared/OutlineGlyph.cs,177,new,0
Libraries/SharpFont/Source/SharpFontShared/PInvokeHelper.cs,78,new,0
Libraries/SharpFont/Source/SharpFontShared/ParamTag.cs,62,new,0
Libraries/SharpFont/Source/SharpFontShared/Parameter.cs,106,new,0
Libraries/SharpFont/Source/SharpFontShared/PixelMode.cs,87,new,0
Libraries/SharpFont/Source/SharpFontShared/PostScript/BlendFlags.cs,105,new,0
Libraries/SharpFont/Source/SharpFontShared/PostScript/DictionaryKeys.cs,271,new,0
Libraries/SharpFont/Source/SharpFontShared/PostScript/EncodingType.cs,55,new,0
Libraries/SharpFont/Source/SharpFontShared/PostScript/FaceDict.cs,209,new,0
Libraries/SharpFont/Source/SharpFontShared/PostScript/FaceInfo.cs,267,new,0
Libraries/SharpFont/Source/SharpFontShared/PostScript/FontInfo.cs,157,new,0
Libraries/SharpFont/Source/SharpFontShared/PostScript/Internal/FaceDictRec.cs,54,new,0
Libraries/SharpFont/Source/SharpFontShared/PostScript/Internal/FaceInfoRec.cs,69,new,0
Libraries/SharpFont/Source/SharpFontShared/PostScript/Internal/FontInfoRec.cs,56,new,0
Libraries/SharpFont/Source/SharpFontShared/PostScript/Internal/PrivateRec.cs,82,new,0
Libraries/SharpFont/Source/SharpFontShared/PostScript/Private.cs,346,new,0
Libraries/SharpFont/Source/SharpFontShared/Properties/AssemblyInfo.cs,67,new,0
Libraries/SharpFont/Source/SharpFontShared/Raster.cs,44,new,0
Libraries/SharpFont/Source/SharpFontShared/RasterFlags.cs,64,new,0
Libraries/SharpFont/Source/SharpFontShared/RasterFuncs.cs,210,new,0
Libraries/SharpFont/Source/SharpFontShared/RasterParams.cs,237,new,0
Libraries/SharpFont/Source/SharpFontShared/RenderMode.cs,80,new,0
Libraries/SharpFont/Source/SharpFontShared/Renderer.cs,69,new,0
Libraries/SharpFont/Source/SharpFontShared/RendererClass.cs,150,new,0
Libraries/SharpFont/Source/SharpFontShared/SizeMetrics.cs,167,new,0
Libraries/SharpFont/Source/SharpFontShared/SizeRequest.cs,205,new,0
Libraries/SharpFont/Source/SharpFontShared/SizeRequestType.cs,70,new,0
Libraries/SharpFont/Source/SharpFontShared/Span.cs,112,new,0
Libraries/SharpFont/Source/SharpFontShared/StreamDesc.cs,94,new,0
Libraries/SharpFont/Source/SharpFontShared/Stroker.cs,392,new,0
Libraries/SharpFont/Source/SharpFontShared/StrokerBorder.cs,53,new,0
Libraries/SharpFont/Source/SharpFontShared/StrokerLineCap.cs,49,new,0
Libraries/SharpFont/Source/SharpFontShared/StrokerLineJoin.cs,69,new,0
Libraries/SharpFont/Source/SharpFontShared/StyleFlags.cs,49,new,0
Libraries/SharpFont/Source/SharpFontShared/SubGlyph.cs,73,new,0
Libraries/SharpFont/Source/SharpFontShared/SubGlyphFlags.cs,71,new,0
Libraries/SharpFont/Source/SharpFontShared/TrueType/EncodingId.cs,230,new,0
Libraries/SharpFont/Source/SharpFontShared/TrueType/EngineType.cs,55,new,0
Libraries/SharpFont/Source/SharpFontShared/TrueType/Header.cs,396,new,0
Libraries/SharpFont/Source/SharpFontShared/TrueType/HoriHeader.cs,274,new,0
Libraries/SharpFont/Source/SharpFontShared/TrueType/Internal/HeaderRec.cs,65,new,0
Libraries/SharpFont/Source/SharpFontShared/TrueType/Internal/HoriHeaderRec.cs,73,new,0
Libraries/SharpFont/Source/SharpFontShared/TrueType/Internal/MaxProfileRec.cs,52,new,0
Libraries/SharpFont/Source/SharpFontShared/TrueType/Internal/OS2Rec.cs,113,new,0
Libraries/SharpFont/Source/SharpFontShared/TrueType/Internal/PCLTRec.cs,85,new,0
Libraries/SharpFont/Source/SharpFontShared/TrueType/Internal/PostscriptRec.cs,46,new,0
Libraries/SharpFont/Source/SharpFontShared/TrueType/Internal/SfntNameRec.cs,41,new,0
Libraries/SharpFont/Source/SharpFontShared/TrueType/Internal/VertHeaderRec.cs,73,new,0
Libraries/SharpFont/Source/SharpFontShared/TrueType/MaxProfile.cs,258,new,0
Libraries/SharpFont/Source/SharpFontShared/TrueType/OS2.cs,532,new,0
Libraries/SharpFont/Source/SharpFontShared/TrueType/Pclt.cs,251,new,0
Libraries/SharpFont/Source/SharpFontShared/TrueType/PlatformId.cs,74,new,0
Libraries/SharpFont/Source/SharpFontShared/TrueType/Postscript.cs,179,new,0
Libraries/SharpFont/Source/SharpFontShared/TrueType/SfntName.cs,152,new,0
Libraries/SharpFont/Source/SharpFontShared/TrueType/SfntTag.cs,70,new,0
Libraries/SharpFont/Source/SharpFontShared/TrueType/VertHeader.cs,273,new,0
Libraries/SharpFont/Source/SharpFontShared/TrueTypeValidationFlags.cs,70,new,0
Libraries/XNATypes/BoundingBox.cs,538,new,0
Libraries/XNATypes/BoundingFrustum.cs,578,new,0
Libraries/XNATypes/BoundingSphere.cs,640,new,0
Libraries/XNATypes/Color.cs,1821,new,0
Libraries/XNATypes/ContainmentType.cs,25,new,0
Libraries/XNATypes/MathHelper.cs,320,new,0
Libraries/XNATypes/Matrix.cs,2474,new,0
Libraries/XNATypes/Plane.cs,296,new,0
Libraries/XNATypes/PlaneIntersectionType.cs,25,new,0
Libraries/XNATypes/Point.cs,220,new,0
Libraries/XNATypes/Quaternion.cs,1169,new,0
Libraries/XNATypes/Ray.cs,272,new,0
Libraries/XNATypes/Rectangle.cs,555,new,0
Libraries/XNATypes/RectangleF.cs,551,new,0
Libraries/XNATypes/Vector2.cs,1163,new,0
Libraries/XNATypes/Vector3.cs,1374,new,0
Libraries/XNATypes/Vector4.cs,1298,new,0
